transaction_id,sender_id,receiver_id,amount,timestamp
TXN000001,ACC_CYCLE_1_1,ACC_CYCLE_1_2,5000.0,2026-01-01 05:00:00
TXN000002,ACC_CYCLE_1_2,ACC_CYCLE_1_3,4900.0,2026-01-01 06:00:00
TXN000003,ACC_CYCLE_1_3,ACC_CYCLE_1_4,4800.0,2026-01-01 07:00:00
TXN000004,ACC_CYCLE_1_4,ACC_CYCLE_1_1,4700.0,2026-01-01 08:00:00
TXN000005,ACC_CYCLE_2_1,ACC_CYCLE_2_2,5000.0,2026-01-01 10:00:00
TXN000006,ACC_CYCLE_2_2,ACC_CYCLE_2_3,4900.0,2026-01-01 11:00:00
TXN000007,ACC_CYCLE_2_3,ACC_CYCLE_2_4,4800.0,2026-01-01 12:00:00
TXN000008,ACC_CYCLE_2_4,ACC_CYCLE_2_1,4700.0,2026-01-01 13:00:00
TXN000009,ACC_CYCLE_3_1,ACC_CYCLE_3_2,5000.0,2026-01-01 15:00:00
TXN000010,ACC_CYCLE_3_2,ACC_CYCLE_3_3,4900.0,2026-01-01 16:00:00
TXN000011,ACC_CYCLE_3_3,ACC_CYCLE_3_4,4800.0,2026-01-01 17:00:00
TXN000012,ACC_CYCLE_3_4,ACC_CYCLE_3_1,4700.0,2026-01-01 18:00:00
TXN000013,ACC_CYCLE_4_1,ACC_CYCLE_4_2,5000.0,2026-01-01 20:00:00
TXN000014,ACC_CYCLE_4_2,ACC_CYCLE_4_3,4900.0,2026-01-01 21:00:00
TXN000015,ACC_CYCLE_4_3,ACC_CYCLE_4_4,4800.0,2026-01-01 22:00:00
TXN000016,ACC_CYCLE_4_4,ACC_CYCLE_4_1,4700.0,2026-01-01 23:00:00
TXN000017,ACC_CYCLE_5_1,ACC_CYCLE_5_2,5000.0,2026-01-02 01:00:00
TXN000018,ACC_CYCLE_5_2,ACC_CYCLE_5_3,4900.0,2026-01-02 02:00:00
TXN000019,ACC_CYCLE_5_3,ACC_CYCLE_5_4,4800.0,2026-01-02 03:00:00
TXN000020,ACC_CYCLE_5_4,ACC_CYCLE_5_1,4700.0,2026-01-02 04:00:00
TXN000021,ACC_CYCLE_6_1,ACC_CYCLE_6_2,5000.0,2026-01-02 06:00:00
TXN000022,ACC_CYCLE_6_2,ACC_CYCLE_6_3,4900.0,2026-01-02 07:00:00
TXN000023,ACC_CYCLE_6_3,ACC_CYCLE_6_4,4800.0,2026-01-02 08:00:00
TXN000024,ACC_CYCLE_6_4,ACC_CYCLE_6_1,4700.0,2026-01-02 09:00:00
TXN000025,ACC_CYCLE_7_1,ACC_CYCLE_7_2,5000.0,2026-01-02 11:00:00
TXN000026,ACC_CYCLE_7_2,ACC_CYCLE_7_3,4900.0,2026-01-02 12:00:00
TXN000027,ACC_CYCLE_7_3,ACC_CYCLE_7_4,4800.0,2026-01-02 13:00:00
TXN000028,ACC_CYCLE_7_4,ACC_CYCLE_7_1,4700.0,2026-01-02 14:00:00
TXN000029,ACC_CYCLE_8_1,ACC_CYCLE_8_2,5000.0,2026-01-02 16:00:00
TXN000030,ACC_CYCLE_8_2,ACC_CYCLE_8_3,4900.0,2026-01-02 17:00:00
TXN000031,ACC_CYCLE_8_3,ACC_CYCLE_8_4,4800.0,2026-01-02 18:00:00
TXN000032,ACC_CYCLE_8_4,ACC_CYCLE_8_1,4700.0,2026-01-02 19:00:00
TXN000033,ACC_CYCLE_9_1,ACC_CYCLE_9_2,5000.0,2026-01-02 21:00:00
TXN000034,ACC_CYCLE_9_2,ACC_CYCLE_9_3,4900.0,2026-01-02 22:00:00
TXN000035,ACC_CYCLE_9_3,ACC_CYCLE_9_4,4800.0,2026-01-02 23:00:00
TXN000036,ACC_CYCLE_9_4,ACC_CYCLE_9_1,4700.0,2026-01-03 00:00:00
TXN000037,ACC_CYCLE_10_1,ACC_CYCLE_10_2,5000.0,2026-01-03 02:00:00
TXN000038,ACC_CYCLE_10_2,ACC_CYCLE_10_3,4900.0,2026-01-03 03:00:00
TXN000039,ACC_CYCLE_10_3,ACC_CYCLE_10_4,4800.0,2026-01-03 04:00:00
TXN000040,ACC_CYCLE_10_4,ACC_CYCLE_10_1,4700.0,2026-01-03 05:00:00
TXN000041,ACC_CYCLE_11_1,ACC_CYCLE_11_2,5000.0,2026-01-03 07:00:00
TXN000042,ACC_CYCLE_11_2,ACC_CYCLE_11_3,4900.0,2026-01-03 08:00:00
TXN000043,ACC_CYCLE_11_3,ACC_CYCLE_11_4,4800.0,2026-01-03 09:00:00
TXN000044,ACC_CYCLE_11_4,ACC_CYCLE_11_1,4700.0,2026-01-03 10:00:00
TXN000045,ACC_CYCLE_12_1,ACC_CYCLE_12_2,5000.0,2026-01-03 12:00:00
TXN000046,ACC_CYCLE_12_2,ACC_CYCLE_12_3,4900.0,2026-01-03 13:00:00
TXN000047,ACC_CYCLE_12_3,ACC_CYCLE_12_4,4800.0,2026-01-03 14:00:00
TXN000048,ACC_CYCLE_12_4,ACC_CYCLE_12_1,4700.0,2026-01-03 15:00:00
TXN000049,ACC_CYCLE_13_1,ACC_CYCLE_13_2,5000.0,2026-01-03 17:00:00
TXN000050,ACC_CYCLE_13_2,ACC_CYCLE_13_3,4900.0,2026-01-03 18:00:00
TXN000051,ACC_CYCLE_13_3,ACC_CYCLE_13_4,4800.0,2026-01-03 19:00:00
TXN000052,ACC_CYCLE_13_4,ACC_CYCLE_13_1,4700.0,2026-01-03 20:00:00
TXN000053,ACC_CYCLE_14_1,ACC_CYCLE_14_2,5000.0,2026-01-03 22:00:00
TXN000054,ACC_CYCLE_14_2,ACC_CYCLE_14_3,4900.0,2026-01-03 23:00:00
TXN000055,ACC_CYCLE_14_3,ACC_CYCLE_14_4,4800.0,2026-01-04 00:00:00
TXN000056,ACC_CYCLE_14_4,ACC_CYCLE_14_1,4700.0,2026-01-04 01:00:00
TXN000057,ACC_CYCLE_15_1,ACC_CYCLE_15_2,5000.0,2026-01-04 03:00:00
TXN000058,ACC_CYCLE_15_2,ACC_CYCLE_15_3,4900.0,2026-01-04 04:00:00
TXN000059,ACC_CYCLE_15_3,ACC_CYCLE_15_4,4800.0,2026-01-04 05:00:00
TXN000060,ACC_CYCLE_15_4,ACC_CYCLE_15_1,4700.0,2026-01-04 06:00:00
TXN000061,ACC_CYCLE_16_1,ACC_CYCLE_16_2,5000.0,2026-01-04 08:00:00
TXN000062,ACC_CYCLE_16_2,ACC_CYCLE_16_3,4900.0,2026-01-04 09:00:00
TXN000063,ACC_CYCLE_16_3,ACC_CYCLE_16_4,4800.0,2026-01-04 10:00:00
TXN000064,ACC_CYCLE_16_4,ACC_CYCLE_16_1,4700.0,2026-01-04 11:00:00
TXN000065,ACC_CYCLE_17_1,ACC_CYCLE_17_2,5000.0,2026-01-04 13:00:00
TXN000066,ACC_CYCLE_17_2,ACC_CYCLE_17_3,4900.0,2026-01-04 14:00:00
TXN000067,ACC_CYCLE_17_3,ACC_CYCLE_17_4,4800.0,2026-01-04 15:00:00
TXN000068,ACC_CYCLE_17_4,ACC_CYCLE_17_1,4700.0,2026-01-04 16:00:00
TXN000069,ACC_CYCLE_18_1,ACC_CYCLE_18_2,5000.0,2026-01-04 18:00:00
TXN000070,ACC_CYCLE_18_2,ACC_CYCLE_18_3,4900.0,2026-01-04 19:00:00
TXN000071,ACC_CYCLE_18_3,ACC_CYCLE_18_4,4800.0,2026-01-04 20:00:00
TXN000072,ACC_CYCLE_18_4,ACC_CYCLE_18_1,4700.0,2026-01-04 21:00:00
TXN000073,ACC_CYCLE_19_1,ACC_CYCLE_19_2,5000.0,2026-01-04 23:00:00
TXN000074,ACC_CYCLE_19_2,ACC_CYCLE_19_3,4900.0,2026-01-05 00:00:00
TXN000075,ACC_CYCLE_19_3,ACC_CYCLE_19_4,4800.0,2026-01-05 01:00:00
TXN000076,ACC_CYCLE_19_4,ACC_CYCLE_19_1,4700.0,2026-01-05 02:00:00
TXN000077,ACC_CYCLE_20_1,ACC_CYCLE_20_2,5000.0,2026-01-05 04:00:00
TXN000078,ACC_CYCLE_20_2,ACC_CYCLE_20_3,4900.0,2026-01-05 05:00:00
TXN000079,ACC_CYCLE_20_3,ACC_CYCLE_20_4,4800.0,2026-01-05 06:00:00
TXN000080,ACC_CYCLE_20_4,ACC_CYCLE_20_1,4700.0,2026-01-05 07:00:00
TXN000081,ACC_SMURF_1_1,ACC_HUB_1,1194.0,2026-01-09 12:00:00
TXN000082,ACC_SMURF_1_2,ACC_HUB_1,1120.0,2026-01-09 13:00:00
TXN000083,ACC_SMURF_1_3,ACC_HUB_1,1046.0,2026-01-09 14:00:00
TXN000084,ACC_SMURF_1_4,ACC_HUB_1,1162.0,2026-01-09 15:00:00
TXN000085,ACC_SMURF_1_5,ACC_HUB_1,828.0,2026-01-09 16:00:00
TXN000086,ACC_SMURF_1_6,ACC_HUB_1,1134.0,2026-01-09 17:00:00
TXN000087,ACC_SMURF_1_7,ACC_HUB_1,802.0,2026-01-09 18:00:00
TXN000088,ACC_SMURF_1_8,ACC_HUB_1,936.0,2026-01-09 19:00:00
TXN000089,ACC_SMURF_1_9,ACC_HUB_1,1197.0,2026-01-09 20:00:00
TXN000090,ACC_SMURF_1_10,ACC_HUB_1,919.0,2026-01-09 21:00:00
TXN000091,ACC_SMURF_1_11,ACC_HUB_1,1139.0,2026-01-09 22:00:00
TXN000092,ACC_SMURF_1_12,ACC_HUB_1,974.0,2026-01-09 23:00:00
TXN000093,ACC_SMURF_1_13,ACC_HUB_1,935.0,2026-01-10 00:00:00
TXN000094,ACC_SMURF_1_14,ACC_HUB_1,1188.0,2026-01-10 01:00:00
TXN000095,ACC_SMURF_1_15,ACC_HUB_1,1087.0,2026-01-10 02:00:00
TXN000096,ACC_HUB_1,ACC_DISP_1_1,2892.0,2026-01-13 16:00:00
TXN000097,ACC_HUB_1,ACC_DISP_1_2,2619.0,2026-01-13 17:00:00
TXN000098,ACC_HUB_1,ACC_DISP_1_3,3952.0,2026-01-13 18:00:00
TXN000099,ACC_HUB_1,ACC_DISP_1_4,2093.0,2026-01-13 19:00:00
TXN000100,ACC_HUB_1,ACC_DISP_1_5,3290.0,2026-01-13 20:00:00
TXN000101,ACC_HUB_1,ACC_DISP_1_6,3062.0,2026-01-13 21:00:00
TXN000102,ACC_HUB_1,ACC_DISP_1_7,3983.0,2026-01-13 22:00:00
TXN000103,ACC_HUB_1,ACC_DISP_1_8,2615.0,2026-01-13 23:00:00
TXN000104,ACC_SMURF_2_1,ACC_HUB_2,1110.0,2026-01-09 15:00:00
TXN000105,ACC_SMURF_2_2,ACC_HUB_2,939.0,2026-01-09 16:00:00
TXN000106,ACC_SMURF_2_3,ACC_HUB_2,819.0,2026-01-09 17:00:00
TXN000107,ACC_SMURF_2_4,ACC_HUB_2,865.0,2026-01-09 18:00:00
TXN000108,ACC_SMURF_2_5,ACC_HUB_2,1182.0,2026-01-09 19:00:00
TXN000109,ACC_SMURF_2_6,ACC_HUB_2,1072.0,2026-01-09 20:00:00
TXN000110,ACC_SMURF_2_7,ACC_HUB_2,1009.0,2026-01-09 21:00:00
TXN000111,ACC_SMURF_2_8,ACC_HUB_2,1075.0,2026-01-09 22:00:00
TXN000112,ACC_SMURF_2_9,ACC_HUB_2,1138.0,2026-01-09 23:00:00
TXN000113,ACC_SMURF_2_10,ACC_HUB_2,970.0,2026-01-10 00:00:00
TXN000114,ACC_SMURF_2_11,ACC_HUB_2,818.0,2026-01-10 01:00:00
TXN000115,ACC_SMURF_2_12,ACC_HUB_2,986.0,2026-01-10 02:00:00
TXN000116,ACC_SMURF_2_13,ACC_HUB_2,834.0,2026-01-10 03:00:00
TXN000117,ACC_SMURF_2_14,ACC_HUB_2,1192.0,2026-01-10 04:00:00
TXN000118,ACC_SMURF_2_15,ACC_HUB_2,1181.0,2026-01-10 05:00:00
TXN000119,ACC_HUB_2,ACC_DISP_2_1,2651.0,2026-01-13 19:00:00
TXN000120,ACC_HUB_2,ACC_DISP_2_2,3522.0,2026-01-13 20:00:00
TXN000121,ACC_HUB_2,ACC_DISP_2_3,3800.0,2026-01-13 21:00:00
TXN000122,ACC_HUB_2,ACC_DISP_2_4,3012.0,2026-01-13 22:00:00
TXN000123,ACC_HUB_2,ACC_DISP_2_5,3610.0,2026-01-13 23:00:00
TXN000124,ACC_HUB_2,ACC_DISP_2_6,2932.0,2026-01-14 00:00:00
TXN000125,ACC_HUB_2,ACC_DISP_2_7,2003.0,2026-01-14 01:00:00
TXN000126,ACC_HUB_2,ACC_DISP_2_8,2169.0,2026-01-14 02:00:00
TXN000127,ACC_SMURF_3_1,ACC_HUB_3,1032.0,2026-01-09 18:00:00
TXN000128,ACC_SMURF_3_2,ACC_HUB_3,1088.0,2026-01-09 19:00:00
TXN000129,ACC_SMURF_3_3,ACC_HUB_3,1006.0,2026-01-09 20:00:00
TXN000130,ACC_SMURF_3_4,ACC_HUB_3,1032.0,2026-01-09 21:00:00
TXN000131,ACC_SMURF_3_5,ACC_HUB_3,1196.0,2026-01-09 22:00:00
TXN000132,ACC_SMURF_3_6,ACC_HUB_3,1167.0,2026-01-09 23:00:00
TXN000133,ACC_SMURF_3_7,ACC_HUB_3,1040.0,2026-01-10 00:00:00
TXN000134,ACC_SMURF_3_8,ACC_HUB_3,1174.0,2026-01-10 01:00:00
TXN000135,ACC_SMURF_3_9,ACC_HUB_3,931.0,2026-01-10 02:00:00
TXN000136,ACC_SMURF_3_10,ACC_HUB_3,997.0,2026-01-10 03:00:00
TXN000137,ACC_SMURF_3_11,ACC_HUB_3,1049.0,2026-01-10 04:00:00
TXN000138,ACC_SMURF_3_12,ACC_HUB_3,914.0,2026-01-10 05:00:00
TXN000139,ACC_SMURF_3_13,ACC_HUB_3,1191.0,2026-01-10 06:00:00
TXN000140,ACC_SMURF_3_14,ACC_HUB_3,1139.0,2026-01-10 07:00:00
TXN000141,ACC_SMURF_3_15,ACC_HUB_3,874.0,2026-01-10 08:00:00
TXN000142,ACC_HUB_3,ACC_DISP_3_1,3523.0,2026-01-13 22:00:00
TXN000143,ACC_HUB_3,ACC_DISP_3_2,3526.0,2026-01-13 23:00:00
TXN000144,ACC_HUB_3,ACC_DISP_3_3,2018.0,2026-01-14 00:00:00
TXN000145,ACC_HUB_3,ACC_DISP_3_4,2961.0,2026-01-14 01:00:00
TXN000146,ACC_HUB_3,ACC_DISP_3_5,2758.0,2026-01-14 02:00:00
TXN000147,ACC_HUB_3,ACC_DISP_3_6,3087.0,2026-01-14 03:00:00
TXN000148,ACC_HUB_3,ACC_DISP_3_7,3567.0,2026-01-14 04:00:00
TXN000149,ACC_HUB_3,ACC_DISP_3_8,2816.0,2026-01-14 05:00:00
TXN000150,ACC_SMURF_4_1,ACC_HUB_4,971.0,2026-01-09 21:00:00
TXN000151,ACC_SMURF_4_2,ACC_HUB_4,1022.0,2026-01-09 22:00:00
TXN000152,ACC_SMURF_4_3,ACC_HUB_4,836.0,2026-01-09 23:00:00
TXN000153,ACC_SMURF_4_4,ACC_HUB_4,1047.0,2026-01-10 00:00:00
TXN000154,ACC_SMURF_4_5,ACC_HUB_4,1135.0,2026-01-10 01:00:00
TXN000155,ACC_SMURF_4_6,ACC_HUB_4,957.0,2026-01-10 02:00:00
TXN000156,ACC_SMURF_4_7,ACC_HUB_4,911.0,2026-01-10 03:00:00
TXN000157,ACC_SMURF_4_8,ACC_HUB_4,1024.0,2026-01-10 04:00:00
TXN000158,ACC_SMURF_4_9,ACC_HUB_4,983.0,2026-01-10 05:00:00
TXN000159,ACC_SMURF_4_10,ACC_HUB_4,909.0,2026-01-10 06:00:00
TXN000160,ACC_SMURF_4_11,ACC_HUB_4,928.0,2026-01-10 07:00:00
TXN000161,ACC_SMURF_4_12,ACC_HUB_4,835.0,2026-01-10 08:00:00
TXN000162,ACC_SMURF_4_13,ACC_HUB_4,819.0,2026-01-10 09:00:00
TXN000163,ACC_SMURF_4_14,ACC_HUB_4,814.0,2026-01-10 10:00:00
TXN000164,ACC_SMURF_4_15,ACC_HUB_4,1177.0,2026-01-10 11:00:00
TXN000165,ACC_HUB_4,ACC_DISP_4_1,2194.0,2026-01-14 01:00:00
TXN000166,ACC_HUB_4,ACC_DISP_4_2,2141.0,2026-01-14 02:00:00
TXN000167,ACC_HUB_4,ACC_DISP_4_3,3087.0,2026-01-14 03:00:00
TXN000168,ACC_HUB_4,ACC_DISP_4_4,3229.0,2026-01-14 04:00:00
TXN000169,ACC_HUB_4,ACC_DISP_4_5,2776.0,2026-01-14 05:00:00
TXN000170,ACC_HUB_4,ACC_DISP_4_6,2433.0,2026-01-14 06:00:00
TXN000171,ACC_HUB_4,ACC_DISP_4_7,2716.0,2026-01-14 07:00:00
TXN000172,ACC_HUB_4,ACC_DISP_4_8,2500.0,2026-01-14 08:00:00
TXN000173,ACC_SMURF_5_1,ACC_HUB_5,975.0,2026-01-10 00:00:00
TXN000174,ACC_SMURF_5_2,ACC_HUB_5,983.0,2026-01-10 01:00:00
TXN000175,ACC_SMURF_5_3,ACC_HUB_5,868.0,2026-01-10 02:00:00
TXN000176,ACC_SMURF_5_4,ACC_HUB_5,821.0,2026-01-10 03:00:00
TXN000177,ACC_SMURF_5_5,ACC_HUB_5,834.0,2026-01-10 04:00:00
TXN000178,ACC_SMURF_5_6,ACC_HUB_5,1019.0,2026-01-10 05:00:00
TXN000179,ACC_SMURF_5_7,ACC_HUB_5,1190.0,2026-01-10 06:00:00
TXN000180,ACC_SMURF_5_8,ACC_HUB_5,1089.0,2026-01-10 07:00:00
TXN000181,ACC_SMURF_5_9,ACC_HUB_5,849.0,2026-01-10 08:00:00
TXN000182,ACC_SMURF_5_10,ACC_HUB_5,947.0,2026-01-10 09:00:00
TXN000183,ACC_SMURF_5_11,ACC_HUB_5,921.0,2026-01-10 10:00:00
TXN000184,ACC_SMURF_5_12,ACC_HUB_5,827.0,2026-01-10 11:00:00
TXN000185,ACC_SMURF_5_13,ACC_HUB_5,879.0,2026-01-10 12:00:00
TXN000186,ACC_SMURF_5_14,ACC_HUB_5,1091.0,2026-01-10 13:00:00
TXN000187,ACC_SMURF_5_15,ACC_HUB_5,1079.0,2026-01-10 14:00:00
TXN000188,ACC_HUB_5,ACC_DISP_5_1,3069.0,2026-01-14 04:00:00
TXN000189,ACC_HUB_5,ACC_DISP_5_2,2991.0,2026-01-14 05:00:00
TXN000190,ACC_HUB_5,ACC_DISP_5_3,3976.0,2026-01-14 06:00:00
TXN000191,ACC_HUB_5,ACC_DISP_5_4,3749.0,2026-01-14 07:00:00
TXN000192,ACC_HUB_5,ACC_DISP_5_5,3537.0,2026-01-14 08:00:00
TXN000193,ACC_HUB_5,ACC_DISP_5_6,2593.0,2026-01-14 09:00:00
TXN000194,ACC_HUB_5,ACC_DISP_5_7,3258.0,2026-01-14 10:00:00
TXN000195,ACC_HUB_5,ACC_DISP_5_8,3900.0,2026-01-14 11:00:00
TXN000196,ACC_SMURF_6_1,ACC_HUB_6,928.0,2026-01-10 03:00:00
TXN000197,ACC_SMURF_6_2,ACC_HUB_6,1192.0,2026-01-10 04:00:00
TXN000198,ACC_SMURF_6_3,ACC_HUB_6,1079.0,2026-01-10 05:00:00
TXN000199,ACC_SMURF_6_4,ACC_HUB_6,1116.0,2026-01-10 06:00:00
TXN000200,ACC_SMURF_6_5,ACC_HUB_6,903.0,2026-01-10 07:00:00
TXN000201,ACC_SMURF_6_6,ACC_HUB_6,1192.0,2026-01-10 08:00:00
TXN000202,ACC_SMURF_6_7,ACC_HUB_6,970.0,2026-01-10 09:00:00
TXN000203,ACC_SMURF_6_8,ACC_HUB_6,866.0,2026-01-10 10:00:00
TXN000204,ACC_SMURF_6_9,ACC_HUB_6,1090.0,2026-01-10 11:00:00
TXN000205,ACC_SMURF_6_10,ACC_HUB_6,1100.0,2026-01-10 12:00:00
TXN000206,ACC_SMURF_6_11,ACC_HUB_6,901.0,2026-01-10 13:00:00
TXN000207,ACC_SMURF_6_12,ACC_HUB_6,1015.0,2026-01-10 14:00:00
TXN000208,ACC_SMURF_6_13,ACC_HUB_6,1134.0,2026-01-10 15:00:00
TXN000209,ACC_SMURF_6_14,ACC_HUB_6,1190.0,2026-01-10 16:00:00
TXN000210,ACC_SMURF_6_15,ACC_HUB_6,1047.0,2026-01-10 17:00:00
TXN000211,ACC_HUB_6,ACC_DISP_6_1,2746.0,2026-01-14 07:00:00
TXN000212,ACC_HUB_6,ACC_DISP_6_2,3779.0,2026-01-14 08:00:00
TXN000213,ACC_HUB_6,ACC_DISP_6_3,3808.0,2026-01-14 09:00:00
TXN000214,ACC_HUB_6,ACC_DISP_6_4,3399.0,2026-01-14 10:00:00
TXN000215,ACC_HUB_6,ACC_DISP_6_5,2145.0,2026-01-14 11:00:00
TXN000216,ACC_HUB_6,ACC_DISP_6_6,3944.0,2026-01-14 12:00:00
TXN000217,ACC_HUB_6,ACC_DISP_6_7,3419.0,2026-01-14 13:00:00
TXN000218,ACC_HUB_6,ACC_DISP_6_8,2508.0,2026-01-14 14:00:00
TXN000219,ACC_SMURF_7_1,ACC_HUB_7,1168.0,2026-01-10 06:00:00
TXN000220,ACC_SMURF_7_2,ACC_HUB_7,1030.0,2026-01-10 07:00:00
TXN000221,ACC_SMURF_7_3,ACC_HUB_7,1194.0,2026-01-10 08:00:00
TXN000222,ACC_SMURF_7_4,ACC_HUB_7,1131.0,2026-01-10 09:00:00
TXN000223,ACC_SMURF_7_5,ACC_HUB_7,1137.0,2026-01-10 10:00:00
TXN000224,ACC_SMURF_7_6,ACC_HUB_7,1188.0,2026-01-10 11:00:00
TXN000225,ACC_SMURF_7_7,ACC_HUB_7,857.0,2026-01-10 12:00:00
TXN000226,ACC_SMURF_7_8,ACC_HUB_7,1025.0,2026-01-10 13:00:00
TXN000227,ACC_SMURF_7_9,ACC_HUB_7,1153.0,2026-01-10 14:00:00
TXN000228,ACC_SMURF_7_10,ACC_HUB_7,1146.0,2026-01-10 15:00:00
TXN000229,ACC_SMURF_7_11,ACC_HUB_7,1136.0,2026-01-10 16:00:00
TXN000230,ACC_SMURF_7_12,ACC_HUB_7,1159.0,2026-01-10 17:00:00
TXN000231,ACC_SMURF_7_13,ACC_HUB_7,1062.0,2026-01-10 18:00:00
TXN000232,ACC_SMURF_7_14,ACC_HUB_7,1019.0,2026-01-10 19:00:00
TXN000233,ACC_SMURF_7_15,ACC_HUB_7,879.0,2026-01-10 20:00:00
TXN000234,ACC_HUB_7,ACC_DISP_7_1,3105.0,2026-01-14 10:00:00
TXN000235,ACC_HUB_7,ACC_DISP_7_2,2401.0,2026-01-14 11:00:00
TXN000236,ACC_HUB_7,ACC_DISP_7_3,3867.0,2026-01-14 12:00:00
TXN000237,ACC_HUB_7,ACC_DISP_7_4,3207.0,2026-01-14 13:00:00
TXN000238,ACC_HUB_7,ACC_DISP_7_5,3003.0,2026-01-14 14:00:00
TXN000239,ACC_HUB_7,ACC_DISP_7_6,2453.0,2026-01-14 15:00:00
TXN000240,ACC_HUB_7,ACC_DISP_7_7,3638.0,2026-01-14 16:00:00
TXN000241,ACC_HUB_7,ACC_DISP_7_8,2251.0,2026-01-14 17:00:00
TXN000242,ACC_SMURF_8_1,ACC_HUB_8,1094.0,2026-01-10 09:00:00
TXN000243,ACC_SMURF_8_2,ACC_HUB_8,952.0,2026-01-10 10:00:00
TXN000244,ACC_SMURF_8_3,ACC_HUB_8,1106.0,2026-01-10 11:00:00
TXN000245,ACC_SMURF_8_4,ACC_HUB_8,999.0,2026-01-10 12:00:00
TXN000246,ACC_SMURF_8_5,ACC_HUB_8,970.0,2026-01-10 13:00:00
TXN000247,ACC_SMURF_8_6,ACC_HUB_8,920.0,2026-01-10 14:00:00
TXN000248,ACC_SMURF_8_7,ACC_HUB_8,1046.0,2026-01-10 15:00:00
TXN000249,ACC_SMURF_8_8,ACC_HUB_8,1143.0,2026-01-10 16:00:00
TXN000250,ACC_SMURF_8_9,ACC_HUB_8,1039.0,2026-01-10 17:00:00
TXN000251,ACC_SMURF_8_10,ACC_HUB_8,1170.0,2026-01-10 18:00:00
TXN000252,ACC_SMURF_8_11,ACC_HUB_8,951.0,2026-01-10 19:00:00
TXN000253,ACC_SMURF_8_12,ACC_HUB_8,1147.0,2026-01-10 20:00:00
TXN000254,ACC_SMURF_8_13,ACC_HUB_8,923.0,2026-01-10 21:00:00
TXN000255,ACC_SMURF_8_14,ACC_HUB_8,1065.0,2026-01-10 22:00:00
TXN000256,ACC_SMURF_8_15,ACC_HUB_8,863.0,2026-01-10 23:00:00
TXN000257,ACC_HUB_8,ACC_DISP_8_1,3274.0,2026-01-14 13:00:00
TXN000258,ACC_HUB_8,ACC_DISP_8_2,3076.0,2026-01-14 14:00:00
TXN000259,ACC_HUB_8,ACC_DISP_8_3,3799.0,2026-01-14 15:00:00
TXN000260,ACC_HUB_8,ACC_DISP_8_4,2347.0,2026-01-14 16:00:00
TXN000261,ACC_HUB_8,ACC_DISP_8_5,2967.0,2026-01-14 17:00:00
TXN000262,ACC_HUB_8,ACC_DISP_8_6,2570.0,2026-01-14 18:00:00
TXN000263,ACC_HUB_8,ACC_DISP_8_7,2378.0,2026-01-14 19:00:00
TXN000264,ACC_HUB_8,ACC_DISP_8_8,3653.0,2026-01-14 20:00:00
TXN000265,ACC_SMURF_9_1,ACC_HUB_9,1146.0,2026-01-10 12:00:00
TXN000266,ACC_SMURF_9_2,ACC_HUB_9,1113.0,2026-01-10 13:00:00
TXN000267,ACC_SMURF_9_3,ACC_HUB_9,856.0,2026-01-10 14:00:00
TXN000268,ACC_SMURF_9_4,ACC_HUB_9,880.0,2026-01-10 15:00:00
TXN000269,ACC_SMURF_9_5,ACC_HUB_9,1073.0,2026-01-10 16:00:00
TXN000270,ACC_SMURF_9_6,ACC_HUB_9,949.0,2026-01-10 17:00:00
TXN000271,ACC_SMURF_9_7,ACC_HUB_9,1161.0,2026-01-10 18:00:00
TXN000272,ACC_SMURF_9_8,ACC_HUB_9,969.0,2026-01-10 19:00:00
TXN000273,ACC_SMURF_9_9,ACC_HUB_9,1106.0,2026-01-10 20:00:00
TXN000274,ACC_SMURF_9_10,ACC_HUB_9,1057.0,2026-01-10 21:00:00
TXN000275,ACC_SMURF_9_11,ACC_HUB_9,1105.0,2026-01-10 22:00:00
TXN000276,ACC_SMURF_9_12,ACC_HUB_9,1133.0,2026-01-10 23:00:00
TXN000277,ACC_SMURF_9_13,ACC_HUB_9,995.0,2026-01-11 00:00:00
TXN000278,ACC_SMURF_9_14,ACC_HUB_9,933.0,2026-01-11 01:00:00
TXN000279,ACC_SMURF_9_15,ACC_HUB_9,861.0,2026-01-11 02:00:00
TXN000280,ACC_HUB_9,ACC_DISP_9_1,3069.0,2026-01-14 16:00:00
TXN000281,ACC_HUB_9,ACC_DISP_9_2,2438.0,2026-01-14 17:00:00
TXN000282,ACC_HUB_9,ACC_DISP_9_3,2780.0,2026-01-14 18:00:00
TXN000283,ACC_HUB_9,ACC_DISP_9_4,2639.0,2026-01-14 19:00:00
TXN000284,ACC_HUB_9,ACC_DISP_9_5,2080.0,2026-01-14 20:00:00
TXN000285,ACC_HUB_9,ACC_DISP_9_6,3626.0,2026-01-14 21:00:00
TXN000286,ACC_HUB_9,ACC_DISP_9_7,3330.0,2026-01-14 22:00:00
TXN000287,ACC_HUB_9,ACC_DISP_9_8,3409.0,2026-01-14 23:00:00
TXN000288,ACC_SMURF_10_1,ACC_HUB_10,1010.0,2026-01-10 15:00:00
TXN000289,ACC_SMURF_10_2,ACC_HUB_10,1167.0,2026-01-10 16:00:00
TXN000290,ACC_SMURF_10_3,ACC_HUB_10,1187.0,2026-01-10 17:00:00
TXN000291,ACC_SMURF_10_4,ACC_HUB_10,1142.0,2026-01-10 18:00:00
TXN000292,ACC_SMURF_10_5,ACC_HUB_10,831.0,2026-01-10 19:00:00
TXN000293,ACC_SMURF_10_6,ACC_HUB_10,1050.0,2026-01-10 20:00:00
TXN000294,ACC_SMURF_10_7,ACC_HUB_10,888.0,2026-01-10 21:00:00
TXN000295,ACC_SMURF_10_8,ACC_HUB_10,1129.0,2026-01-10 22:00:00
TXN000296,ACC_SMURF_10_9,ACC_HUB_10,837.0,2026-01-10 23:00:00
TXN000297,ACC_SMURF_10_10,ACC_HUB_10,1158.0,2026-01-11 00:00:00
TXN000298,ACC_SMURF_10_11,ACC_HUB_10,1120.0,2026-01-11 01:00:00
TXN000299,ACC_SMURF_10_12,ACC_HUB_10,834.0,2026-01-11 02:00:00
TXN000300,ACC_SMURF_10_13,ACC_HUB_10,837.0,2026-01-11 03:00:00
TXN000301,ACC_SMURF_10_14,ACC_HUB_10,987.0,2026-01-11 04:00:00
TXN000302,ACC_SMURF_10_15,ACC_HUB_10,977.0,2026-01-11 05:00:00
TXN000303,ACC_HUB_10,ACC_DISP_10_1,3869.0,2026-01-14 19:00:00
TXN000304,ACC_HUB_10,ACC_DISP_10_2,2687.0,2026-01-14 20:00:00
TXN000305,ACC_HUB_10,ACC_DISP_10_3,2391.0,2026-01-14 21:00:00
TXN000306,ACC_HUB_10,ACC_DISP_10_4,2044.0,2026-01-14 22:00:00
TXN000307,ACC_HUB_10,ACC_DISP_10_5,2385.0,2026-01-14 23:00:00
TXN000308,ACC_HUB_10,ACC_DISP_10_6,3493.0,2026-01-15 00:00:00
TXN000309,ACC_HUB_10,ACC_DISP_10_7,3340.0,2026-01-15 01:00:00
TXN000310,ACC_HUB_10,ACC_DISP_10_8,3426.0,2026-01-15 02:00:00
TXN000311,ACC_SMURF_11_1,ACC_HUB_11,1097.0,2026-01-10 18:00:00
TXN000312,ACC_SMURF_11_2,ACC_HUB_11,966.0,2026-01-10 19:00:00
TXN000313,ACC_SMURF_11_3,ACC_HUB_11,999.0,2026-01-10 20:00:00
TXN000314,ACC_SMURF_11_4,ACC_HUB_11,1046.0,2026-01-10 21:00:00
TXN000315,ACC_SMURF_11_5,ACC_HUB_11,944.0,2026-01-10 22:00:00
TXN000316,ACC_SMURF_11_6,ACC_HUB_11,993.0,2026-01-10 23:00:00
TXN000317,ACC_SMURF_11_7,ACC_HUB_11,1000.0,2026-01-11 00:00:00
TXN000318,ACC_SMURF_11_8,ACC_HUB_11,863.0,2026-01-11 01:00:00
TXN000319,ACC_SMURF_11_9,ACC_HUB_11,1129.0,2026-01-11 02:00:00
TXN000320,ACC_SMURF_11_10,ACC_HUB_11,822.0,2026-01-11 03:00:00
TXN000321,ACC_SMURF_11_11,ACC_HUB_11,926.0,2026-01-11 04:00:00
TXN000322,ACC_SMURF_11_12,ACC_HUB_11,839.0,2026-01-11 05:00:00
TXN000323,ACC_SMURF_11_13,ACC_HUB_11,1170.0,2026-01-11 06:00:00
TXN000324,ACC_SMURF_11_14,ACC_HUB_11,884.0,2026-01-11 07:00:00
TXN000325,ACC_SMURF_11_15,ACC_HUB_11,1069.0,2026-01-11 08:00:00
TXN000326,ACC_HUB_11,ACC_DISP_11_1,3504.0,2026-01-14 22:00:00
TXN000327,ACC_HUB_11,ACC_DISP_11_2,2006.0,2026-01-14 23:00:00
TXN000328,ACC_HUB_11,ACC_DISP_11_3,3305.0,2026-01-15 00:00:00
TXN000329,ACC_HUB_11,ACC_DISP_11_4,2220.0,2026-01-15 01:00:00
TXN000330,ACC_HUB_11,ACC_DISP_11_5,2824.0,2026-01-15 02:00:00
TXN000331,ACC_HUB_11,ACC_DISP_11_6,2744.0,2026-01-15 03:00:00
TXN000332,ACC_HUB_11,ACC_DISP_11_7,2326.0,2026-01-15 04:00:00
TXN000333,ACC_HUB_11,ACC_DISP_11_8,2999.0,2026-01-15 05:00:00
TXN000334,ACC_SMURF_12_1,ACC_HUB_12,858.0,2026-01-10 21:00:00
TXN000335,ACC_SMURF_12_2,ACC_HUB_12,998.0,2026-01-10 22:00:00
TXN000336,ACC_SMURF_12_3,ACC_HUB_12,901.0,2026-01-10 23:00:00
TXN000337,ACC_SMURF_12_4,ACC_HUB_12,1181.0,2026-01-11 00:00:00
TXN000338,ACC_SMURF_12_5,ACC_HUB_12,1149.0,2026-01-11 01:00:00
TXN000339,ACC_SMURF_12_6,ACC_HUB_12,1164.0,2026-01-11 02:00:00
TXN000340,ACC_SMURF_12_7,ACC_HUB_12,1073.0,2026-01-11 03:00:00
TXN000341,ACC_SMURF_12_8,ACC_HUB_12,848.0,2026-01-11 04:00:00
TXN000342,ACC_SMURF_12_9,ACC_HUB_12,976.0,2026-01-11 05:00:00
TXN000343,ACC_SMURF_12_10,ACC_HUB_12,923.0,2026-01-11 06:00:00
TXN000344,ACC_SMURF_12_11,ACC_HUB_12,1188.0,2026-01-11 07:00:00
TXN000345,ACC_SMURF_12_12,ACC_HUB_12,1126.0,2026-01-11 08:00:00
TXN000346,ACC_SMURF_12_13,ACC_HUB_12,966.0,2026-01-11 09:00:00
TXN000347,ACC_SMURF_12_14,ACC_HUB_12,847.0,2026-01-11 10:00:00
TXN000348,ACC_SMURF_12_15,ACC_HUB_12,1032.0,2026-01-11 11:00:00
TXN000349,ACC_HUB_12,ACC_DISP_12_1,2687.0,2026-01-15 01:00:00
TXN000350,ACC_HUB_12,ACC_DISP_12_2,2428.0,2026-01-15 02:00:00
TXN000351,ACC_HUB_12,ACC_DISP_12_3,2523.0,2026-01-15 03:00:00
TXN000352,ACC_HUB_12,ACC_DISP_12_4,3481.0,2026-01-15 04:00:00
TXN000353,ACC_HUB_12,ACC_DISP_12_5,2723.0,2026-01-15 05:00:00
TXN000354,ACC_HUB_12,ACC_DISP_12_6,2224.0,2026-01-15 06:00:00
TXN000355,ACC_HUB_12,ACC_DISP_12_7,3065.0,2026-01-15 07:00:00
TXN000356,ACC_HUB_12,ACC_DISP_12_8,2900.0,2026-01-15 08:00:00
TXN000357,ACC_SMURF_13_1,ACC_HUB_13,869.0,2026-01-11 00:00:00
TXN000358,ACC_SMURF_13_2,ACC_HUB_13,818.0,2026-01-11 01:00:00
TXN000359,ACC_SMURF_13_3,ACC_HUB_13,877.0,2026-01-11 02:00:00
TXN000360,ACC_SMURF_13_4,ACC_HUB_13,1084.0,2026-01-11 03:00:00
TXN000361,ACC_SMURF_13_5,ACC_HUB_13,1135.0,2026-01-11 04:00:00
TXN000362,ACC_SMURF_13_6,ACC_HUB_13,938.0,2026-01-11 05:00:00
TXN000363,ACC_SMURF_13_7,ACC_HUB_13,956.0,2026-01-11 06:00:00
TXN000364,ACC_SMURF_13_8,ACC_HUB_13,1125.0,2026-01-11 07:00:00
TXN000365,ACC_SMURF_13_9,ACC_HUB_13,1016.0,2026-01-11 08:00:00
TXN000366,ACC_SMURF_13_10,ACC_HUB_13,1055.0,2026-01-11 09:00:00
TXN000367,ACC_SMURF_13_11,ACC_HUB_13,1153.0,2026-01-11 10:00:00
TXN000368,ACC_SMURF_13_12,ACC_HUB_13,830.0,2026-01-11 11:00:00
TXN000369,ACC_SMURF_13_13,ACC_HUB_13,921.0,2026-01-11 12:00:00
TXN000370,ACC_SMURF_13_14,ACC_HUB_13,895.0,2026-01-11 13:00:00
TXN000371,ACC_SMURF_13_15,ACC_HUB_13,1039.0,2026-01-11 14:00:00
TXN000372,ACC_HUB_13,ACC_DISP_13_1,2473.0,2026-01-15 04:00:00
TXN000373,ACC_HUB_13,ACC_DISP_13_2,3777.0,2026-01-15 05:00:00
TXN000374,ACC_HUB_13,ACC_DISP_13_3,2530.0,2026-01-15 06:00:00
TXN000375,ACC_HUB_13,ACC_DISP_13_4,2276.0,2026-01-15 07:00:00
TXN000376,ACC_HUB_13,ACC_DISP_13_5,3581.0,2026-01-15 08:00:00
TXN000377,ACC_HUB_13,ACC_DISP_13_6,3593.0,2026-01-15 09:00:00
TXN000378,ACC_HUB_13,ACC_DISP_13_7,3934.0,2026-01-15 10:00:00
TXN000379,ACC_HUB_13,ACC_DISP_13_8,3555.0,2026-01-15 11:00:00
TXN000380,ACC_SMURF_14_1,ACC_HUB_14,947.0,2026-01-11 03:00:00
TXN000381,ACC_SMURF_14_2,ACC_HUB_14,1061.0,2026-01-11 04:00:00
TXN000382,ACC_SMURF_14_3,ACC_HUB_14,1055.0,2026-01-11 05:00:00
TXN000383,ACC_SMURF_14_4,ACC_HUB_14,913.0,2026-01-11 06:00:00
TXN000384,ACC_SMURF_14_5,ACC_HUB_14,1024.0,2026-01-11 07:00:00
TXN000385,ACC_SMURF_14_6,ACC_HUB_14,1053.0,2026-01-11 08:00:00
TXN000386,ACC_SMURF_14_7,ACC_HUB_14,1091.0,2026-01-11 09:00:00
TXN000387,ACC_SMURF_14_8,ACC_HUB_14,1041.0,2026-01-11 10:00:00
TXN000388,ACC_SMURF_14_9,ACC_HUB_14,990.0,2026-01-11 11:00:00
TXN000389,ACC_SMURF_14_10,ACC_HUB_14,1026.0,2026-01-11 12:00:00
TXN000390,ACC_SMURF_14_11,ACC_HUB_14,1133.0,2026-01-11 13:00:00
TXN000391,ACC_SMURF_14_12,ACC_HUB_14,1127.0,2026-01-11 14:00:00
TXN000392,ACC_SMURF_14_13,ACC_HUB_14,907.0,2026-01-11 15:00:00
TXN000393,ACC_SMURF_14_14,ACC_HUB_14,955.0,2026-01-11 16:00:00
TXN000394,ACC_SMURF_14_15,ACC_HUB_14,867.0,2026-01-11 17:00:00
TXN000395,ACC_HUB_14,ACC_DISP_14_1,3739.0,2026-01-15 07:00:00
TXN000396,ACC_HUB_14,ACC_DISP_14_2,3160.0,2026-01-15 08:00:00
TXN000397,ACC_HUB_14,ACC_DISP_14_3,2485.0,2026-01-15 09:00:00
TXN000398,ACC_HUB_14,ACC_DISP_14_4,2614.0,2026-01-15 10:00:00
TXN000399,ACC_HUB_14,ACC_DISP_14_5,3805.0,2026-01-15 11:00:00
TXN000400,ACC_HUB_14,ACC_DISP_14_6,2613.0,2026-01-15 12:00:00
TXN000401,ACC_HUB_14,ACC_DISP_14_7,3807.0,2026-01-15 13:00:00
TXN000402,ACC_HUB_14,ACC_DISP_14_8,3817.0,2026-01-15 14:00:00
TXN000403,ACC_SMURF_15_1,ACC_HUB_15,928.0,2026-01-11 06:00:00
TXN000404,ACC_SMURF_15_2,ACC_HUB_15,896.0,2026-01-11 07:00:00
TXN000405,ACC_SMURF_15_3,ACC_HUB_15,1181.0,2026-01-11 08:00:00
TXN000406,ACC_SMURF_15_4,ACC_HUB_15,891.0,2026-01-11 09:00:00
TXN000407,ACC_SMURF_15_5,ACC_HUB_15,1135.0,2026-01-11 10:00:00
TXN000408,ACC_SMURF_15_6,ACC_HUB_15,934.0,2026-01-11 11:00:00
TXN000409,ACC_SMURF_15_7,ACC_HUB_15,870.0,2026-01-11 12:00:00
TXN000410,ACC_SMURF_15_8,ACC_HUB_15,990.0,2026-01-11 13:00:00
TXN000411,ACC_SMURF_15_9,ACC_HUB_15,1126.0,2026-01-11 14:00:00
TXN000412,ACC_SMURF_15_10,ACC_HUB_15,1157.0,2026-01-11 15:00:00
TXN000413,ACC_SMURF_15_11,ACC_HUB_15,816.0,2026-01-11 16:00:00
TXN000414,ACC_SMURF_15_12,ACC_HUB_15,973.0,2026-01-11 17:00:00
TXN000415,ACC_SMURF_15_13,ACC_HUB_15,876.0,2026-01-11 18:00:00
TXN000416,ACC_SMURF_15_14,ACC_HUB_15,848.0,2026-01-11 19:00:00
TXN000417,ACC_SMURF_15_15,ACC_HUB_15,1183.0,2026-01-11 20:00:00
TXN000418,ACC_HUB_15,ACC_DISP_15_1,2583.0,2026-01-15 10:00:00
TXN000419,ACC_HUB_15,ACC_DISP_15_2,2180.0,2026-01-15 11:00:00
TXN000420,ACC_HUB_15,ACC_DISP_15_3,3955.0,2026-01-15 12:00:00
TXN000421,ACC_HUB_15,ACC_DISP_15_4,3832.0,2026-01-15 13:00:00
TXN000422,ACC_HUB_15,ACC_DISP_15_5,3162.0,2026-01-15 14:00:00
TXN000423,ACC_HUB_15,ACC_DISP_15_6,2499.0,2026-01-15 15:00:00
TXN000424,ACC_HUB_15,ACC_DISP_15_7,3102.0,2026-01-15 16:00:00
TXN000425,ACC_HUB_15,ACC_DISP_15_8,2328.0,2026-01-15 17:00:00
TXN000426,ACC_LAYER_1_1,ACC_LAYER_1_2,7000.0,2026-01-22 00:00:00
TXN000427,ACC_LAYER_1_2,ACC_LAYER_1_3,6800.0,2026-01-22 01:00:00
TXN000428,ACC_LAYER_1_3,ACC_LAYER_1_4,6600.0,2026-01-22 02:00:00
TXN000429,ACC_LAYER_1_4,ACC_LAYER_1_5,6400.0,2026-01-22 03:00:00
TXN000430,ACC_LAYER_2_1,ACC_LAYER_2_2,7000.0,2026-01-22 04:00:00
TXN000431,ACC_LAYER_2_2,ACC_LAYER_2_3,6800.0,2026-01-22 05:00:00
TXN000432,ACC_LAYER_2_3,ACC_LAYER_2_4,6600.0,2026-01-22 06:00:00
TXN000433,ACC_LAYER_2_4,ACC_LAYER_2_5,6400.0,2026-01-22 07:00:00
TXN000434,ACC_LAYER_3_1,ACC_LAYER_3_2,7000.0,2026-01-22 08:00:00
TXN000435,ACC_LAYER_3_2,ACC_LAYER_3_3,6800.0,2026-01-22 09:00:00
TXN000436,ACC_LAYER_3_3,ACC_LAYER_3_4,6600.0,2026-01-22 10:00:00
TXN000437,ACC_LAYER_3_4,ACC_LAYER_3_5,6400.0,2026-01-22 11:00:00
TXN000438,ACC_LAYER_4_1,ACC_LAYER_4_2,7000.0,2026-01-22 12:00:00
TXN000439,ACC_LAYER_4_2,ACC_LAYER_4_3,6800.0,2026-01-22 13:00:00
TXN000440,ACC_LAYER_4_3,ACC_LAYER_4_4,6600.0,2026-01-22 14:00:00
TXN000441,ACC_LAYER_4_4,ACC_LAYER_4_5,6400.0,2026-01-22 15:00:00
TXN000442,ACC_LAYER_5_1,ACC_LAYER_5_2,7000.0,2026-01-22 16:00:00
TXN000443,ACC_LAYER_5_2,ACC_LAYER_5_3,6800.0,2026-01-22 17:00:00
TXN000444,ACC_LAYER_5_3,ACC_LAYER_5_4,6600.0,2026-01-22 18:00:00
TXN000445,ACC_LAYER_5_4,ACC_LAYER_5_5,6400.0,2026-01-22 19:00:00
TXN000446,ACC_LAYER_6_1,ACC_LAYER_6_2,7000.0,2026-01-22 20:00:00
TXN000447,ACC_LAYER_6_2,ACC_LAYER_6_3,6800.0,2026-01-22 21:00:00
TXN000448,ACC_LAYER_6_3,ACC_LAYER_6_4,6600.0,2026-01-22 22:00:00
TXN000449,ACC_LAYER_6_4,ACC_LAYER_6_5,6400.0,2026-01-22 23:00:00
TXN000450,ACC_LAYER_7_1,ACC_LAYER_7_2,7000.0,2026-01-23 00:00:00
TXN000451,ACC_LAYER_7_2,ACC_LAYER_7_3,6800.0,2026-01-23 01:00:00
TXN000452,ACC_LAYER_7_3,ACC_LAYER_7_4,6600.0,2026-01-23 02:00:00
TXN000453,ACC_LAYER_7_4,ACC_LAYER_7_5,6400.0,2026-01-23 03:00:00
TXN000454,ACC_LAYER_8_1,ACC_LAYER_8_2,7000.0,2026-01-23 04:00:00
TXN000455,ACC_LAYER_8_2,ACC_LAYER_8_3,6800.0,2026-01-23 05:00:00
TXN000456,ACC_LAYER_8_3,ACC_LAYER_8_4,6600.0,2026-01-23 06:00:00
TXN000457,ACC_LAYER_8_4,ACC_LAYER_8_5,6400.0,2026-01-23 07:00:00
TXN000458,ACC_LAYER_9_1,ACC_LAYER_9_2,7000.0,2026-01-23 08:00:00
TXN000459,ACC_LAYER_9_2,ACC_LAYER_9_3,6800.0,2026-01-23 09:00:00
TXN000460,ACC_LAYER_9_3,ACC_LAYER_9_4,6600.0,2026-01-23 10:00:00
TXN000461,ACC_LAYER_9_4,ACC_LAYER_9_5,6400.0,2026-01-23 11:00:00
TXN000462,ACC_LAYER_10_1,ACC_LAYER_10_2,7000.0,2026-01-23 12:00:00
TXN000463,ACC_LAYER_10_2,ACC_LAYER_10_3,6800.0,2026-01-23 13:00:00
TXN000464,ACC_LAYER_10_3,ACC_LAYER_10_4,6600.0,2026-01-23 14:00:00
TXN000465,ACC_LAYER_10_4,ACC_LAYER_10_5,6400.0,2026-01-23 15:00:00
TXN000466,ACC_LAYER_11_1,ACC_LAYER_11_2,7000.0,2026-01-23 16:00:00
TXN000467,ACC_LAYER_11_2,ACC_LAYER_11_3,6800.0,2026-01-23 17:00:00
TXN000468,ACC_LAYER_11_3,ACC_LAYER_11_4,6600.0,2026-01-23 18:00:00
TXN000469,ACC_LAYER_11_4,ACC_LAYER_11_5,6400.0,2026-01-23 19:00:00
TXN000470,ACC_LAYER_12_1,ACC_LAYER_12_2,7000.0,2026-01-23 20:00:00
TXN000471,ACC_LAYER_12_2,ACC_LAYER_12_3,6800.0,2026-01-23 21:00:00
TXN000472,ACC_LAYER_12_3,ACC_LAYER_12_4,6600.0,2026-01-23 22:00:00
TXN000473,ACC_LAYER_12_4,ACC_LAYER_12_5,6400.0,2026-01-23 23:00:00
TXN000474,ACC_LAYER_13_1,ACC_LAYER_13_2,7000.0,2026-01-24 00:00:00
TXN000475,ACC_LAYER_13_2,ACC_LAYER_13_3,6800.0,2026-01-24 01:00:00
TXN000476,ACC_LAYER_13_3,ACC_LAYER_13_4,6600.0,2026-01-24 02:00:00
TXN000477,ACC_LAYER_13_4,ACC_LAYER_13_5,6400.0,2026-01-24 03:00:00
TXN000478,ACC_LAYER_14_1,ACC_LAYER_14_2,7000.0,2026-01-24 04:00:00
TXN000479,ACC_LAYER_14_2,ACC_LAYER_14_3,6800.0,2026-01-24 05:00:00
TXN000480,ACC_LAYER_14_3,ACC_LAYER_14_4,6600.0,2026-01-24 06:00:00
TXN000481,ACC_LAYER_14_4,ACC_LAYER_14_5,6400.0,2026-01-24 07:00:00
TXN000482,ACC_LAYER_15_1,ACC_LAYER_15_2,7000.0,2026-01-24 08:00:00
TXN000483,ACC_LAYER_15_2,ACC_LAYER_15_3,6800.0,2026-01-24 09:00:00
TXN000484,ACC_LAYER_15_3,ACC_LAYER_15_4,6600.0,2026-01-24 10:00:00
TXN000485,ACC_LAYER_15_4,ACC_LAYER_15_5,6400.0,2026-01-24 11:00:00
TXN000486,ACC_LAYER_16_1,ACC_LAYER_16_2,7000.0,2026-01-24 12:00:00
TXN000487,ACC_LAYER_16_2,ACC_LAYER_16_3,6800.0,2026-01-24 13:00:00
TXN000488,ACC_LAYER_16_3,ACC_LAYER_16_4,6600.0,2026-01-24 14:00:00
TXN000489,ACC_LAYER_16_4,ACC_LAYER_16_5,6400.0,2026-01-24 15:00:00
TXN000490,ACC_LAYER_17_1,ACC_LAYER_17_2,7000.0,2026-01-24 16:00:00
TXN000491,ACC_LAYER_17_2,ACC_LAYER_17_3,6800.0,2026-01-24 17:00:00
TXN000492,ACC_LAYER_17_3,ACC_LAYER_17_4,6600.0,2026-01-24 18:00:00
TXN000493,ACC_LAYER_17_4,ACC_LAYER_17_5,6400.0,2026-01-24 19:00:00
TXN000494,ACC_LAYER_18_1,ACC_LAYER_18_2,7000.0,2026-01-24 20:00:00
TXN000495,ACC_LAYER_18_2,ACC_LAYER_18_3,6800.0,2026-01-24 21:00:00
TXN000496,ACC_LAYER_18_3,ACC_LAYER_18_4,6600.0,2026-01-24 22:00:00
TXN000497,ACC_LAYER_18_4,ACC_LAYER_18_5,6400.0,2026-01-24 23:00:00
TXN000498,ACC_LAYER_19_1,ACC_LAYER_19_2,7000.0,2026-01-25 00:00:00
TXN000499,ACC_LAYER_19_2,ACC_LAYER_19_3,6800.0,2026-01-25 01:00:00
TXN000500,ACC_LAYER_19_3,ACC_LAYER_19_4,6600.0,2026-01-25 02:00:00
TXN000501,ACC_LAYER_19_4,ACC_LAYER_19_5,6400.0,2026-01-25 03:00:00
TXN000502,ACC_LAYER_20_1,ACC_LAYER_20_2,7000.0,2026-01-25 04:00:00
TXN000503,ACC_LAYER_20_2,ACC_LAYER_20_3,6800.0,2026-01-25 05:00:00
TXN000504,ACC_LAYER_20_3,ACC_LAYER_20_4,6600.0,2026-01-25 06:00:00
TXN000505,ACC_LAYER_20_4,ACC_LAYER_20_5,6400.0,2026-01-25 07:00:00
TXN000506,ACC_CUST_1_1,ACC_MERCHANT_1,318.0,2026-02-03 11:00:00
TXN000507,ACC_CUST_1_2,ACC_MERCHANT_1,259.0,2026-02-03 12:00:00
TXN000508,ACC_CUST_1_3,ACC_MERCHANT_1,343.0,2026-02-03 13:00:00
TXN000509,ACC_CUST_1_4,ACC_MERCHANT_1,303.0,2026-02-03 14:00:00
TXN000510,ACC_CUST_1_5,ACC_MERCHANT_1,358.0,2026-02-03 15:00:00
TXN000511,ACC_CUST_1_6,ACC_MERCHANT_1,400.0,2026-02-03 16:00:00
TXN000512,ACC_CUST_1_7,ACC_MERCHANT_1,251.0,2026-02-03 17:00:00
TXN000513,ACC_CUST_1_8,ACC_MERCHANT_1,222.0,2026-02-03 18:00:00
TXN000514,ACC_CUST_1_9,ACC_MERCHANT_1,434.0,2026-02-03 19:00:00
TXN000515,ACC_CUST_1_10,ACC_MERCHANT_1,165.0,2026-02-03 20:00:00
TXN000516,ACC_CUST_1_11,ACC_MERCHANT_1,378.0,2026-02-03 21:00:00
TXN000517,ACC_CUST_1_12,ACC_MERCHANT_1,136.0,2026-02-03 22:00:00
TXN000518,ACC_CUST_1_13,ACC_MERCHANT_1,293.0,2026-02-03 23:00:00
TXN000519,ACC_CUST_1_14,ACC_MERCHANT_1,107.0,2026-02-04 00:00:00
TXN000520,ACC_CUST_1_15,ACC_MERCHANT_1,321.0,2026-02-04 01:00:00
TXN000521,ACC_CUST_1_16,ACC_MERCHANT_1,433.0,2026-02-04 02:00:00
TXN000522,ACC_CUST_1_17,ACC_MERCHANT_1,213.0,2026-02-04 03:00:00
TXN000523,ACC_CUST_1_18,ACC_MERCHANT_1,258.0,2026-02-04 04:00:00
TXN000524,ACC_CUST_1_19,ACC_MERCHANT_1,221.0,2026-02-04 05:00:00
TXN000525,ACC_CUST_1_20,ACC_MERCHANT_1,357.0,2026-02-04 06:00:00
TXN000526,ACC_CUST_1_21,ACC_MERCHANT_1,206.0,2026-02-04 07:00:00
TXN000527,ACC_CUST_1_22,ACC_MERCHANT_1,227.0,2026-02-04 08:00:00
TXN000528,ACC_CUST_1_23,ACC_MERCHANT_1,485.0,2026-02-04 09:00:00
TXN000529,ACC_CUST_1_24,ACC_MERCHANT_1,239.0,2026-02-04 10:00:00
TXN000530,ACC_CUST_1_25,ACC_MERCHANT_1,177.0,2026-02-04 11:00:00
TXN000531,ACC_CUST_1_26,ACC_MERCHANT_1,273.0,2026-02-04 12:00:00
TXN000532,ACC_CUST_1_27,ACC_MERCHANT_1,396.0,2026-02-04 13:00:00
TXN000533,ACC_CUST_1_28,ACC_MERCHANT_1,242.0,2026-02-04 14:00:00
TXN000534,ACC_CUST_1_29,ACC_MERCHANT_1,129.0,2026-02-04 15:00:00
TXN000535,ACC_CUST_1_30,ACC_MERCHANT_1,473.0,2026-02-04 16:00:00
TXN000536,ACC_CUST_1_31,ACC_MERCHANT_1,460.0,2026-02-04 17:00:00
TXN000537,ACC_CUST_1_32,ACC_MERCHANT_1,246.0,2026-02-04 18:00:00
TXN000538,ACC_CUST_1_33,ACC_MERCHANT_1,129.0,2026-02-04 19:00:00
TXN000539,ACC_CUST_1_34,ACC_MERCHANT_1,431.0,2026-02-04 20:00:00
TXN000540,ACC_CUST_1_35,ACC_MERCHANT_1,435.0,2026-02-04 21:00:00
TXN000541,ACC_CUST_1_36,ACC_MERCHANT_1,213.0,2026-02-04 22:00:00
TXN000542,ACC_CUST_1_37,ACC_MERCHANT_1,276.0,2026-02-04 23:00:00
TXN000543,ACC_CUST_1_38,ACC_MERCHANT_1,478.0,2026-02-05 00:00:00
TXN000544,ACC_CUST_1_39,ACC_MERCHANT_1,448.0,2026-02-05 01:00:00
TXN000545,ACC_CUST_1_40,ACC_MERCHANT_1,102.0,2026-02-05 02:00:00
TXN000546,ACC_CUST_1_41,ACC_MERCHANT_1,313.0,2026-02-05 03:00:00
TXN000547,ACC_CUST_1_42,ACC_MERCHANT_1,103.0,2026-02-05 04:00:00
TXN000548,ACC_CUST_1_43,ACC_MERCHANT_1,230.0,2026-02-05 05:00:00
TXN000549,ACC_CUST_1_44,ACC_MERCHANT_1,356.0,2026-02-05 06:00:00
TXN000550,ACC_CUST_1_45,ACC_MERCHANT_1,150.0,2026-02-05 07:00:00
TXN000551,ACC_CUST_1_46,ACC_MERCHANT_1,155.0,2026-02-05 08:00:00
TXN000552,ACC_CUST_1_47,ACC_MERCHANT_1,141.0,2026-02-05 09:00:00
TXN000553,ACC_CUST_1_48,ACC_MERCHANT_1,105.0,2026-02-05 10:00:00
TXN000554,ACC_CUST_1_49,ACC_MERCHANT_1,337.0,2026-02-05 11:00:00
TXN000555,ACC_CUST_1_50,ACC_MERCHANT_1,327.0,2026-02-05 12:00:00
TXN000556,ACC_CUST_2_1,ACC_MERCHANT_2,433.0,2026-02-03 13:00:00
TXN000557,ACC_CUST_2_2,ACC_MERCHANT_2,197.0,2026-02-03 14:00:00
TXN000558,ACC_CUST_2_3,ACC_MERCHANT_2,375.0,2026-02-03 15:00:00
TXN000559,ACC_CUST_2_4,ACC_MERCHANT_2,277.0,2026-02-03 16:00:00
TXN000560,ACC_CUST_2_5,ACC_MERCHANT_2,79.0,2026-02-03 17:00:00
TXN000561,ACC_CUST_2_6,ACC_MERCHANT_2,281.0,2026-02-03 18:00:00
TXN000562,ACC_CUST_2_7,ACC_MERCHANT_2,375.0,2026-02-03 19:00:00
TXN000563,ACC_CUST_2_8,ACC_MERCHANT_2,193.0,2026-02-03 20:00:00
TXN000564,ACC_CUST_2_9,ACC_MERCHANT_2,402.0,2026-02-03 21:00:00
TXN000565,ACC_CUST_2_10,ACC_MERCHANT_2,158.0,2026-02-03 22:00:00
TXN000566,ACC_CUST_2_11,ACC_MERCHANT_2,314.0,2026-02-03 23:00:00
TXN000567,ACC_CUST_2_12,ACC_MERCHANT_2,269.0,2026-02-04 00:00:00
TXN000568,ACC_CUST_2_13,ACC_MERCHANT_2,281.0,2026-02-04 01:00:00
TXN000569,ACC_CUST_2_14,ACC_MERCHANT_2,119.0,2026-02-04 02:00:00
TXN000570,ACC_CUST_2_15,ACC_MERCHANT_2,402.0,2026-02-04 03:00:00
TXN000571,ACC_CUST_2_16,ACC_MERCHANT_2,113.0,2026-02-04 04:00:00
TXN000572,ACC_CUST_2_17,ACC_MERCHANT_2,150.0,2026-02-04 05:00:00
TXN000573,ACC_CUST_2_18,ACC_MERCHANT_2,220.0,2026-02-04 06:00:00
TXN000574,ACC_CUST_2_19,ACC_MERCHANT_2,425.0,2026-02-04 07:00:00
TXN000575,ACC_CUST_2_20,ACC_MERCHANT_2,85.0,2026-02-04 08:00:00
TXN000576,ACC_CUST_2_21,ACC_MERCHANT_2,62.0,2026-02-04 09:00:00
TXN000577,ACC_CUST_2_22,ACC_MERCHANT_2,240.0,2026-02-04 10:00:00
TXN000578,ACC_CUST_2_23,ACC_MERCHANT_2,333.0,2026-02-04 11:00:00
TXN000579,ACC_CUST_2_24,ACC_MERCHANT_2,212.0,2026-02-04 12:00:00
TXN000580,ACC_CUST_2_25,ACC_MERCHANT_2,443.0,2026-02-04 13:00:00
TXN000581,ACC_CUST_2_26,ACC_MERCHANT_2,269.0,2026-02-04 14:00:00
TXN000582,ACC_CUST_2_27,ACC_MERCHANT_2,185.0,2026-02-04 15:00:00
TXN000583,ACC_CUST_2_28,ACC_MERCHANT_2,478.0,2026-02-04 16:00:00
TXN000584,ACC_CUST_2_29,ACC_MERCHANT_2,110.0,2026-02-04 17:00:00
TXN000585,ACC_CUST_2_30,ACC_MERCHANT_2,378.0,2026-02-04 18:00:00
TXN000586,ACC_CUST_2_31,ACC_MERCHANT_2,84.0,2026-02-04 19:00:00
TXN000587,ACC_CUST_2_32,ACC_MERCHANT_2,380.0,2026-02-04 20:00:00
TXN000588,ACC_CUST_2_33,ACC_MERCHANT_2,68.0,2026-02-04 21:00:00
TXN000589,ACC_CUST_2_34,ACC_MERCHANT_2,301.0,2026-02-04 22:00:00
TXN000590,ACC_CUST_2_35,ACC_MERCHANT_2,375.0,2026-02-04 23:00:00
TXN000591,ACC_CUST_2_36,ACC_MERCHANT_2,422.0,2026-02-05 00:00:00
TXN000592,ACC_CUST_2_37,ACC_MERCHANT_2,179.0,2026-02-05 01:00:00
TXN000593,ACC_CUST_2_38,ACC_MERCHANT_2,134.0,2026-02-05 02:00:00
TXN000594,ACC_CUST_2_39,ACC_MERCHANT_2,190.0,2026-02-05 03:00:00
TXN000595,ACC_CUST_2_40,ACC_MERCHANT_2,351.0,2026-02-05 04:00:00
TXN000596,ACC_CUST_2_41,ACC_MERCHANT_2,189.0,2026-02-05 05:00:00
TXN000597,ACC_CUST_2_42,ACC_MERCHANT_2,463.0,2026-02-05 06:00:00
TXN000598,ACC_CUST_2_43,ACC_MERCHANT_2,361.0,2026-02-05 07:00:00
TXN000599,ACC_CUST_2_44,ACC_MERCHANT_2,295.0,2026-02-05 08:00:00
TXN000600,ACC_CUST_2_45,ACC_MERCHANT_2,218.0,2026-02-05 09:00:00
TXN000601,ACC_CUST_2_46,ACC_MERCHANT_2,393.0,2026-02-05 10:00:00
TXN000602,ACC_CUST_2_47,ACC_MERCHANT_2,255.0,2026-02-05 11:00:00
TXN000603,ACC_CUST_2_48,ACC_MERCHANT_2,413.0,2026-02-05 12:00:00
TXN000604,ACC_CUST_2_49,ACC_MERCHANT_2,216.0,2026-02-05 13:00:00
TXN000605,ACC_CUST_2_50,ACC_MERCHANT_2,70.0,2026-02-05 14:00:00
TXN000606,ACC_CUST_3_1,ACC_MERCHANT_3,312.0,2026-02-03 15:00:00
TXN000607,ACC_CUST_3_2,ACC_MERCHANT_3,383.0,2026-02-03 16:00:00
TXN000608,ACC_CUST_3_3,ACC_MERCHANT_3,58.0,2026-02-03 17:00:00
TXN000609,ACC_CUST_3_4,ACC_MERCHANT_3,168.0,2026-02-03 18:00:00
TXN000610,ACC_CUST_3_5,ACC_MERCHANT_3,451.0,2026-02-03 19:00:00
TXN000611,ACC_CUST_3_6,ACC_MERCHANT_3,86.0,2026-02-03 20:00:00
TXN000612,ACC_CUST_3_7,ACC_MERCHANT_3,71.0,2026-02-03 21:00:00
TXN000613,ACC_CUST_3_8,ACC_MERCHANT_3,457.0,2026-02-03 22:00:00
TXN000614,ACC_CUST_3_9,ACC_MERCHANT_3,164.0,2026-02-03 23:00:00
TXN000615,ACC_CUST_3_10,ACC_MERCHANT_3,363.0,2026-02-04 00:00:00
TXN000616,ACC_CUST_3_11,ACC_MERCHANT_3,57.0,2026-02-04 01:00:00
TXN000617,ACC_CUST_3_12,ACC_MERCHANT_3,382.0,2026-02-04 02:00:00
TXN000618,ACC_CUST_3_13,ACC_MERCHANT_3,494.0,2026-02-04 03:00:00
TXN000619,ACC_CUST_3_14,ACC_MERCHANT_3,341.0,2026-02-04 04:00:00
TXN000620,ACC_CUST_3_15,ACC_MERCHANT_3,484.0,2026-02-04 05:00:00
TXN000621,ACC_CUST_3_16,ACC_MERCHANT_3,52.0,2026-02-04 06:00:00
TXN000622,ACC_CUST_3_17,ACC_MERCHANT_3,405.0,2026-02-04 07:00:00
TXN000623,ACC_CUST_3_18,ACC_MERCHANT_3,329.0,2026-02-04 08:00:00
TXN000624,ACC_CUST_3_19,ACC_MERCHANT_3,403.0,2026-02-04 09:00:00
TXN000625,ACC_CUST_3_20,ACC_MERCHANT_3,115.0,2026-02-04 10:00:00
TXN000626,ACC_CUST_3_21,ACC_MERCHANT_3,188.0,2026-02-04 11:00:00
TXN000627,ACC_CUST_3_22,ACC_MERCHANT_3,119.0,2026-02-04 12:00:00
TXN000628,ACC_CUST_3_23,ACC_MERCHANT_3,408.0,2026-02-04 13:00:00
TXN000629,ACC_CUST_3_24,ACC_MERCHANT_3,187.0,2026-02-04 14:00:00
TXN000630,ACC_CUST_3_25,ACC_MERCHANT_3,418.0,2026-02-04 15:00:00
TXN000631,ACC_CUST_3_26,ACC_MERCHANT_3,207.0,2026-02-04 16:00:00
TXN000632,ACC_CUST_3_27,ACC_MERCHANT_3,462.0,2026-02-04 17:00:00
TXN000633,ACC_CUST_3_28,ACC_MERCHANT_3,477.0,2026-02-04 18:00:00
TXN000634,ACC_CUST_3_29,ACC_MERCHANT_3,78.0,2026-02-04 19:00:00
TXN000635,ACC_CUST_3_30,ACC_MERCHANT_3,381.0,2026-02-04 20:00:00
TXN000636,ACC_CUST_3_31,ACC_MERCHANT_3,440.0,2026-02-04 21:00:00
TXN000637,ACC_CUST_3_32,ACC_MERCHANT_3,93.0,2026-02-04 22:00:00
TXN000638,ACC_CUST_3_33,ACC_MERCHANT_3,138.0,2026-02-04 23:00:00
TXN000639,ACC_CUST_3_34,ACC_MERCHANT_3,58.0,2026-02-05 00:00:00
TXN000640,ACC_CUST_3_35,ACC_MERCHANT_3,188.0,2026-02-05 01:00:00
TXN000641,ACC_CUST_3_36,ACC_MERCHANT_3,248.0,2026-02-05 02:00:00
TXN000642,ACC_CUST_3_37,ACC_MERCHANT_3,237.0,2026-02-05 03:00:00
TXN000643,ACC_CUST_3_38,ACC_MERCHANT_3,56.0,2026-02-05 04:00:00
TXN000644,ACC_CUST_3_39,ACC_MERCHANT_3,464.0,2026-02-05 05:00:00
TXN000645,ACC_CUST_3_40,ACC_MERCHANT_3,210.0,2026-02-05 06:00:00
TXN000646,ACC_CUST_3_41,ACC_MERCHANT_3,101.0,2026-02-05 07:00:00
TXN000647,ACC_CUST_3_42,ACC_MERCHANT_3,448.0,2026-02-05 08:00:00
TXN000648,ACC_CUST_3_43,ACC_MERCHANT_3,121.0,2026-02-05 09:00:00
TXN000649,ACC_CUST_3_44,ACC_MERCHANT_3,114.0,2026-02-05 10:00:00
TXN000650,ACC_CUST_3_45,ACC_MERCHANT_3,467.0,2026-02-05 11:00:00
TXN000651,ACC_CUST_3_46,ACC_MERCHANT_3,144.0,2026-02-05 12:00:00
TXN000652,ACC_CUST_3_47,ACC_MERCHANT_3,316.0,2026-02-05 13:00:00
TXN000653,ACC_CUST_3_48,ACC_MERCHANT_3,413.0,2026-02-05 14:00:00
TXN000654,ACC_CUST_3_49,ACC_MERCHANT_3,358.0,2026-02-05 15:00:00
TXN000655,ACC_CUST_3_50,ACC_MERCHANT_3,459.0,2026-02-05 16:00:00
TXN000656,ACC_CUST_4_1,ACC_MERCHANT_4,114.0,2026-02-03 17:00:00
TXN000657,ACC_CUST_4_2,ACC_MERCHANT_4,445.0,2026-02-03 18:00:00
TXN000658,ACC_CUST_4_3,ACC_MERCHANT_4,59.0,2026-02-03 19:00:00
TXN000659,ACC_CUST_4_4,ACC_MERCHANT_4,213.0,2026-02-03 20:00:00
TXN000660,ACC_CUST_4_5,ACC_MERCHANT_4,161.0,2026-02-03 21:00:00
TXN000661,ACC_CUST_4_6,ACC_MERCHANT_4,63.0,2026-02-03 22:00:00
TXN000662,ACC_CUST_4_7,ACC_MERCHANT_4,321.0,2026-02-03 23:00:00
TXN000663,ACC_CUST_4_8,ACC_MERCHANT_4,359.0,2026-02-04 00:00:00
TXN000664,ACC_CUST_4_9,ACC_MERCHANT_4,57.0,2026-02-04 01:00:00
TXN000665,ACC_CUST_4_10,ACC_MERCHANT_4,283.0,2026-02-04 02:00:00
TXN000666,ACC_CUST_4_11,ACC_MERCHANT_4,424.0,2026-02-04 03:00:00
TXN000667,ACC_CUST_4_12,ACC_MERCHANT_4,119.0,2026-02-04 04:00:00
TXN000668,ACC_CUST_4_13,ACC_MERCHANT_4,247.0,2026-02-04 05:00:00
TXN000669,ACC_CUST_4_14,ACC_MERCHANT_4,413.0,2026-02-04 06:00:00
TXN000670,ACC_CUST_4_15,ACC_MERCHANT_4,53.0,2026-02-04 07:00:00
TXN000671,ACC_CUST_4_16,ACC_MERCHANT_4,67.0,2026-02-04 08:00:00
TXN000672,ACC_CUST_4_17,ACC_MERCHANT_4,158.0,2026-02-04 09:00:00
TXN000673,ACC_CUST_4_18,ACC_MERCHANT_4,114.0,2026-02-04 10:00:00
TXN000674,ACC_CUST_4_19,ACC_MERCHANT_4,137.0,2026-02-04 11:00:00
TXN000675,ACC_CUST_4_20,ACC_MERCHANT_4,185.0,2026-02-04 12:00:00
TXN000676,ACC_CUST_4_21,ACC_MERCHANT_4,152.0,2026-02-04 13:00:00
TXN000677,ACC_CUST_4_22,ACC_MERCHANT_4,101.0,2026-02-04 14:00:00
TXN000678,ACC_CUST_4_23,ACC_MERCHANT_4,274.0,2026-02-04 15:00:00
TXN000679,ACC_CUST_4_24,ACC_MERCHANT_4,158.0,2026-02-04 16:00:00
TXN000680,ACC_CUST_4_25,ACC_MERCHANT_4,89.0,2026-02-04 17:00:00
TXN000681,ACC_CUST_4_26,ACC_MERCHANT_4,437.0,2026-02-04 18:00:00
TXN000682,ACC_CUST_4_27,ACC_MERCHANT_4,54.0,2026-02-04 19:00:00
TXN000683,ACC_CUST_4_28,ACC_MERCHANT_4,454.0,2026-02-04 20:00:00
TXN000684,ACC_CUST_4_29,ACC_MERCHANT_4,459.0,2026-02-04 21:00:00
TXN000685,ACC_CUST_4_30,ACC_MERCHANT_4,269.0,2026-02-04 22:00:00
TXN000686,ACC_CUST_4_31,ACC_MERCHANT_4,172.0,2026-02-04 23:00:00
TXN000687,ACC_CUST_4_32,ACC_MERCHANT_4,85.0,2026-02-05 00:00:00
TXN000688,ACC_CUST_4_33,ACC_MERCHANT_4,183.0,2026-02-05 01:00:00
TXN000689,ACC_CUST_4_34,ACC_MERCHANT_4,240.0,2026-02-05 02:00:00
TXN000690,ACC_CUST_4_35,ACC_MERCHANT_4,131.0,2026-02-05 03:00:00
TXN000691,ACC_CUST_4_36,ACC_MERCHANT_4,195.0,2026-02-05 04:00:00
TXN000692,ACC_CUST_4_37,ACC_MERCHANT_4,420.0,2026-02-05 05:00:00
TXN000693,ACC_CUST_4_38,ACC_MERCHANT_4,172.0,2026-02-05 06:00:00
TXN000694,ACC_CUST_4_39,ACC_MERCHANT_4,155.0,2026-02-05 07:00:00
TXN000695,ACC_CUST_4_40,ACC_MERCHANT_4,448.0,2026-02-05 08:00:00
TXN000696,ACC_CUST_4_41,ACC_MERCHANT_4,248.0,2026-02-05 09:00:00
TXN000697,ACC_CUST_4_42,ACC_MERCHANT_4,397.0,2026-02-05 10:00:00
TXN000698,ACC_CUST_4_43,ACC_MERCHANT_4,430.0,2026-02-05 11:00:00
TXN000699,ACC_CUST_4_44,ACC_MERCHANT_4,79.0,2026-02-05 12:00:00
TXN000700,ACC_CUST_4_45,ACC_MERCHANT_4,131.0,2026-02-05 13:00:00
TXN000701,ACC_CUST_4_46,ACC_MERCHANT_4,115.0,2026-02-05 14:00:00
TXN000702,ACC_CUST_4_47,ACC_MERCHANT_4,302.0,2026-02-05 15:00:00
TXN000703,ACC_CUST_4_48,ACC_MERCHANT_4,492.0,2026-02-05 16:00:00
TXN000704,ACC_CUST_4_49,ACC_MERCHANT_4,71.0,2026-02-05 17:00:00
TXN000705,ACC_CUST_4_50,ACC_MERCHANT_4,61.0,2026-02-05 18:00:00
TXN000706,ACC_CUST_5_1,ACC_MERCHANT_5,165.0,2026-02-03 19:00:00
TXN000707,ACC_CUST_5_2,ACC_MERCHANT_5,70.0,2026-02-03 20:00:00
TXN000708,ACC_CUST_5_3,ACC_MERCHANT_5,363.0,2026-02-03 21:00:00
TXN000709,ACC_CUST_5_4,ACC_MERCHANT_5,489.0,2026-02-03 22:00:00
TXN000710,ACC_CUST_5_5,ACC_MERCHANT_5,493.0,2026-02-03 23:00:00
TXN000711,ACC_CUST_5_6,ACC_MERCHANT_5,334.0,2026-02-04 00:00:00
TXN000712,ACC_CUST_5_7,ACC_MERCHANT_5,435.0,2026-02-04 01:00:00
TXN000713,ACC_CUST_5_8,ACC_MERCHANT_5,350.0,2026-02-04 02:00:00
TXN000714,ACC_CUST_5_9,ACC_MERCHANT_5,292.0,2026-02-04 03:00:00
TXN000715,ACC_CUST_5_10,ACC_MERCHANT_5,366.0,2026-02-04 04:00:00
TXN000716,ACC_CUST_5_11,ACC_MERCHANT_5,107.0,2026-02-04 05:00:00
TXN000717,ACC_CUST_5_12,ACC_MERCHANT_5,302.0,2026-02-04 06:00:00
TXN000718,ACC_CUST_5_13,ACC_MERCHANT_5,355.0,2026-02-04 07:00:00
TXN000719,ACC_CUST_5_14,ACC_MERCHANT_5,249.0,2026-02-04 08:00:00
TXN000720,ACC_CUST_5_15,ACC_MERCHANT_5,162.0,2026-02-04 09:00:00
TXN000721,ACC_CUST_5_16,ACC_MERCHANT_5,321.0,2026-02-04 10:00:00
TXN000722,ACC_CUST_5_17,ACC_MERCHANT_5,396.0,2026-02-04 11:00:00
TXN000723,ACC_CUST_5_18,ACC_MERCHANT_5,404.0,2026-02-04 12:00:00
TXN000724,ACC_CUST_5_19,ACC_MERCHANT_5,490.0,2026-02-04 13:00:00
TXN000725,ACC_CUST_5_20,ACC_MERCHANT_5,351.0,2026-02-04 14:00:00
TXN000726,ACC_CUST_5_21,ACC_MERCHANT_5,340.0,2026-02-04 15:00:00
TXN000727,ACC_CUST_5_22,ACC_MERCHANT_5,382.0,2026-02-04 16:00:00
TXN000728,ACC_CUST_5_23,ACC_MERCHANT_5,85.0,2026-02-04 17:00:00
TXN000729,ACC_CUST_5_24,ACC_MERCHANT_5,294.0,2026-02-04 18:00:00
TXN000730,ACC_CUST_5_25,ACC_MERCHANT_5,403.0,2026-02-04 19:00:00
TXN000731,ACC_CUST_5_26,ACC_MERCHANT_5,59.0,2026-02-04 20:00:00
TXN000732,ACC_CUST_5_27,ACC_MERCHANT_5,456.0,2026-02-04 21:00:00
TXN000733,ACC_CUST_5_28,ACC_MERCHANT_5,87.0,2026-02-04 22:00:00
TXN000734,ACC_CUST_5_29,ACC_MERCHANT_5,414.0,2026-02-04 23:00:00
TXN000735,ACC_CUST_5_30,ACC_MERCHANT_5,431.0,2026-02-05 00:00:00
TXN000736,ACC_CUST_5_31,ACC_MERCHANT_5,276.0,2026-02-05 01:00:00
TXN000737,ACC_CUST_5_32,ACC_MERCHANT_5,266.0,2026-02-05 02:00:00
TXN000738,ACC_CUST_5_33,ACC_MERCHANT_5,364.0,2026-02-05 03:00:00
TXN000739,ACC_CUST_5_34,ACC_MERCHANT_5,374.0,2026-02-05 04:00:00
TXN000740,ACC_CUST_5_35,ACC_MERCHANT_5,222.0,2026-02-05 05:00:00
TXN000741,ACC_CUST_5_36,ACC_MERCHANT_5,411.0,2026-02-05 06:00:00
TXN000742,ACC_CUST_5_37,ACC_MERCHANT_5,122.0,2026-02-05 07:00:00
TXN000743,ACC_CUST_5_38,ACC_MERCHANT_5,425.0,2026-02-05 08:00:00
TXN000744,ACC_CUST_5_39,ACC_MERCHANT_5,321.0,2026-02-05 09:00:00
TXN000745,ACC_CUST_5_40,ACC_MERCHANT_5,391.0,2026-02-05 10:00:00
TXN000746,ACC_CUST_5_41,ACC_MERCHANT_5,500.0,2026-02-05 11:00:00
TXN000747,ACC_CUST_5_42,ACC_MERCHANT_5,131.0,2026-02-05 12:00:00
TXN000748,ACC_CUST_5_43,ACC_MERCHANT_5,439.0,2026-02-05 13:00:00
TXN000749,ACC_CUST_5_44,ACC_MERCHANT_5,332.0,2026-02-05 14:00:00
TXN000750,ACC_CUST_5_45,ACC_MERCHANT_5,464.0,2026-02-05 15:00:00
TXN000751,ACC_CUST_5_46,ACC_MERCHANT_5,97.0,2026-02-05 16:00:00
TXN000752,ACC_CUST_5_47,ACC_MERCHANT_5,253.0,2026-02-05 17:00:00
TXN000753,ACC_CUST_5_48,ACC_MERCHANT_5,147.0,2026-02-05 18:00:00
TXN000754,ACC_CUST_5_49,ACC_MERCHANT_5,198.0,2026-02-05 19:00:00
TXN000755,ACC_CUST_5_50,ACC_MERCHANT_5,307.0,2026-02-05 20:00:00
TXN000756,ACC_CUST_6_1,ACC_MERCHANT_6,302.0,2026-02-03 21:00:00
TXN000757,ACC_CUST_6_2,ACC_MERCHANT_6,279.0,2026-02-03 22:00:00
TXN000758,ACC_CUST_6_3,ACC_MERCHANT_6,245.0,2026-02-03 23:00:00
TXN000759,ACC_CUST_6_4,ACC_MERCHANT_6,183.0,2026-02-04 00:00:00
TXN000760,ACC_CUST_6_5,ACC_MERCHANT_6,143.0,2026-02-04 01:00:00
TXN000761,ACC_CUST_6_6,ACC_MERCHANT_6,146.0,2026-02-04 02:00:00
TXN000762,ACC_CUST_6_7,ACC_MERCHANT_6,169.0,2026-02-04 03:00:00
TXN000763,ACC_CUST_6_8,ACC_MERCHANT_6,410.0,2026-02-04 04:00:00
TXN000764,ACC_CUST_6_9,ACC_MERCHANT_6,300.0,2026-02-04 05:00:00
TXN000765,ACC_CUST_6_10,ACC_MERCHANT_6,396.0,2026-02-04 06:00:00
TXN000766,ACC_CUST_6_11,ACC_MERCHANT_6,360.0,2026-02-04 07:00:00
TXN000767,ACC_CUST_6_12,ACC_MERCHANT_6,114.0,2026-02-04 08:00:00
TXN000768,ACC_CUST_6_13,ACC_MERCHANT_6,244.0,2026-02-04 09:00:00
TXN000769,ACC_CUST_6_14,ACC_MERCHANT_6,88.0,2026-02-04 10:00:00
TXN000770,ACC_CUST_6_15,ACC_MERCHANT_6,460.0,2026-02-04 11:00:00
TXN000771,ACC_CUST_6_16,ACC_MERCHANT_6,274.0,2026-02-04 12:00:00
TXN000772,ACC_CUST_6_17,ACC_MERCHANT_6,237.0,2026-02-04 13:00:00
TXN000773,ACC_CUST_6_18,ACC_MERCHANT_6,327.0,2026-02-04 14:00:00
TXN000774,ACC_CUST_6_19,ACC_MERCHANT_6,121.0,2026-02-04 15:00:00
TXN000775,ACC_CUST_6_20,ACC_MERCHANT_6,311.0,2026-02-04 16:00:00
TXN000776,ACC_CUST_6_21,ACC_MERCHANT_6,186.0,2026-02-04 17:00:00
TXN000777,ACC_CUST_6_22,ACC_MERCHANT_6,243.0,2026-02-04 18:00:00
TXN000778,ACC_CUST_6_23,ACC_MERCHANT_6,160.0,2026-02-04 19:00:00
TXN000779,ACC_CUST_6_24,ACC_MERCHANT_6,217.0,2026-02-04 20:00:00
TXN000780,ACC_CUST_6_25,ACC_MERCHANT_6,252.0,2026-02-04 21:00:00
TXN000781,ACC_CUST_6_26,ACC_MERCHANT_6,73.0,2026-02-04 22:00:00
TXN000782,ACC_CUST_6_27,ACC_MERCHANT_6,87.0,2026-02-04 23:00:00
TXN000783,ACC_CUST_6_28,ACC_MERCHANT_6,155.0,2026-02-05 00:00:00
TXN000784,ACC_CUST_6_29,ACC_MERCHANT_6,404.0,2026-02-05 01:00:00
TXN000785,ACC_CUST_6_30,ACC_MERCHANT_6,408.0,2026-02-05 02:00:00
TXN000786,ACC_CUST_6_31,ACC_MERCHANT_6,152.0,2026-02-05 03:00:00
TXN000787,ACC_CUST_6_32,ACC_MERCHANT_6,378.0,2026-02-05 04:00:00
TXN000788,ACC_CUST_6_33,ACC_MERCHANT_6,469.0,2026-02-05 05:00:00
TXN000789,ACC_CUST_6_34,ACC_MERCHANT_6,383.0,2026-02-05 06:00:00
TXN000790,ACC_CUST_6_35,ACC_MERCHANT_6,298.0,2026-02-05 07:00:00
TXN000791,ACC_CUST_6_36,ACC_MERCHANT_6,294.0,2026-02-05 08:00:00
TXN000792,ACC_CUST_6_37,ACC_MERCHANT_6,488.0,2026-02-05 09:00:00
TXN000793,ACC_CUST_6_38,ACC_MERCHANT_6,67.0,2026-02-05 10:00:00
TXN000794,ACC_CUST_6_39,ACC_MERCHANT_6,469.0,2026-02-05 11:00:00
TXN000795,ACC_CUST_6_40,ACC_MERCHANT_6,138.0,2026-02-05 12:00:00
TXN000796,ACC_CUST_6_41,ACC_MERCHANT_6,82.0,2026-02-05 13:00:00
TXN000797,ACC_CUST_6_42,ACC_MERCHANT_6,496.0,2026-02-05 14:00:00
TXN000798,ACC_CUST_6_43,ACC_MERCHANT_6,175.0,2026-02-05 15:00:00
TXN000799,ACC_CUST_6_44,ACC_MERCHANT_6,210.0,2026-02-05 16:00:00
TXN000800,ACC_CUST_6_45,ACC_MERCHANT_6,223.0,2026-02-05 17:00:00
TXN000801,ACC_CUST_6_46,ACC_MERCHANT_6,246.0,2026-02-05 18:00:00
TXN000802,ACC_CUST_6_47,ACC_MERCHANT_6,391.0,2026-02-05 19:00:00
TXN000803,ACC_CUST_6_48,ACC_MERCHANT_6,490.0,2026-02-05 20:00:00
TXN000804,ACC_CUST_6_49,ACC_MERCHANT_6,394.0,2026-02-05 21:00:00
TXN000805,ACC_CUST_6_50,ACC_MERCHANT_6,342.0,2026-02-05 22:00:00
TXN000806,ACC_CUST_7_1,ACC_MERCHANT_7,64.0,2026-02-03 23:00:00
TXN000807,ACC_CUST_7_2,ACC_MERCHANT_7,118.0,2026-02-04 00:00:00
TXN000808,ACC_CUST_7_3,ACC_MERCHANT_7,426.0,2026-02-04 01:00:00
TXN000809,ACC_CUST_7_4,ACC_MERCHANT_7,486.0,2026-02-04 02:00:00
TXN000810,ACC_CUST_7_5,ACC_MERCHANT_7,264.0,2026-02-04 03:00:00
TXN000811,ACC_CUST_7_6,ACC_MERCHANT_7,114.0,2026-02-04 04:00:00
TXN000812,ACC_CUST_7_7,ACC_MERCHANT_7,317.0,2026-02-04 05:00:00
TXN000813,ACC_CUST_7_8,ACC_MERCHANT_7,160.0,2026-02-04 06:00:00
TXN000814,ACC_CUST_7_9,ACC_MERCHANT_7,464.0,2026-02-04 07:00:00
TXN000815,ACC_CUST_7_10,ACC_MERCHANT_7,250.0,2026-02-04 08:00:00
TXN000816,ACC_CUST_7_11,ACC_MERCHANT_7,485.0,2026-02-04 09:00:00
TXN000817,ACC_CUST_7_12,ACC_MERCHANT_7,296.0,2026-02-04 10:00:00
TXN000818,ACC_CUST_7_13,ACC_MERCHANT_7,143.0,2026-02-04 11:00:00
TXN000819,ACC_CUST_7_14,ACC_MERCHANT_7,230.0,2026-02-04 12:00:00
TXN000820,ACC_CUST_7_15,ACC_MERCHANT_7,408.0,2026-02-04 13:00:00
TXN000821,ACC_CUST_7_16,ACC_MERCHANT_7,117.0,2026-02-04 14:00:00
TXN000822,ACC_CUST_7_17,ACC_MERCHANT_7,214.0,2026-02-04 15:00:00
TXN000823,ACC_CUST_7_18,ACC_MERCHANT_7,477.0,2026-02-04 16:00:00
TXN000824,ACC_CUST_7_19,ACC_MERCHANT_7,83.0,2026-02-04 17:00:00
TXN000825,ACC_CUST_7_20,ACC_MERCHANT_7,230.0,2026-02-04 18:00:00
TXN000826,ACC_CUST_7_21,ACC_MERCHANT_7,226.0,2026-02-04 19:00:00
TXN000827,ACC_CUST_7_22,ACC_MERCHANT_7,299.0,2026-02-04 20:00:00
TXN000828,ACC_CUST_7_23,ACC_MERCHANT_7,340.0,2026-02-04 21:00:00
TXN000829,ACC_CUST_7_24,ACC_MERCHANT_7,106.0,2026-02-04 22:00:00
TXN000830,ACC_CUST_7_25,ACC_MERCHANT_7,134.0,2026-02-04 23:00:00
TXN000831,ACC_CUST_7_26,ACC_MERCHANT_7,195.0,2026-02-05 00:00:00
TXN000832,ACC_CUST_7_27,ACC_MERCHANT_7,77.0,2026-02-05 01:00:00
TXN000833,ACC_CUST_7_28,ACC_MERCHANT_7,285.0,2026-02-05 02:00:00
TXN000834,ACC_CUST_7_29,ACC_MERCHANT_7,264.0,2026-02-05 03:00:00
TXN000835,ACC_CUST_7_30,ACC_MERCHANT_7,236.0,2026-02-05 04:00:00
TXN000836,ACC_CUST_7_31,ACC_MERCHANT_7,208.0,2026-02-05 05:00:00
TXN000837,ACC_CUST_7_32,ACC_MERCHANT_7,412.0,2026-02-05 06:00:00
TXN000838,ACC_CUST_7_33,ACC_MERCHANT_7,287.0,2026-02-05 07:00:00
TXN000839,ACC_CUST_7_34,ACC_MERCHANT_7,408.0,2026-02-05 08:00:00
TXN000840,ACC_CUST_7_35,ACC_MERCHANT_7,185.0,2026-02-05 09:00:00
TXN000841,ACC_CUST_7_36,ACC_MERCHANT_7,451.0,2026-02-05 10:00:00
TXN000842,ACC_CUST_7_37,ACC_MERCHANT_7,457.0,2026-02-05 11:00:00
TXN000843,ACC_CUST_7_38,ACC_MERCHANT_7,283.0,2026-02-05 12:00:00
TXN000844,ACC_CUST_7_39,ACC_MERCHANT_7,277.0,2026-02-05 13:00:00
TXN000845,ACC_CUST_7_40,ACC_MERCHANT_7,352.0,2026-02-05 14:00:00
TXN000846,ACC_CUST_7_41,ACC_MERCHANT_7,452.0,2026-02-05 15:00:00
TXN000847,ACC_CUST_7_42,ACC_MERCHANT_7,169.0,2026-02-05 16:00:00
TXN000848,ACC_CUST_7_43,ACC_MERCHANT_7,77.0,2026-02-05 17:00:00
TXN000849,ACC_CUST_7_44,ACC_MERCHANT_7,371.0,2026-02-05 18:00:00
TXN000850,ACC_CUST_7_45,ACC_MERCHANT_7,356.0,2026-02-05 19:00:00
TXN000851,ACC_CUST_7_46,ACC_MERCHANT_7,129.0,2026-02-05 20:00:00
TXN000852,ACC_CUST_7_47,ACC_MERCHANT_7,86.0,2026-02-05 21:00:00
TXN000853,ACC_CUST_7_48,ACC_MERCHANT_7,216.0,2026-02-05 22:00:00
TXN000854,ACC_CUST_7_49,ACC_MERCHANT_7,275.0,2026-02-05 23:00:00
TXN000855,ACC_CUST_7_50,ACC_MERCHANT_7,280.0,2026-02-06 00:00:00
TXN000856,ACC_CUST_8_1,ACC_MERCHANT_8,132.0,2026-02-04 01:00:00
TXN000857,ACC_CUST_8_2,ACC_MERCHANT_8,86.0,2026-02-04 02:00:00
TXN000858,ACC_CUST_8_3,ACC_MERCHANT_8,332.0,2026-02-04 03:00:00
TXN000859,ACC_CUST_8_4,ACC_MERCHANT_8,176.0,2026-02-04 04:00:00
TXN000860,ACC_CUST_8_5,ACC_MERCHANT_8,365.0,2026-02-04 05:00:00
TXN000861,ACC_CUST_8_6,ACC_MERCHANT_8,439.0,2026-02-04 06:00:00
TXN000862,ACC_CUST_8_7,ACC_MERCHANT_8,272.0,2026-02-04 07:00:00
TXN000863,ACC_CUST_8_8,ACC_MERCHANT_8,279.0,2026-02-04 08:00:00
TXN000864,ACC_CUST_8_9,ACC_MERCHANT_8,379.0,2026-02-04 09:00:00
TXN000865,ACC_CUST_8_10,ACC_MERCHANT_8,299.0,2026-02-04 10:00:00
TXN000866,ACC_CUST_8_11,ACC_MERCHANT_8,378.0,2026-02-04 11:00:00
TXN000867,ACC_CUST_8_12,ACC_MERCHANT_8,273.0,2026-02-04 12:00:00
TXN000868,ACC_CUST_8_13,ACC_MERCHANT_8,364.0,2026-02-04 13:00:00
TXN000869,ACC_CUST_8_14,ACC_MERCHANT_8,242.0,2026-02-04 14:00:00
TXN000870,ACC_CUST_8_15,ACC_MERCHANT_8,316.0,2026-02-04 15:00:00
TXN000871,ACC_CUST_8_16,ACC_MERCHANT_8,175.0,2026-02-04 16:00:00
TXN000872,ACC_CUST_8_17,ACC_MERCHANT_8,62.0,2026-02-04 17:00:00
TXN000873,ACC_CUST_8_18,ACC_MERCHANT_8,364.0,2026-02-04 18:00:00
TXN000874,ACC_CUST_8_19,ACC_MERCHANT_8,255.0,2026-02-04 19:00:00
TXN000875,ACC_CUST_8_20,ACC_MERCHANT_8,238.0,2026-02-04 20:00:00
TXN000876,ACC_CUST_8_21,ACC_MERCHANT_8,411.0,2026-02-04 21:00:00
TXN000877,ACC_CUST_8_22,ACC_MERCHANT_8,460.0,2026-02-04 22:00:00
TXN000878,ACC_CUST_8_23,ACC_MERCHANT_8,402.0,2026-02-04 23:00:00
TXN000879,ACC_CUST_8_24,ACC_MERCHANT_8,307.0,2026-02-05 00:00:00
TXN000880,ACC_CUST_8_25,ACC_MERCHANT_8,316.0,2026-02-05 01:00:00
TXN000881,ACC_CUST_8_26,ACC_MERCHANT_8,471.0,2026-02-05 02:00:00
TXN000882,ACC_CUST_8_27,ACC_MERCHANT_8,368.0,2026-02-05 03:00:00
TXN000883,ACC_CUST_8_28,ACC_MERCHANT_8,354.0,2026-02-05 04:00:00
TXN000884,ACC_CUST_8_29,ACC_MERCHANT_8,105.0,2026-02-05 05:00:00
TXN000885,ACC_CUST_8_30,ACC_MERCHANT_8,169.0,2026-02-05 06:00:00
TXN000886,ACC_CUST_8_31,ACC_MERCHANT_8,113.0,2026-02-05 07:00:00
TXN000887,ACC_CUST_8_32,ACC_MERCHANT_8,392.0,2026-02-05 08:00:00
TXN000888,ACC_CUST_8_33,ACC_MERCHANT_8,399.0,2026-02-05 09:00:00
TXN000889,ACC_CUST_8_34,ACC_MERCHANT_8,81.0,2026-02-05 10:00:00
TXN000890,ACC_CUST_8_35,ACC_MERCHANT_8,391.0,2026-02-05 11:00:00
TXN000891,ACC_CUST_8_36,ACC_MERCHANT_8,358.0,2026-02-05 12:00:00
TXN000892,ACC_CUST_8_37,ACC_MERCHANT_8,98.0,2026-02-05 13:00:00
TXN000893,ACC_CUST_8_38,ACC_MERCHANT_8,339.0,2026-02-05 14:00:00
TXN000894,ACC_CUST_8_39,ACC_MERCHANT_8,466.0,2026-02-05 15:00:00
TXN000895,ACC_CUST_8_40,ACC_MERCHANT_8,69.0,2026-02-05 16:00:00
TXN000896,ACC_CUST_8_41,ACC_MERCHANT_8,278.0,2026-02-05 17:00:00
TXN000897,ACC_CUST_8_42,ACC_MERCHANT_8,496.0,2026-02-05 18:00:00
TXN000898,ACC_CUST_8_43,ACC_MERCHANT_8,314.0,2026-02-05 19:00:00
TXN000899,ACC_CUST_8_44,ACC_MERCHANT_8,351.0,2026-02-05 20:00:00
TXN000900,ACC_CUST_8_45,ACC_MERCHANT_8,441.0,2026-02-05 21:00:00
TXN000901,ACC_CUST_8_46,ACC_MERCHANT_8,159.0,2026-02-05 22:00:00
TXN000902,ACC_CUST_8_47,ACC_MERCHANT_8,277.0,2026-02-05 23:00:00
TXN000903,ACC_CUST_8_48,ACC_MERCHANT_8,155.0,2026-02-06 00:00:00
TXN000904,ACC_CUST_8_49,ACC_MERCHANT_8,159.0,2026-02-06 01:00:00
TXN000905,ACC_CUST_8_50,ACC_MERCHANT_8,342.0,2026-02-06 02:00:00
TXN000906,ACC_CUST_9_1,ACC_MERCHANT_9,322.0,2026-02-04 03:00:00
TXN000907,ACC_CUST_9_2,ACC_MERCHANT_9,79.0,2026-02-04 04:00:00
TXN000908,ACC_CUST_9_3,ACC_MERCHANT_9,170.0,2026-02-04 05:00:00
TXN000909,ACC_CUST_9_4,ACC_MERCHANT_9,390.0,2026-02-04 06:00:00
TXN000910,ACC_CUST_9_5,ACC_MERCHANT_9,196.0,2026-02-04 07:00:00
TXN000911,ACC_CUST_9_6,ACC_MERCHANT_9,418.0,2026-02-04 08:00:00
TXN000912,ACC_CUST_9_7,ACC_MERCHANT_9,448.0,2026-02-04 09:00:00
TXN000913,ACC_CUST_9_8,ACC_MERCHANT_9,152.0,2026-02-04 10:00:00
TXN000914,ACC_CUST_9_9,ACC_MERCHANT_9,449.0,2026-02-04 11:00:00
TXN000915,ACC_CUST_9_10,ACC_MERCHANT_9,456.0,2026-02-04 12:00:00
TXN000916,ACC_CUST_9_11,ACC_MERCHANT_9,465.0,2026-02-04 13:00:00
TXN000917,ACC_CUST_9_12,ACC_MERCHANT_9,226.0,2026-02-04 14:00:00
TXN000918,ACC_CUST_9_13,ACC_MERCHANT_9,178.0,2026-02-04 15:00:00
TXN000919,ACC_CUST_9_14,ACC_MERCHANT_9,476.0,2026-02-04 16:00:00
TXN000920,ACC_CUST_9_15,ACC_MERCHANT_9,201.0,2026-02-04 17:00:00
TXN000921,ACC_CUST_9_16,ACC_MERCHANT_9,82.0,2026-02-04 18:00:00
TXN000922,ACC_CUST_9_17,ACC_MERCHANT_9,318.0,2026-02-04 19:00:00
TXN000923,ACC_CUST_9_18,ACC_MERCHANT_9,370.0,2026-02-04 20:00:00
TXN000924,ACC_CUST_9_19,ACC_MERCHANT_9,157.0,2026-02-04 21:00:00
TXN000925,ACC_CUST_9_20,ACC_MERCHANT_9,57.0,2026-02-04 22:00:00
TXN000926,ACC_CUST_9_21,ACC_MERCHANT_9,91.0,2026-02-04 23:00:00
TXN000927,ACC_CUST_9_22,ACC_MERCHANT_9,131.0,2026-02-05 00:00:00
TXN000928,ACC_CUST_9_23,ACC_MERCHANT_9,243.0,2026-02-05 01:00:00
TXN000929,ACC_CUST_9_24,ACC_MERCHANT_9,342.0,2026-02-05 02:00:00
TXN000930,ACC_CUST_9_25,ACC_MERCHANT_9,284.0,2026-02-05 03:00:00
TXN000931,ACC_CUST_9_26,ACC_MERCHANT_9,422.0,2026-02-05 04:00:00
TXN000932,ACC_CUST_9_27,ACC_MERCHANT_9,488.0,2026-02-05 05:00:00
TXN000933,ACC_CUST_9_28,ACC_MERCHANT_9,225.0,2026-02-05 06:00:00
TXN000934,ACC_CUST_9_29,ACC_MERCHANT_9,448.0,2026-02-05 07:00:00
TXN000935,ACC_CUST_9_30,ACC_MERCHANT_9,296.0,2026-02-05 08:00:00
TXN000936,ACC_CUST_9_31,ACC_MERCHANT_9,201.0,2026-02-05 09:00:00
TXN000937,ACC_CUST_9_32,ACC_MERCHANT_9,360.0,2026-02-05 10:00:00
TXN000938,ACC_CUST_9_33,ACC_MERCHANT_9,169.0,2026-02-05 11:00:00
TXN000939,ACC_CUST_9_34,ACC_MERCHANT_9,103.0,2026-02-05 12:00:00
TXN000940,ACC_CUST_9_35,ACC_MERCHANT_9,194.0,2026-02-05 13:00:00
TXN000941,ACC_CUST_9_36,ACC_MERCHANT_9,313.0,2026-02-05 14:00:00
TXN000942,ACC_CUST_9_37,ACC_MERCHANT_9,165.0,2026-02-05 15:00:00
TXN000943,ACC_CUST_9_38,ACC_MERCHANT_9,393.0,2026-02-05 16:00:00
TXN000944,ACC_CUST_9_39,ACC_MERCHANT_9,476.0,2026-02-05 17:00:00
TXN000945,ACC_CUST_9_40,ACC_MERCHANT_9,123.0,2026-02-05 18:00:00
TXN000946,ACC_CUST_9_41,ACC_MERCHANT_9,85.0,2026-02-05 19:00:00
TXN000947,ACC_CUST_9_42,ACC_MERCHANT_9,475.0,2026-02-05 20:00:00
TXN000948,ACC_CUST_9_43,ACC_MERCHANT_9,148.0,2026-02-05 21:00:00
TXN000949,ACC_CUST_9_44,ACC_MERCHANT_9,233.0,2026-02-05 22:00:00
TXN000950,ACC_CUST_9_45,ACC_MERCHANT_9,283.0,2026-02-05 23:00:00
TXN000951,ACC_CUST_9_46,ACC_MERCHANT_9,398.0,2026-02-06 00:00:00
TXN000952,ACC_CUST_9_47,ACC_MERCHANT_9,139.0,2026-02-06 01:00:00
TXN000953,ACC_CUST_9_48,ACC_MERCHANT_9,208.0,2026-02-06 02:00:00
TXN000954,ACC_CUST_9_49,ACC_MERCHANT_9,110.0,2026-02-06 03:00:00
TXN000955,ACC_CUST_9_50,ACC_MERCHANT_9,124.0,2026-02-06 04:00:00
TXN000956,ACC_CUST_10_1,ACC_MERCHANT_10,498.0,2026-02-04 05:00:00
TXN000957,ACC_CUST_10_2,ACC_MERCHANT_10,137.0,2026-02-04 06:00:00
TXN000958,ACC_CUST_10_3,ACC_MERCHANT_10,352.0,2026-02-04 07:00:00
TXN000959,ACC_CUST_10_4,ACC_MERCHANT_10,421.0,2026-02-04 08:00:00
TXN000960,ACC_CUST_10_5,ACC_MERCHANT_10,240.0,2026-02-04 09:00:00
TXN000961,ACC_CUST_10_6,ACC_MERCHANT_10,374.0,2026-02-04 10:00:00
TXN000962,ACC_CUST_10_7,ACC_MERCHANT_10,95.0,2026-02-04 11:00:00
TXN000963,ACC_CUST_10_8,ACC_MERCHANT_10,128.0,2026-02-04 12:00:00
TXN000964,ACC_CUST_10_9,ACC_MERCHANT_10,278.0,2026-02-04 13:00:00
TXN000965,ACC_CUST_10_10,ACC_MERCHANT_10,328.0,2026-02-04 14:00:00
TXN000966,ACC_CUST_10_11,ACC_MERCHANT_10,287.0,2026-02-04 15:00:00
TXN000967,ACC_CUST_10_12,ACC_MERCHANT_10,164.0,2026-02-04 16:00:00
TXN000968,ACC_CUST_10_13,ACC_MERCHANT_10,323.0,2026-02-04 17:00:00
TXN000969,ACC_CUST_10_14,ACC_MERCHANT_10,86.0,2026-02-04 18:00:00
TXN000970,ACC_CUST_10_15,ACC_MERCHANT_10,159.0,2026-02-04 19:00:00
TXN000971,ACC_CUST_10_16,ACC_MERCHANT_10,113.0,2026-02-04 20:00:00
TXN000972,ACC_CUST_10_17,ACC_MERCHANT_10,270.0,2026-02-04 21:00:00
TXN000973,ACC_CUST_10_18,ACC_MERCHANT_10,474.0,2026-02-04 22:00:00
TXN000974,ACC_CUST_10_19,ACC_MERCHANT_10,258.0,2026-02-04 23:00:00
TXN000975,ACC_CUST_10_20,ACC_MERCHANT_10,88.0,2026-02-05 00:00:00
TXN000976,ACC_CUST_10_21,ACC_MERCHANT_10,138.0,2026-02-05 01:00:00
TXN000977,ACC_CUST_10_22,ACC_MERCHANT_10,255.0,2026-02-05 02:00:00
TXN000978,ACC_CUST_10_23,ACC_MERCHANT_10,240.0,2026-02-05 03:00:00
TXN000979,ACC_CUST_10_24,ACC_MERCHANT_10,356.0,2026-02-05 04:00:00
TXN000980,ACC_CUST_10_25,ACC_MERCHANT_10,300.0,2026-02-05 05:00:00
TXN000981,ACC_CUST_10_26,ACC_MERCHANT_10,249.0,2026-02-05 06:00:00
TXN000982,ACC_CUST_10_27,ACC_MERCHANT_10,299.0,2026-02-05 07:00:00
TXN000983,ACC_CUST_10_28,ACC_MERCHANT_10,281.0,2026-02-05 08:00:00
TXN000984,ACC_CUST_10_29,ACC_MERCHANT_10,199.0,2026-02-05 09:00:00
TXN000985,ACC_CUST_10_30,ACC_MERCHANT_10,326.0,2026-02-05 10:00:00
TXN000986,ACC_CUST_10_31,ACC_MERCHANT_10,177.0,2026-02-05 11:00:00
TXN000987,ACC_CUST_10_32,ACC_MERCHANT_10,282.0,2026-02-05 12:00:00
TXN000988,ACC_CUST_10_33,ACC_MERCHANT_10,130.0,2026-02-05 13:00:00
TXN000989,ACC_CUST_10_34,ACC_MERCHANT_10,201.0,2026-02-05 14:00:00
TXN000990,ACC_CUST_10_35,ACC_MERCHANT_10,196.0,2026-02-05 15:00:00
TXN000991,ACC_CUST_10_36,ACC_MERCHANT_10,461.0,2026-02-05 16:00:00
TXN000992,ACC_CUST_10_37,ACC_MERCHANT_10,398.0,2026-02-05 17:00:00
TXN000993,ACC_CUST_10_38,ACC_MERCHANT_10,155.0,2026-02-05 18:00:00
TXN000994,ACC_CUST_10_39,ACC_MERCHANT_10,464.0,2026-02-05 19:00:00
TXN000995,ACC_CUST_10_40,ACC_MERCHANT_10,362.0,2026-02-05 20:00:00
TXN000996,ACC_CUST_10_41,ACC_MERCHANT_10,78.0,2026-02-05 21:00:00
TXN000997,ACC_CUST_10_42,ACC_MERCHANT_10,72.0,2026-02-05 22:00:00
TXN000998,ACC_CUST_10_43,ACC_MERCHANT_10,492.0,2026-02-05 23:00:00
TXN000999,ACC_CUST_10_44,ACC_MERCHANT_10,332.0,2026-02-06 00:00:00
TXN001000,ACC_CUST_10_45,ACC_MERCHANT_10,386.0,2026-02-06 01:00:00
TXN001001,ACC_CUST_10_46,ACC_MERCHANT_10,320.0,2026-02-06 02:00:00
TXN001002,ACC_CUST_10_47,ACC_MERCHANT_10,172.0,2026-02-06 03:00:00
TXN001003,ACC_CUST_10_48,ACC_MERCHANT_10,321.0,2026-02-06 04:00:00
TXN001004,ACC_CUST_10_49,ACC_MERCHANT_10,273.0,2026-02-06 05:00:00
TXN001005,ACC_CUST_10_50,ACC_MERCHANT_10,231.0,2026-02-06 06:00:00
TXN001006,ACC_CUST_11_1,ACC_MERCHANT_11,125.0,2026-02-04 07:00:00
TXN001007,ACC_CUST_11_2,ACC_MERCHANT_11,108.0,2026-02-04 08:00:00
TXN001008,ACC_CUST_11_3,ACC_MERCHANT_11,145.0,2026-02-04 09:00:00
TXN001009,ACC_CUST_11_4,ACC_MERCHANT_11,319.0,2026-02-04 10:00:00
TXN001010,ACC_CUST_11_5,ACC_MERCHANT_11,394.0,2026-02-04 11:00:00
TXN001011,ACC_CUST_11_6,ACC_MERCHANT_11,104.0,2026-02-04 12:00:00
TXN001012,ACC_CUST_11_7,ACC_MERCHANT_11,380.0,2026-02-04 13:00:00
TXN001013,ACC_CUST_11_8,ACC_MERCHANT_11,361.0,2026-02-04 14:00:00
TXN001014,ACC_CUST_11_9,ACC_MERCHANT_11,109.0,2026-02-04 15:00:00
TXN001015,ACC_CUST_11_10,ACC_MERCHANT_11,413.0,2026-02-04 16:00:00
TXN001016,ACC_CUST_11_11,ACC_MERCHANT_11,93.0,2026-02-04 17:00:00
TXN001017,ACC_CUST_11_12,ACC_MERCHANT_11,338.0,2026-02-04 18:00:00
TXN001018,ACC_CUST_11_13,ACC_MERCHANT_11,158.0,2026-02-04 19:00:00
TXN001019,ACC_CUST_11_14,ACC_MERCHANT_11,253.0,2026-02-04 20:00:00
TXN001020,ACC_CUST_11_15,ACC_MERCHANT_11,89.0,2026-02-04 21:00:00
TXN001021,ACC_CUST_11_16,ACC_MERCHANT_11,363.0,2026-02-04 22:00:00
TXN001022,ACC_CUST_11_17,ACC_MERCHANT_11,121.0,2026-02-04 23:00:00
TXN001023,ACC_CUST_11_18,ACC_MERCHANT_11,206.0,2026-02-05 00:00:00
TXN001024,ACC_CUST_11_19,ACC_MERCHANT_11,479.0,2026-02-05 01:00:00
TXN001025,ACC_CUST_11_20,ACC_MERCHANT_11,104.0,2026-02-05 02:00:00
TXN001026,ACC_CUST_11_21,ACC_MERCHANT_11,312.0,2026-02-05 03:00:00
TXN001027,ACC_CUST_11_22,ACC_MERCHANT_11,438.0,2026-02-05 04:00:00
TXN001028,ACC_CUST_11_23,ACC_MERCHANT_11,191.0,2026-02-05 05:00:00
TXN001029,ACC_CUST_11_24,ACC_MERCHANT_11,383.0,2026-02-05 06:00:00
TXN001030,ACC_CUST_11_25,ACC_MERCHANT_11,227.0,2026-02-05 07:00:00
TXN001031,ACC_CUST_11_26,ACC_MERCHANT_11,88.0,2026-02-05 08:00:00
TXN001032,ACC_CUST_11_27,ACC_MERCHANT_11,498.0,2026-02-05 09:00:00
TXN001033,ACC_CUST_11_28,ACC_MERCHANT_11,92.0,2026-02-05 10:00:00
TXN001034,ACC_CUST_11_29,ACC_MERCHANT_11,180.0,2026-02-05 11:00:00
TXN001035,ACC_CUST_11_30,ACC_MERCHANT_11,479.0,2026-02-05 12:00:00
TXN001036,ACC_CUST_11_31,ACC_MERCHANT_11,495.0,2026-02-05 13:00:00
TXN001037,ACC_CUST_11_32,ACC_MERCHANT_11,484.0,2026-02-05 14:00:00
TXN001038,ACC_CUST_11_33,ACC_MERCHANT_11,275.0,2026-02-05 15:00:00
TXN001039,ACC_CUST_11_34,ACC_MERCHANT_11,274.0,2026-02-05 16:00:00
TXN001040,ACC_CUST_11_35,ACC_MERCHANT_11,127.0,2026-02-05 17:00:00
TXN001041,ACC_CUST_11_36,ACC_MERCHANT_11,138.0,2026-02-05 18:00:00
TXN001042,ACC_CUST_11_37,ACC_MERCHANT_11,233.0,2026-02-05 19:00:00
TXN001043,ACC_CUST_11_38,ACC_MERCHANT_11,292.0,2026-02-05 20:00:00
TXN001044,ACC_CUST_11_39,ACC_MERCHANT_11,138.0,2026-02-05 21:00:00
TXN001045,ACC_CUST_11_40,ACC_MERCHANT_11,464.0,2026-02-05 22:00:00
TXN001046,ACC_CUST_11_41,ACC_MERCHANT_11,383.0,2026-02-05 23:00:00
TXN001047,ACC_CUST_11_42,ACC_MERCHANT_11,89.0,2026-02-06 00:00:00
TXN001048,ACC_CUST_11_43,ACC_MERCHANT_11,447.0,2026-02-06 01:00:00
TXN001049,ACC_CUST_11_44,ACC_MERCHANT_11,296.0,2026-02-06 02:00:00
TXN001050,ACC_CUST_11_45,ACC_MERCHANT_11,92.0,2026-02-06 03:00:00
TXN001051,ACC_CUST_11_46,ACC_MERCHANT_11,101.0,2026-02-06 04:00:00
TXN001052,ACC_CUST_11_47,ACC_MERCHANT_11,411.0,2026-02-06 05:00:00
TXN001053,ACC_CUST_11_48,ACC_MERCHANT_11,344.0,2026-02-06 06:00:00
TXN001054,ACC_CUST_11_49,ACC_MERCHANT_11,375.0,2026-02-06 07:00:00
TXN001055,ACC_CUST_11_50,ACC_MERCHANT_11,443.0,2026-02-06 08:00:00
TXN001056,ACC_CUST_12_1,ACC_MERCHANT_12,191.0,2026-02-04 09:00:00
TXN001057,ACC_CUST_12_2,ACC_MERCHANT_12,414.0,2026-02-04 10:00:00
TXN001058,ACC_CUST_12_3,ACC_MERCHANT_12,107.0,2026-02-04 11:00:00
TXN001059,ACC_CUST_12_4,ACC_MERCHANT_12,234.0,2026-02-04 12:00:00
TXN001060,ACC_CUST_12_5,ACC_MERCHANT_12,417.0,2026-02-04 13:00:00
TXN001061,ACC_CUST_12_6,ACC_MERCHANT_12,204.0,2026-02-04 14:00:00
TXN001062,ACC_CUST_12_7,ACC_MERCHANT_12,486.0,2026-02-04 15:00:00
TXN001063,ACC_CUST_12_8,ACC_MERCHANT_12,410.0,2026-02-04 16:00:00
TXN001064,ACC_CUST_12_9,ACC_MERCHANT_12,168.0,2026-02-04 17:00:00
TXN001065,ACC_CUST_12_10,ACC_MERCHANT_12,333.0,2026-02-04 18:00:00
TXN001066,ACC_CUST_12_11,ACC_MERCHANT_12,312.0,2026-02-04 19:00:00
TXN001067,ACC_CUST_12_12,ACC_MERCHANT_12,165.0,2026-02-04 20:00:00
TXN001068,ACC_CUST_12_13,ACC_MERCHANT_12,270.0,2026-02-04 21:00:00
TXN001069,ACC_CUST_12_14,ACC_MERCHANT_12,319.0,2026-02-04 22:00:00
TXN001070,ACC_CUST_12_15,ACC_MERCHANT_12,111.0,2026-02-04 23:00:00
TXN001071,ACC_CUST_12_16,ACC_MERCHANT_12,186.0,2026-02-05 00:00:00
TXN001072,ACC_CUST_12_17,ACC_MERCHANT_12,341.0,2026-02-05 01:00:00
TXN001073,ACC_CUST_12_18,ACC_MERCHANT_12,436.0,2026-02-05 02:00:00
TXN001074,ACC_CUST_12_19,ACC_MERCHANT_12,453.0,2026-02-05 03:00:00
TXN001075,ACC_CUST_12_20,ACC_MERCHANT_12,182.0,2026-02-05 04:00:00
TXN001076,ACC_CUST_12_21,ACC_MERCHANT_12,456.0,2026-02-05 05:00:00
TXN001077,ACC_CUST_12_22,ACC_MERCHANT_12,350.0,2026-02-05 06:00:00
TXN001078,ACC_CUST_12_23,ACC_MERCHANT_12,411.0,2026-02-05 07:00:00
TXN001079,ACC_CUST_12_24,ACC_MERCHANT_12,411.0,2026-02-05 08:00:00
TXN001080,ACC_CUST_12_25,ACC_MERCHANT_12,127.0,2026-02-05 09:00:00
TXN001081,ACC_CUST_12_26,ACC_MERCHANT_12,436.0,2026-02-05 10:00:00
TXN001082,ACC_CUST_12_27,ACC_MERCHANT_12,209.0,2026-02-05 11:00:00
TXN001083,ACC_CUST_12_28,ACC_MERCHANT_12,219.0,2026-02-05 12:00:00
TXN001084,ACC_CUST_12_29,ACC_MERCHANT_12,193.0,2026-02-05 13:00:00
TXN001085,ACC_CUST_12_30,ACC_MERCHANT_12,403.0,2026-02-05 14:00:00
TXN001086,ACC_CUST_12_31,ACC_MERCHANT_12,109.0,2026-02-05 15:00:00
TXN001087,ACC_CUST_12_32,ACC_MERCHANT_12,52.0,2026-02-05 16:00:00
TXN001088,ACC_CUST_12_33,ACC_MERCHANT_12,330.0,2026-02-05 17:00:00
TXN001089,ACC_CUST_12_34,ACC_MERCHANT_12,87.0,2026-02-05 18:00:00
TXN001090,ACC_CUST_12_35,ACC_MERCHANT_12,414.0,2026-02-05 19:00:00
TXN001091,ACC_CUST_12_36,ACC_MERCHANT_12,401.0,2026-02-05 20:00:00
TXN001092,ACC_CUST_12_37,ACC_MERCHANT_12,378.0,2026-02-05 21:00:00
TXN001093,ACC_CUST_12_38,ACC_MERCHANT_12,234.0,2026-02-05 22:00:00
TXN001094,ACC_CUST_12_39,ACC_MERCHANT_12,458.0,2026-02-05 23:00:00
TXN001095,ACC_CUST_12_40,ACC_MERCHANT_12,303.0,2026-02-06 00:00:00
TXN001096,ACC_CUST_12_41,ACC_MERCHANT_12,177.0,2026-02-06 01:00:00
TXN001097,ACC_CUST_12_42,ACC_MERCHANT_12,97.0,2026-02-06 02:00:00
TXN001098,ACC_CUST_12_43,ACC_MERCHANT_12,111.0,2026-02-06 03:00:00
TXN001099,ACC_CUST_12_44,ACC_MERCHANT_12,211.0,2026-02-06 04:00:00
TXN001100,ACC_CUST_12_45,ACC_MERCHANT_12,304.0,2026-02-06 05:00:00
TXN001101,ACC_CUST_12_46,ACC_MERCHANT_12,228.0,2026-02-06 06:00:00
TXN001102,ACC_CUST_12_47,ACC_MERCHANT_12,251.0,2026-02-06 07:00:00
TXN001103,ACC_CUST_12_48,ACC_MERCHANT_12,61.0,2026-02-06 08:00:00
TXN001104,ACC_CUST_12_49,ACC_MERCHANT_12,408.0,2026-02-06 09:00:00
TXN001105,ACC_CUST_12_50,ACC_MERCHANT_12,490.0,2026-02-06 10:00:00
TXN001106,ACC_CUST_13_1,ACC_MERCHANT_13,414.0,2026-02-04 11:00:00
TXN001107,ACC_CUST_13_2,ACC_MERCHANT_13,51.0,2026-02-04 12:00:00
TXN001108,ACC_CUST_13_3,ACC_MERCHANT_13,327.0,2026-02-04 13:00:00
TXN001109,ACC_CUST_13_4,ACC_MERCHANT_13,396.0,2026-02-04 14:00:00
TXN001110,ACC_CUST_13_5,ACC_MERCHANT_13,321.0,2026-02-04 15:00:00
TXN001111,ACC_CUST_13_6,ACC_MERCHANT_13,422.0,2026-02-04 16:00:00
TXN001112,ACC_CUST_13_7,ACC_MERCHANT_13,54.0,2026-02-04 17:00:00
TXN001113,ACC_CUST_13_8,ACC_MERCHANT_13,383.0,2026-02-04 18:00:00
TXN001114,ACC_CUST_13_9,ACC_MERCHANT_13,207.0,2026-02-04 19:00:00
TXN001115,ACC_CUST_13_10,ACC_MERCHANT_13,297.0,2026-02-04 20:00:00
TXN001116,ACC_CUST_13_11,ACC_MERCHANT_13,259.0,2026-02-04 21:00:00
TXN001117,ACC_CUST_13_12,ACC_MERCHANT_13,320.0,2026-02-04 22:00:00
TXN001118,ACC_CUST_13_13,ACC_MERCHANT_13,58.0,2026-02-04 23:00:00
TXN001119,ACC_CUST_13_14,ACC_MERCHANT_13,98.0,2026-02-05 00:00:00
TXN001120,ACC_CUST_13_15,ACC_MERCHANT_13,237.0,2026-02-05 01:00:00
TXN001121,ACC_CUST_13_16,ACC_MERCHANT_13,216.0,2026-02-05 02:00:00
TXN001122,ACC_CUST_13_17,ACC_MERCHANT_13,471.0,2026-02-05 03:00:00
TXN001123,ACC_CUST_13_18,ACC_MERCHANT_13,216.0,2026-02-05 04:00:00
TXN001124,ACC_CUST_13_19,ACC_MERCHANT_13,412.0,2026-02-05 05:00:00
TXN001125,ACC_CUST_13_20,ACC_MERCHANT_13,97.0,2026-02-05 06:00:00
TXN001126,ACC_CUST_13_21,ACC_MERCHANT_13,329.0,2026-02-05 07:00:00
TXN001127,ACC_CUST_13_22,ACC_MERCHANT_13,127.0,2026-02-05 08:00:00
TXN001128,ACC_CUST_13_23,ACC_MERCHANT_13,199.0,2026-02-05 09:00:00
TXN001129,ACC_CUST_13_24,ACC_MERCHANT_13,74.0,2026-02-05 10:00:00
TXN001130,ACC_CUST_13_25,ACC_MERCHANT_13,261.0,2026-02-05 11:00:00
TXN001131,ACC_CUST_13_26,ACC_MERCHANT_13,465.0,2026-02-05 12:00:00
TXN001132,ACC_CUST_13_27,ACC_MERCHANT_13,62.0,2026-02-05 13:00:00
TXN001133,ACC_CUST_13_28,ACC_MERCHANT_13,168.0,2026-02-05 14:00:00
TXN001134,ACC_CUST_13_29,ACC_MERCHANT_13,318.0,2026-02-05 15:00:00
TXN001135,ACC_CUST_13_30,ACC_MERCHANT_13,492.0,2026-02-05 16:00:00
TXN001136,ACC_CUST_13_31,ACC_MERCHANT_13,361.0,2026-02-05 17:00:00
TXN001137,ACC_CUST_13_32,ACC_MERCHANT_13,154.0,2026-02-05 18:00:00
TXN001138,ACC_CUST_13_33,ACC_MERCHANT_13,458.0,2026-02-05 19:00:00
TXN001139,ACC_CUST_13_34,ACC_MERCHANT_13,177.0,2026-02-05 20:00:00
TXN001140,ACC_CUST_13_35,ACC_MERCHANT_13,115.0,2026-02-05 21:00:00
TXN001141,ACC_CUST_13_36,ACC_MERCHANT_13,368.0,2026-02-05 22:00:00
TXN001142,ACC_CUST_13_37,ACC_MERCHANT_13,85.0,2026-02-05 23:00:00
TXN001143,ACC_CUST_13_38,ACC_MERCHANT_13,246.0,2026-02-06 00:00:00
TXN001144,ACC_CUST_13_39,ACC_MERCHANT_13,357.0,2026-02-06 01:00:00
TXN001145,ACC_CUST_13_40,ACC_MERCHANT_13,172.0,2026-02-06 02:00:00
TXN001146,ACC_CUST_13_41,ACC_MERCHANT_13,165.0,2026-02-06 03:00:00
TXN001147,ACC_CUST_13_42,ACC_MERCHANT_13,154.0,2026-02-06 04:00:00
TXN001148,ACC_CUST_13_43,ACC_MERCHANT_13,59.0,2026-02-06 05:00:00
TXN001149,ACC_CUST_13_44,ACC_MERCHANT_13,476.0,2026-02-06 06:00:00
TXN001150,ACC_CUST_13_45,ACC_MERCHANT_13,223.0,2026-02-06 07:00:00
TXN001151,ACC_CUST_13_46,ACC_MERCHANT_13,66.0,2026-02-06 08:00:00
TXN001152,ACC_CUST_13_47,ACC_MERCHANT_13,266.0,2026-02-06 09:00:00
TXN001153,ACC_CUST_13_48,ACC_MERCHANT_13,174.0,2026-02-06 10:00:00
TXN001154,ACC_CUST_13_49,ACC_MERCHANT_13,146.0,2026-02-06 11:00:00
TXN001155,ACC_CUST_13_50,ACC_MERCHANT_13,471.0,2026-02-06 12:00:00
TXN001156,ACC_CUST_14_1,ACC_MERCHANT_14,160.0,2026-02-04 13:00:00
TXN001157,ACC_CUST_14_2,ACC_MERCHANT_14,197.0,2026-02-04 14:00:00
TXN001158,ACC_CUST_14_3,ACC_MERCHANT_14,475.0,2026-02-04 15:00:00
TXN001159,ACC_CUST_14_4,ACC_MERCHANT_14,105.0,2026-02-04 16:00:00
TXN001160,ACC_CUST_14_5,ACC_MERCHANT_14,82.0,2026-02-04 17:00:00
TXN001161,ACC_CUST_14_6,ACC_MERCHANT_14,319.0,2026-02-04 18:00:00
TXN001162,ACC_CUST_14_7,ACC_MERCHANT_14,427.0,2026-02-04 19:00:00
TXN001163,ACC_CUST_14_8,ACC_MERCHANT_14,123.0,2026-02-04 20:00:00
TXN001164,ACC_CUST_14_9,ACC_MERCHANT_14,199.0,2026-02-04 21:00:00
TXN001165,ACC_CUST_14_10,ACC_MERCHANT_14,137.0,2026-02-04 22:00:00
TXN001166,ACC_CUST_14_11,ACC_MERCHANT_14,401.0,2026-02-04 23:00:00
TXN001167,ACC_CUST_14_12,ACC_MERCHANT_14,306.0,2026-02-05 00:00:00
TXN001168,ACC_CUST_14_13,ACC_MERCHANT_14,354.0,2026-02-05 01:00:00
TXN001169,ACC_CUST_14_14,ACC_MERCHANT_14,492.0,2026-02-05 02:00:00
TXN001170,ACC_CUST_14_15,ACC_MERCHANT_14,469.0,2026-02-05 03:00:00
TXN001171,ACC_CUST_14_16,ACC_MERCHANT_14,261.0,2026-02-05 04:00:00
TXN001172,ACC_CUST_14_17,ACC_MERCHANT_14,346.0,2026-02-05 05:00:00
TXN001173,ACC_CUST_14_18,ACC_MERCHANT_14,492.0,2026-02-05 06:00:00
TXN001174,ACC_CUST_14_19,ACC_MERCHANT_14,279.0,2026-02-05 07:00:00
TXN001175,ACC_CUST_14_20,ACC_MERCHANT_14,232.0,2026-02-05 08:00:00
TXN001176,ACC_CUST_14_21,ACC_MERCHANT_14,441.0,2026-02-05 09:00:00
TXN001177,ACC_CUST_14_22,ACC_MERCHANT_14,240.0,2026-02-05 10:00:00
TXN001178,ACC_CUST_14_23,ACC_MERCHANT_14,201.0,2026-02-05 11:00:00
TXN001179,ACC_CUST_14_24,ACC_MERCHANT_14,479.0,2026-02-05 12:00:00
TXN001180,ACC_CUST_14_25,ACC_MERCHANT_14,121.0,2026-02-05 13:00:00
TXN001181,ACC_CUST_14_26,ACC_MERCHANT_14,217.0,2026-02-05 14:00:00
TXN001182,ACC_CUST_14_27,ACC_MERCHANT_14,236.0,2026-02-05 15:00:00
TXN001183,ACC_CUST_14_28,ACC_MERCHANT_14,203.0,2026-02-05 16:00:00
TXN001184,ACC_CUST_14_29,ACC_MERCHANT_14,99.0,2026-02-05 17:00:00
TXN001185,ACC_CUST_14_30,ACC_MERCHANT_14,298.0,2026-02-05 18:00:00
TXN001186,ACC_CUST_14_31,ACC_MERCHANT_14,423.0,2026-02-05 19:00:00
TXN001187,ACC_CUST_14_32,ACC_MERCHANT_14,324.0,2026-02-05 20:00:00
TXN001188,ACC_CUST_14_33,ACC_MERCHANT_14,426.0,2026-02-05 21:00:00
TXN001189,ACC_CUST_14_34,ACC_MERCHANT_14,106.0,2026-02-05 22:00:00
TXN001190,ACC_CUST_14_35,ACC_MERCHANT_14,314.0,2026-02-05 23:00:00
TXN001191,ACC_CUST_14_36,ACC_MERCHANT_14,317.0,2026-02-06 00:00:00
TXN001192,ACC_CUST_14_37,ACC_MERCHANT_14,327.0,2026-02-06 01:00:00
TXN001193,ACC_CUST_14_38,ACC_MERCHANT_14,320.0,2026-02-06 02:00:00
TXN001194,ACC_CUST_14_39,ACC_MERCHANT_14,325.0,2026-02-06 03:00:00
TXN001195,ACC_CUST_14_40,ACC_MERCHANT_14,232.0,2026-02-06 04:00:00
TXN001196,ACC_CUST_14_41,ACC_MERCHANT_14,381.0,2026-02-06 05:00:00
TXN001197,ACC_CUST_14_42,ACC_MERCHANT_14,61.0,2026-02-06 06:00:00
TXN001198,ACC_CUST_14_43,ACC_MERCHANT_14,191.0,2026-02-06 07:00:00
TXN001199,ACC_CUST_14_44,ACC_MERCHANT_14,404.0,2026-02-06 08:00:00
TXN001200,ACC_CUST_14_45,ACC_MERCHANT_14,188.0,2026-02-06 09:00:00
TXN001201,ACC_CUST_14_46,ACC_MERCHANT_14,340.0,2026-02-06 10:00:00
TXN001202,ACC_CUST_14_47,ACC_MERCHANT_14,430.0,2026-02-06 11:00:00
TXN001203,ACC_CUST_14_48,ACC_MERCHANT_14,123.0,2026-02-06 12:00:00
TXN001204,ACC_CUST_14_49,ACC_MERCHANT_14,227.0,2026-02-06 13:00:00
TXN001205,ACC_CUST_14_50,ACC_MERCHANT_14,130.0,2026-02-06 14:00:00
TXN001206,ACC_CUST_15_1,ACC_MERCHANT_15,456.0,2026-02-04 15:00:00
TXN001207,ACC_CUST_15_2,ACC_MERCHANT_15,128.0,2026-02-04 16:00:00
TXN001208,ACC_CUST_15_3,ACC_MERCHANT_15,422.0,2026-02-04 17:00:00
TXN001209,ACC_CUST_15_4,ACC_MERCHANT_15,108.0,2026-02-04 18:00:00
TXN001210,ACC_CUST_15_5,ACC_MERCHANT_15,411.0,2026-02-04 19:00:00
TXN001211,ACC_CUST_15_6,ACC_MERCHANT_15,143.0,2026-02-04 20:00:00
TXN001212,ACC_CUST_15_7,ACC_MERCHANT_15,388.0,2026-02-04 21:00:00
TXN001213,ACC_CUST_15_8,ACC_MERCHANT_15,148.0,2026-02-04 22:00:00
TXN001214,ACC_CUST_15_9,ACC_MERCHANT_15,331.0,2026-02-04 23:00:00
TXN001215,ACC_CUST_15_10,ACC_MERCHANT_15,493.0,2026-02-05 00:00:00
TXN001216,ACC_CUST_15_11,ACC_MERCHANT_15,370.0,2026-02-05 01:00:00
TXN001217,ACC_CUST_15_12,ACC_MERCHANT_15,177.0,2026-02-05 02:00:00
TXN001218,ACC_CUST_15_13,ACC_MERCHANT_15,172.0,2026-02-05 03:00:00
TXN001219,ACC_CUST_15_14,ACC_MERCHANT_15,134.0,2026-02-05 04:00:00
TXN001220,ACC_CUST_15_15,ACC_MERCHANT_15,267.0,2026-02-05 05:00:00
TXN001221,ACC_CUST_15_16,ACC_MERCHANT_15,169.0,2026-02-05 06:00:00
TXN001222,ACC_CUST_15_17,ACC_MERCHANT_15,359.0,2026-02-05 07:00:00
TXN001223,ACC_CUST_15_18,ACC_MERCHANT_15,247.0,2026-02-05 08:00:00
TXN001224,ACC_CUST_15_19,ACC_MERCHANT_15,268.0,2026-02-05 09:00:00
TXN001225,ACC_CUST_15_20,ACC_MERCHANT_15,395.0,2026-02-05 10:00:00
TXN001226,ACC_CUST_15_21,ACC_MERCHANT_15,435.0,2026-02-05 11:00:00
TXN001227,ACC_CUST_15_22,ACC_MERCHANT_15,94.0,2026-02-05 12:00:00
TXN001228,ACC_CUST_15_23,ACC_MERCHANT_15,432.0,2026-02-05 13:00:00
TXN001229,ACC_CUST_15_24,ACC_MERCHANT_15,198.0,2026-02-05 14:00:00
TXN001230,ACC_CUST_15_25,ACC_MERCHANT_15,492.0,2026-02-05 15:00:00
TXN001231,ACC_CUST_15_26,ACC_MERCHANT_15,177.0,2026-02-05 16:00:00
TXN001232,ACC_CUST_15_27,ACC_MERCHANT_15,368.0,2026-02-05 17:00:00
TXN001233,ACC_CUST_15_28,ACC_MERCHANT_15,73.0,2026-02-05 18:00:00
TXN001234,ACC_CUST_15_29,ACC_MERCHANT_15,109.0,2026-02-05 19:00:00
TXN001235,ACC_CUST_15_30,ACC_MERCHANT_15,399.0,2026-02-05 20:00:00
TXN001236,ACC_CUST_15_31,ACC_MERCHANT_15,188.0,2026-02-05 21:00:00
TXN001237,ACC_CUST_15_32,ACC_MERCHANT_15,97.0,2026-02-05 22:00:00
TXN001238,ACC_CUST_15_33,ACC_MERCHANT_15,227.0,2026-02-05 23:00:00
TXN001239,ACC_CUST_15_34,ACC_MERCHANT_15,215.0,2026-02-06 00:00:00
TXN001240,ACC_CUST_15_35,ACC_MERCHANT_15,101.0,2026-02-06 01:00:00
TXN001241,ACC_CUST_15_36,ACC_MERCHANT_15,421.0,2026-02-06 02:00:00
TXN001242,ACC_CUST_15_37,ACC_MERCHANT_15,118.0,2026-02-06 03:00:00
TXN001243,ACC_CUST_15_38,ACC_MERCHANT_15,371.0,2026-02-06 04:00:00
TXN001244,ACC_CUST_15_39,ACC_MERCHANT_15,321.0,2026-02-06 05:00:00
TXN001245,ACC_CUST_15_40,ACC_MERCHANT_15,183.0,2026-02-06 06:00:00
TXN001246,ACC_CUST_15_41,ACC_MERCHANT_15,205.0,2026-02-06 07:00:00
TXN001247,ACC_CUST_15_42,ACC_MERCHANT_15,344.0,2026-02-06 08:00:00
TXN001248,ACC_CUST_15_43,ACC_MERCHANT_15,194.0,2026-02-06 09:00:00
TXN001249,ACC_CUST_15_44,ACC_MERCHANT_15,380.0,2026-02-06 10:00:00
TXN001250,ACC_CUST_15_45,ACC_MERCHANT_15,155.0,2026-02-06 11:00:00
TXN001251,ACC_CUST_15_46,ACC_MERCHANT_15,338.0,2026-02-06 12:00:00
TXN001252,ACC_CUST_15_47,ACC_MERCHANT_15,144.0,2026-02-06 13:00:00
TXN001253,ACC_CUST_15_48,ACC_MERCHANT_15,449.0,2026-02-06 14:00:00
TXN001254,ACC_CUST_15_49,ACC_MERCHANT_15,483.0,2026-02-06 15:00:00
TXN001255,ACC_CUST_15_50,ACC_MERCHANT_15,179.0,2026-02-06 16:00:00
TXN001256,ACC_CUST_16_1,ACC_MERCHANT_16,295.0,2026-02-04 17:00:00
TXN001257,ACC_CUST_16_2,ACC_MERCHANT_16,273.0,2026-02-04 18:00:00
TXN001258,ACC_CUST_16_3,ACC_MERCHANT_16,76.0,2026-02-04 19:00:00
TXN001259,ACC_CUST_16_4,ACC_MERCHANT_16,98.0,2026-02-04 20:00:00
TXN001260,ACC_CUST_16_5,ACC_MERCHANT_16,150.0,2026-02-04 21:00:00
TXN001261,ACC_CUST_16_6,ACC_MERCHANT_16,50.0,2026-02-04 22:00:00
TXN001262,ACC_CUST_16_7,ACC_MERCHANT_16,494.0,2026-02-04 23:00:00
TXN001263,ACC_CUST_16_8,ACC_MERCHANT_16,438.0,2026-02-05 00:00:00
TXN001264,ACC_CUST_16_9,ACC_MERCHANT_16,292.0,2026-02-05 01:00:00
TXN001265,ACC_CUST_16_10,ACC_MERCHANT_16,169.0,2026-02-05 02:00:00
TXN001266,ACC_CUST_16_11,ACC_MERCHANT_16,129.0,2026-02-05 03:00:00
TXN001267,ACC_CUST_16_12,ACC_MERCHANT_16,229.0,2026-02-05 04:00:00
TXN001268,ACC_CUST_16_13,ACC_MERCHANT_16,365.0,2026-02-05 05:00:00
TXN001269,ACC_CUST_16_14,ACC_MERCHANT_16,277.0,2026-02-05 06:00:00
TXN001270,ACC_CUST_16_15,ACC_MERCHANT_16,212.0,2026-02-05 07:00:00
TXN001271,ACC_CUST_16_16,ACC_MERCHANT_16,480.0,2026-02-05 08:00:00
TXN001272,ACC_CUST_16_17,ACC_MERCHANT_16,269.0,2026-02-05 09:00:00
TXN001273,ACC_CUST_16_18,ACC_MERCHANT_16,426.0,2026-02-05 10:00:00
TXN001274,ACC_CUST_16_19,ACC_MERCHANT_16,319.0,2026-02-05 11:00:00
TXN001275,ACC_CUST_16_20,ACC_MERCHANT_16,273.0,2026-02-05 12:00:00
TXN001276,ACC_CUST_16_21,ACC_MERCHANT_16,476.0,2026-02-05 13:00:00
TXN001277,ACC_CUST_16_22,ACC_MERCHANT_16,377.0,2026-02-05 14:00:00
TXN001278,ACC_CUST_16_23,ACC_MERCHANT_16,74.0,2026-02-05 15:00:00
TXN001279,ACC_CUST_16_24,ACC_MERCHANT_16,499.0,2026-02-05 16:00:00
TXN001280,ACC_CUST_16_25,ACC_MERCHANT_16,179.0,2026-02-05 17:00:00
TXN001281,ACC_CUST_16_26,ACC_MERCHANT_16,293.0,2026-02-05 18:00:00
TXN001282,ACC_CUST_16_27,ACC_MERCHANT_16,320.0,2026-02-05 19:00:00
TXN001283,ACC_CUST_16_28,ACC_MERCHANT_16,241.0,2026-02-05 20:00:00
TXN001284,ACC_CUST_16_29,ACC_MERCHANT_16,472.0,2026-02-05 21:00:00
TXN001285,ACC_CUST_16_30,ACC_MERCHANT_16,218.0,2026-02-05 22:00:00
TXN001286,ACC_CUST_16_31,ACC_MERCHANT_16,326.0,2026-02-05 23:00:00
TXN001287,ACC_CUST_16_32,ACC_MERCHANT_16,409.0,2026-02-06 00:00:00
TXN001288,ACC_CUST_16_33,ACC_MERCHANT_16,286.0,2026-02-06 01:00:00
TXN001289,ACC_CUST_16_34,ACC_MERCHANT_16,259.0,2026-02-06 02:00:00
TXN001290,ACC_CUST_16_35,ACC_MERCHANT_16,188.0,2026-02-06 03:00:00
TXN001291,ACC_CUST_16_36,ACC_MERCHANT_16,325.0,2026-02-06 04:00:00
TXN001292,ACC_CUST_16_37,ACC_MERCHANT_16,319.0,2026-02-06 05:00:00
TXN001293,ACC_CUST_16_38,ACC_MERCHANT_16,498.0,2026-02-06 06:00:00
TXN001294,ACC_CUST_16_39,ACC_MERCHANT_16,382.0,2026-02-06 07:00:00
TXN001295,ACC_CUST_16_40,ACC_MERCHANT_16,420.0,2026-02-06 08:00:00
TXN001296,ACC_CUST_16_41,ACC_MERCHANT_16,340.0,2026-02-06 09:00:00
TXN001297,ACC_CUST_16_42,ACC_MERCHANT_16,313.0,2026-02-06 10:00:00
TXN001298,ACC_CUST_16_43,ACC_MERCHANT_16,480.0,2026-02-06 11:00:00
TXN001299,ACC_CUST_16_44,ACC_MERCHANT_16,201.0,2026-02-06 12:00:00
TXN001300,ACC_CUST_16_45,ACC_MERCHANT_16,329.0,2026-02-06 13:00:00
TXN001301,ACC_CUST_16_46,ACC_MERCHANT_16,140.0,2026-02-06 14:00:00
TXN001302,ACC_CUST_16_47,ACC_MERCHANT_16,223.0,2026-02-06 15:00:00
TXN001303,ACC_CUST_16_48,ACC_MERCHANT_16,340.0,2026-02-06 16:00:00
TXN001304,ACC_CUST_16_49,ACC_MERCHANT_16,210.0,2026-02-06 17:00:00
TXN001305,ACC_CUST_16_50,ACC_MERCHANT_16,280.0,2026-02-06 18:00:00
TXN001306,ACC_CUST_17_1,ACC_MERCHANT_17,90.0,2026-02-04 19:00:00
TXN001307,ACC_CUST_17_2,ACC_MERCHANT_17,94.0,2026-02-04 20:00:00
TXN001308,ACC_CUST_17_3,ACC_MERCHANT_17,264.0,2026-02-04 21:00:00
TXN001309,ACC_CUST_17_4,ACC_MERCHANT_17,397.0,2026-02-04 22:00:00
TXN001310,ACC_CUST_17_5,ACC_MERCHANT_17,71.0,2026-02-04 23:00:00
TXN001311,ACC_CUST_17_6,ACC_MERCHANT_17,130.0,2026-02-05 00:00:00
TXN001312,ACC_CUST_17_7,ACC_MERCHANT_17,100.0,2026-02-05 01:00:00
TXN001313,ACC_CUST_17_8,ACC_MERCHANT_17,394.0,2026-02-05 02:00:00
TXN001314,ACC_CUST_17_9,ACC_MERCHANT_17,375.0,2026-02-05 03:00:00
TXN001315,ACC_CUST_17_10,ACC_MERCHANT_17,233.0,2026-02-05 04:00:00
TXN001316,ACC_CUST_17_11,ACC_MERCHANT_17,110.0,2026-02-05 05:00:00
TXN001317,ACC_CUST_17_12,ACC_MERCHANT_17,127.0,2026-02-05 06:00:00
TXN001318,ACC_CUST_17_13,ACC_MERCHANT_17,324.0,2026-02-05 07:00:00
TXN001319,ACC_CUST_17_14,ACC_MERCHANT_17,205.0,2026-02-05 08:00:00
TXN001320,ACC_CUST_17_15,ACC_MERCHANT_17,473.0,2026-02-05 09:00:00
TXN001321,ACC_CUST_17_16,ACC_MERCHANT_17,350.0,2026-02-05 10:00:00
TXN001322,ACC_CUST_17_17,ACC_MERCHANT_17,122.0,2026-02-05 11:00:00
TXN001323,ACC_CUST_17_18,ACC_MERCHANT_17,288.0,2026-02-05 12:00:00
TXN001324,ACC_CUST_17_19,ACC_MERCHANT_17,101.0,2026-02-05 13:00:00
TXN001325,ACC_CUST_17_20,ACC_MERCHANT_17,264.0,2026-02-05 14:00:00
TXN001326,ACC_CUST_17_21,ACC_MERCHANT_17,398.0,2026-02-05 15:00:00
TXN001327,ACC_CUST_17_22,ACC_MERCHANT_17,236.0,2026-02-05 16:00:00
TXN001328,ACC_CUST_17_23,ACC_MERCHANT_17,355.0,2026-02-05 17:00:00
TXN001329,ACC_CUST_17_24,ACC_MERCHANT_17,98.0,2026-02-05 18:00:00
TXN001330,ACC_CUST_17_25,ACC_MERCHANT_17,248.0,2026-02-05 19:00:00
TXN001331,ACC_CUST_17_26,ACC_MERCHANT_17,263.0,2026-02-05 20:00:00
TXN001332,ACC_CUST_17_27,ACC_MERCHANT_17,168.0,2026-02-05 21:00:00
TXN001333,ACC_CUST_17_28,ACC_MERCHANT_17,110.0,2026-02-05 22:00:00
TXN001334,ACC_CUST_17_29,ACC_MERCHANT_17,410.0,2026-02-05 23:00:00
TXN001335,ACC_CUST_17_30,ACC_MERCHANT_17,60.0,2026-02-06 00:00:00
TXN001336,ACC_CUST_17_31,ACC_MERCHANT_17,120.0,2026-02-06 01:00:00
TXN001337,ACC_CUST_17_32,ACC_MERCHANT_17,421.0,2026-02-06 02:00:00
TXN001338,ACC_CUST_17_33,ACC_MERCHANT_17,338.0,2026-02-06 03:00:00
TXN001339,ACC_CUST_17_34,ACC_MERCHANT_17,281.0,2026-02-06 04:00:00
TXN001340,ACC_CUST_17_35,ACC_MERCHANT_17,364.0,2026-02-06 05:00:00
TXN001341,ACC_CUST_17_36,ACC_MERCHANT_17,385.0,2026-02-06 06:00:00
TXN001342,ACC_CUST_17_37,ACC_MERCHANT_17,188.0,2026-02-06 07:00:00
TXN001343,ACC_CUST_17_38,ACC_MERCHANT_17,115.0,2026-02-06 08:00:00
TXN001344,ACC_CUST_17_39,ACC_MERCHANT_17,496.0,2026-02-06 09:00:00
TXN001345,ACC_CUST_17_40,ACC_MERCHANT_17,196.0,2026-02-06 10:00:00
TXN001346,ACC_CUST_17_41,ACC_MERCHANT_17,385.0,2026-02-06 11:00:00
TXN001347,ACC_CUST_17_42,ACC_MERCHANT_17,301.0,2026-02-06 12:00:00
TXN001348,ACC_CUST_17_43,ACC_MERCHANT_17,366.0,2026-02-06 13:00:00
TXN001349,ACC_CUST_17_44,ACC_MERCHANT_17,351.0,2026-02-06 14:00:00
TXN001350,ACC_CUST_17_45,ACC_MERCHANT_17,463.0,2026-02-06 15:00:00
TXN001351,ACC_CUST_17_46,ACC_MERCHANT_17,336.0,2026-02-06 16:00:00
TXN001352,ACC_CUST_17_47,ACC_MERCHANT_17,499.0,2026-02-06 17:00:00
TXN001353,ACC_CUST_17_48,ACC_MERCHANT_17,490.0,2026-02-06 18:00:00
TXN001354,ACC_CUST_17_49,ACC_MERCHANT_17,468.0,2026-02-06 19:00:00
TXN001355,ACC_CUST_17_50,ACC_MERCHANT_17,417.0,2026-02-06 20:00:00
TXN001356,ACC_CUST_18_1,ACC_MERCHANT_18,468.0,2026-02-04 21:00:00
TXN001357,ACC_CUST_18_2,ACC_MERCHANT_18,69.0,2026-02-04 22:00:00
TXN001358,ACC_CUST_18_3,ACC_MERCHANT_18,208.0,2026-02-04 23:00:00
TXN001359,ACC_CUST_18_4,ACC_MERCHANT_18,190.0,2026-02-05 00:00:00
TXN001360,ACC_CUST_18_5,ACC_MERCHANT_18,50.0,2026-02-05 01:00:00
TXN001361,ACC_CUST_18_6,ACC_MERCHANT_18,231.0,2026-02-05 02:00:00
TXN001362,ACC_CUST_18_7,ACC_MERCHANT_18,125.0,2026-02-05 03:00:00
TXN001363,ACC_CUST_18_8,ACC_MERCHANT_18,490.0,2026-02-05 04:00:00
TXN001364,ACC_CUST_18_9,ACC_MERCHANT_18,408.0,2026-02-05 05:00:00
TXN001365,ACC_CUST_18_10,ACC_MERCHANT_18,224.0,2026-02-05 06:00:00
TXN001366,ACC_CUST_18_11,ACC_MERCHANT_18,224.0,2026-02-05 07:00:00
TXN001367,ACC_CUST_18_12,ACC_MERCHANT_18,474.0,2026-02-05 08:00:00
TXN001368,ACC_CUST_18_13,ACC_MERCHANT_18,428.0,2026-02-05 09:00:00
TXN001369,ACC_CUST_18_14,ACC_MERCHANT_18,183.0,2026-02-05 10:00:00
TXN001370,ACC_CUST_18_15,ACC_MERCHANT_18,249.0,2026-02-05 11:00:00
TXN001371,ACC_CUST_18_16,ACC_MERCHANT_18,165.0,2026-02-05 12:00:00
TXN001372,ACC_CUST_18_17,ACC_MERCHANT_18,478.0,2026-02-05 13:00:00
TXN001373,ACC_CUST_18_18,ACC_MERCHANT_18,111.0,2026-02-05 14:00:00
TXN001374,ACC_CUST_18_19,ACC_MERCHANT_18,439.0,2026-02-05 15:00:00
TXN001375,ACC_CUST_18_20,ACC_MERCHANT_18,201.0,2026-02-05 16:00:00
TXN001376,ACC_CUST_18_21,ACC_MERCHANT_18,394.0,2026-02-05 17:00:00
TXN001377,ACC_CUST_18_22,ACC_MERCHANT_18,287.0,2026-02-05 18:00:00
TXN001378,ACC_CUST_18_23,ACC_MERCHANT_18,201.0,2026-02-05 19:00:00
TXN001379,ACC_CUST_18_24,ACC_MERCHANT_18,212.0,2026-02-05 20:00:00
TXN001380,ACC_CUST_18_25,ACC_MERCHANT_18,171.0,2026-02-05 21:00:00
TXN001381,ACC_CUST_18_26,ACC_MERCHANT_18,170.0,2026-02-05 22:00:00
TXN001382,ACC_CUST_18_27,ACC_MERCHANT_18,101.0,2026-02-05 23:00:00
TXN001383,ACC_CUST_18_28,ACC_MERCHANT_18,118.0,2026-02-06 00:00:00
TXN001384,ACC_CUST_18_29,ACC_MERCHANT_18,281.0,2026-02-06 01:00:00
TXN001385,ACC_CUST_18_30,ACC_MERCHANT_18,101.0,2026-02-06 02:00:00
TXN001386,ACC_CUST_18_31,ACC_MERCHANT_18,351.0,2026-02-06 03:00:00
TXN001387,ACC_CUST_18_32,ACC_MERCHANT_18,389.0,2026-02-06 04:00:00
TXN001388,ACC_CUST_18_33,ACC_MERCHANT_18,220.0,2026-02-06 05:00:00
TXN001389,ACC_CUST_18_34,ACC_MERCHANT_18,383.0,2026-02-06 06:00:00
TXN001390,ACC_CUST_18_35,ACC_MERCHANT_18,324.0,2026-02-06 07:00:00
TXN001391,ACC_CUST_18_36,ACC_MERCHANT_18,133.0,2026-02-06 08:00:00
TXN001392,ACC_CUST_18_37,ACC_MERCHANT_18,200.0,2026-02-06 09:00:00
TXN001393,ACC_CUST_18_38,ACC_MERCHANT_18,201.0,2026-02-06 10:00:00
TXN001394,ACC_CUST_18_39,ACC_MERCHANT_18,121.0,2026-02-06 11:00:00
TXN001395,ACC_CUST_18_40,ACC_MERCHANT_18,139.0,2026-02-06 12:00:00
TXN001396,ACC_CUST_18_41,ACC_MERCHANT_18,418.0,2026-02-06 13:00:00
TXN001397,ACC_CUST_18_42,ACC_MERCHANT_18,103.0,2026-02-06 14:00:00
TXN001398,ACC_CUST_18_43,ACC_MERCHANT_18,160.0,2026-02-06 15:00:00
TXN001399,ACC_CUST_18_44,ACC_MERCHANT_18,193.0,2026-02-06 16:00:00
TXN001400,ACC_CUST_18_45,ACC_MERCHANT_18,336.0,2026-02-06 17:00:00
TXN001401,ACC_CUST_18_46,ACC_MERCHANT_18,494.0,2026-02-06 18:00:00
TXN001402,ACC_CUST_18_47,ACC_MERCHANT_18,243.0,2026-02-06 19:00:00
TXN001403,ACC_CUST_18_48,ACC_MERCHANT_18,205.0,2026-02-06 20:00:00
TXN001404,ACC_CUST_18_49,ACC_MERCHANT_18,473.0,2026-02-06 21:00:00
TXN001405,ACC_CUST_18_50,ACC_MERCHANT_18,201.0,2026-02-06 22:00:00
TXN001406,ACC_CUST_19_1,ACC_MERCHANT_19,458.0,2026-02-04 23:00:00
TXN001407,ACC_CUST_19_2,ACC_MERCHANT_19,410.0,2026-02-05 00:00:00
TXN001408,ACC_CUST_19_3,ACC_MERCHANT_19,297.0,2026-02-05 01:00:00
TXN001409,ACC_CUST_19_4,ACC_MERCHANT_19,338.0,2026-02-05 02:00:00
TXN001410,ACC_CUST_19_5,ACC_MERCHANT_19,328.0,2026-02-05 03:00:00
TXN001411,ACC_CUST_19_6,ACC_MERCHANT_19,244.0,2026-02-05 04:00:00
TXN001412,ACC_CUST_19_7,ACC_MERCHANT_19,256.0,2026-02-05 05:00:00
TXN001413,ACC_CUST_19_8,ACC_MERCHANT_19,122.0,2026-02-05 06:00:00
TXN001414,ACC_CUST_19_9,ACC_MERCHANT_19,71.0,2026-02-05 07:00:00
TXN001415,ACC_CUST_19_10,ACC_MERCHANT_19,129.0,2026-02-05 08:00:00
TXN001416,ACC_CUST_19_11,ACC_MERCHANT_19,249.0,2026-02-05 09:00:00
TXN001417,ACC_CUST_19_12,ACC_MERCHANT_19,458.0,2026-02-05 10:00:00
TXN001418,ACC_CUST_19_13,ACC_MERCHANT_19,495.0,2026-02-05 11:00:00
TXN001419,ACC_CUST_19_14,ACC_MERCHANT_19,221.0,2026-02-05 12:00:00
TXN001420,ACC_CUST_19_15,ACC_MERCHANT_19,176.0,2026-02-05 13:00:00
TXN001421,ACC_CUST_19_16,ACC_MERCHANT_19,404.0,2026-02-05 14:00:00
TXN001422,ACC_CUST_19_17,ACC_MERCHANT_19,457.0,2026-02-05 15:00:00
TXN001423,ACC_CUST_19_18,ACC_MERCHANT_19,460.0,2026-02-05 16:00:00
TXN001424,ACC_CUST_19_19,ACC_MERCHANT_19,276.0,2026-02-05 17:00:00
TXN001425,ACC_CUST_19_20,ACC_MERCHANT_19,71.0,2026-02-05 18:00:00
TXN001426,ACC_CUST_19_21,ACC_MERCHANT_19,59.0,2026-02-05 19:00:00
TXN001427,ACC_CUST_19_22,ACC_MERCHANT_19,399.0,2026-02-05 20:00:00
TXN001428,ACC_CUST_19_23,ACC_MERCHANT_19,381.0,2026-02-05 21:00:00
TXN001429,ACC_CUST_19_24,ACC_MERCHANT_19,498.0,2026-02-05 22:00:00
TXN001430,ACC_CUST_19_25,ACC_MERCHANT_19,52.0,2026-02-05 23:00:00
TXN001431,ACC_CUST_19_26,ACC_MERCHANT_19,133.0,2026-02-06 00:00:00
TXN001432,ACC_CUST_19_27,ACC_MERCHANT_19,174.0,2026-02-06 01:00:00
TXN001433,ACC_CUST_19_28,ACC_MERCHANT_19,99.0,2026-02-06 02:00:00
TXN001434,ACC_CUST_19_29,ACC_MERCHANT_19,140.0,2026-02-06 03:00:00
TXN001435,ACC_CUST_19_30,ACC_MERCHANT_19,482.0,2026-02-06 04:00:00
TXN001436,ACC_CUST_19_31,ACC_MERCHANT_19,55.0,2026-02-06 05:00:00
TXN001437,ACC_CUST_19_32,ACC_MERCHANT_19,486.0,2026-02-06 06:00:00
TXN001438,ACC_CUST_19_33,ACC_MERCHANT_19,56.0,2026-02-06 07:00:00
TXN001439,ACC_CUST_19_34,ACC_MERCHANT_19,296.0,2026-02-06 08:00:00
TXN001440,ACC_CUST_19_35,ACC_MERCHANT_19,54.0,2026-02-06 09:00:00
TXN001441,ACC_CUST_19_36,ACC_MERCHANT_19,208.0,2026-02-06 10:00:00
TXN001442,ACC_CUST_19_37,ACC_MERCHANT_19,69.0,2026-02-06 11:00:00
TXN001443,ACC_CUST_19_38,ACC_MERCHANT_19,407.0,2026-02-06 12:00:00
TXN001444,ACC_CUST_19_39,ACC_MERCHANT_19,168.0,2026-02-06 13:00:00
TXN001445,ACC_CUST_19_40,ACC_MERCHANT_19,111.0,2026-02-06 14:00:00
TXN001446,ACC_CUST_19_41,ACC_MERCHANT_19,286.0,2026-02-06 15:00:00
TXN001447,ACC_CUST_19_42,ACC_MERCHANT_19,187.0,2026-02-06 16:00:00
TXN001448,ACC_CUST_19_43,ACC_MERCHANT_19,127.0,2026-02-06 17:00:00
TXN001449,ACC_CUST_19_44,ACC_MERCHANT_19,415.0,2026-02-06 18:00:00
TXN001450,ACC_CUST_19_45,ACC_MERCHANT_19,468.0,2026-02-06 19:00:00
TXN001451,ACC_CUST_19_46,ACC_MERCHANT_19,416.0,2026-02-06 20:00:00
TXN001452,ACC_CUST_19_47,ACC_MERCHANT_19,317.0,2026-02-06 21:00:00
TXN001453,ACC_CUST_19_48,ACC_MERCHANT_19,132.0,2026-02-06 22:00:00
TXN001454,ACC_CUST_19_49,ACC_MERCHANT_19,287.0,2026-02-06 23:00:00
TXN001455,ACC_CUST_19_50,ACC_MERCHANT_19,209.0,2026-02-07 00:00:00
TXN001456,ACC_CUST_20_1,ACC_MERCHANT_20,265.0,2026-02-05 01:00:00
TXN001457,ACC_CUST_20_2,ACC_MERCHANT_20,328.0,2026-02-05 02:00:00
TXN001458,ACC_CUST_20_3,ACC_MERCHANT_20,320.0,2026-02-05 03:00:00
TXN001459,ACC_CUST_20_4,ACC_MERCHANT_20,236.0,2026-02-05 04:00:00
TXN001460,ACC_CUST_20_5,ACC_MERCHANT_20,177.0,2026-02-05 05:00:00
TXN001461,ACC_CUST_20_6,ACC_MERCHANT_20,364.0,2026-02-05 06:00:00
TXN001462,ACC_CUST_20_7,ACC_MERCHANT_20,445.0,2026-02-05 07:00:00
TXN001463,ACC_CUST_20_8,ACC_MERCHANT_20,76.0,2026-02-05 08:00:00
TXN001464,ACC_CUST_20_9,ACC_MERCHANT_20,409.0,2026-02-05 09:00:00
TXN001465,ACC_CUST_20_10,ACC_MERCHANT_20,364.0,2026-02-05 10:00:00
TXN001466,ACC_CUST_20_11,ACC_MERCHANT_20,446.0,2026-02-05 11:00:00
TXN001467,ACC_CUST_20_12,ACC_MERCHANT_20,326.0,2026-02-05 12:00:00
TXN001468,ACC_CUST_20_13,ACC_MERCHANT_20,374.0,2026-02-05 13:00:00
TXN001469,ACC_CUST_20_14,ACC_MERCHANT_20,90.0,2026-02-05 14:00:00
TXN001470,ACC_CUST_20_15,ACC_MERCHANT_20,279.0,2026-02-05 15:00:00
TXN001471,ACC_CUST_20_16,ACC_MERCHANT_20,114.0,2026-02-05 16:00:00
TXN001472,ACC_CUST_20_17,ACC_MERCHANT_20,382.0,2026-02-05 17:00:00
TXN001473,ACC_CUST_20_18,ACC_MERCHANT_20,87.0,2026-02-05 18:00:00
TXN001474,ACC_CUST_20_19,ACC_MERCHANT_20,188.0,2026-02-05 19:00:00
TXN001475,ACC_CUST_20_20,ACC_MERCHANT_20,141.0,2026-02-05 20:00:00
TXN001476,ACC_CUST_20_21,ACC_MERCHANT_20,394.0,2026-02-05 21:00:00
TXN001477,ACC_CUST_20_22,ACC_MERCHANT_20,280.0,2026-02-05 22:00:00
TXN001478,ACC_CUST_20_23,ACC_MERCHANT_20,244.0,2026-02-05 23:00:00
TXN001479,ACC_CUST_20_24,ACC_MERCHANT_20,335.0,2026-02-06 00:00:00
TXN001480,ACC_CUST_20_25,ACC_MERCHANT_20,149.0,2026-02-06 01:00:00
TXN001481,ACC_CUST_20_26,ACC_MERCHANT_20,346.0,2026-02-06 02:00:00
TXN001482,ACC_CUST_20_27,ACC_MERCHANT_20,281.0,2026-02-06 03:00:00
TXN001483,ACC_CUST_20_28,ACC_MERCHANT_20,107.0,2026-02-06 04:00:00
TXN001484,ACC_CUST_20_29,ACC_MERCHANT_20,207.0,2026-02-06 05:00:00
TXN001485,ACC_CUST_20_30,ACC_MERCHANT_20,452.0,2026-02-06 06:00:00
TXN001486,ACC_CUST_20_31,ACC_MERCHANT_20,407.0,2026-02-06 07:00:00
TXN001487,ACC_CUST_20_32,ACC_MERCHANT_20,200.0,2026-02-06 08:00:00
TXN001488,ACC_CUST_20_33,ACC_MERCHANT_20,193.0,2026-02-06 09:00:00
TXN001489,ACC_CUST_20_34,ACC_MERCHANT_20,171.0,2026-02-06 10:00:00
TXN001490,ACC_CUST_20_35,ACC_MERCHANT_20,320.0,2026-02-06 11:00:00
TXN001491,ACC_CUST_20_36,ACC_MERCHANT_20,137.0,2026-02-06 12:00:00
TXN001492,ACC_CUST_20_37,ACC_MERCHANT_20,113.0,2026-02-06 13:00:00
TXN001493,ACC_CUST_20_38,ACC_MERCHANT_20,275.0,2026-02-06 14:00:00
TXN001494,ACC_CUST_20_39,ACC_MERCHANT_20,172.0,2026-02-06 15:00:00
TXN001495,ACC_CUST_20_40,ACC_MERCHANT_20,391.0,2026-02-06 16:00:00
TXN001496,ACC_CUST_20_41,ACC_MERCHANT_20,290.0,2026-02-06 17:00:00
TXN001497,ACC_CUST_20_42,ACC_MERCHANT_20,281.0,2026-02-06 18:00:00
TXN001498,ACC_CUST_20_43,ACC_MERCHANT_20,383.0,2026-02-06 19:00:00
TXN001499,ACC_CUST_20_44,ACC_MERCHANT_20,332.0,2026-02-06 20:00:00
TXN001500,ACC_CUST_20_45,ACC_MERCHANT_20,133.0,2026-02-06 21:00:00
TXN001501,ACC_CUST_20_46,ACC_MERCHANT_20,229.0,2026-02-06 22:00:00
TXN001502,ACC_CUST_20_47,ACC_MERCHANT_20,409.0,2026-02-06 23:00:00
TXN001503,ACC_CUST_20_48,ACC_MERCHANT_20,484.0,2026-02-07 00:00:00
TXN001504,ACC_CUST_20_49,ACC_MERCHANT_20,120.0,2026-02-07 01:00:00
TXN001505,ACC_CUST_20_50,ACC_MERCHANT_20,310.0,2026-02-07 02:00:00
TXN001506,ACC_PAYROLL_1,ACC_EMP_1_1,3000.0,2026-02-20 02:00:00
TXN001507,ACC_PAYROLL_1,ACC_EMP_1_2,3000.0,2026-02-20 03:00:00
TXN001508,ACC_PAYROLL_1,ACC_EMP_1_3,3000.0,2026-02-20 04:00:00
TXN001509,ACC_PAYROLL_1,ACC_EMP_1_4,3000.0,2026-02-20 05:00:00
TXN001510,ACC_PAYROLL_1,ACC_EMP_1_5,3000.0,2026-02-20 06:00:00
TXN001511,ACC_PAYROLL_1,ACC_EMP_1_6,3000.0,2026-02-20 07:00:00
TXN001512,ACC_PAYROLL_1,ACC_EMP_1_7,3000.0,2026-02-20 08:00:00
TXN001513,ACC_PAYROLL_1,ACC_EMP_1_8,3000.0,2026-02-20 09:00:00
TXN001514,ACC_PAYROLL_1,ACC_EMP_1_9,3000.0,2026-02-20 10:00:00
TXN001515,ACC_PAYROLL_1,ACC_EMP_1_10,3000.0,2026-02-20 11:00:00
TXN001516,ACC_PAYROLL_1,ACC_EMP_1_11,3000.0,2026-02-20 12:00:00
TXN001517,ACC_PAYROLL_1,ACC_EMP_1_12,3000.0,2026-02-20 13:00:00
TXN001518,ACC_PAYROLL_1,ACC_EMP_1_13,3000.0,2026-02-20 14:00:00
TXN001519,ACC_PAYROLL_1,ACC_EMP_1_14,3000.0,2026-02-20 15:00:00
TXN001520,ACC_PAYROLL_1,ACC_EMP_1_15,3000.0,2026-02-20 16:00:00
TXN001521,ACC_PAYROLL_1,ACC_EMP_1_16,3000.0,2026-02-20 17:00:00
TXN001522,ACC_PAYROLL_1,ACC_EMP_1_17,3000.0,2026-02-20 18:00:00
TXN001523,ACC_PAYROLL_1,ACC_EMP_1_18,3000.0,2026-02-20 19:00:00
TXN001524,ACC_PAYROLL_1,ACC_EMP_1_19,3000.0,2026-02-20 20:00:00
TXN001525,ACC_PAYROLL_1,ACC_EMP_1_20,3000.0,2026-02-20 21:00:00
TXN001526,ACC_PAYROLL_1,ACC_EMP_1_21,3000.0,2026-02-20 22:00:00
TXN001527,ACC_PAYROLL_1,ACC_EMP_1_22,3000.0,2026-02-20 23:00:00
TXN001528,ACC_PAYROLL_1,ACC_EMP_1_23,3000.0,2026-02-21 00:00:00
TXN001529,ACC_PAYROLL_1,ACC_EMP_1_24,3000.0,2026-02-21 01:00:00
TXN001530,ACC_PAYROLL_1,ACC_EMP_1_25,3000.0,2026-02-21 02:00:00
TXN001531,ACC_PAYROLL_1,ACC_EMP_1_26,3000.0,2026-02-21 03:00:00
TXN001532,ACC_PAYROLL_1,ACC_EMP_1_27,3000.0,2026-02-21 04:00:00
TXN001533,ACC_PAYROLL_1,ACC_EMP_1_28,3000.0,2026-02-21 05:00:00
TXN001534,ACC_PAYROLL_1,ACC_EMP_1_29,3000.0,2026-02-21 06:00:00
TXN001535,ACC_PAYROLL_1,ACC_EMP_1_30,3000.0,2026-02-21 07:00:00
TXN001536,ACC_PAYROLL_2,ACC_EMP_2_1,3000.0,2026-02-20 03:00:00
TXN001537,ACC_PAYROLL_2,ACC_EMP_2_2,3000.0,2026-02-20 04:00:00
TXN001538,ACC_PAYROLL_2,ACC_EMP_2_3,3000.0,2026-02-20 05:00:00
TXN001539,ACC_PAYROLL_2,ACC_EMP_2_4,3000.0,2026-02-20 06:00:00
TXN001540,ACC_PAYROLL_2,ACC_EMP_2_5,3000.0,2026-02-20 07:00:00
TXN001541,ACC_PAYROLL_2,ACC_EMP_2_6,3000.0,2026-02-20 08:00:00
TXN001542,ACC_PAYROLL_2,ACC_EMP_2_7,3000.0,2026-02-20 09:00:00
TXN001543,ACC_PAYROLL_2,ACC_EMP_2_8,3000.0,2026-02-20 10:00:00
TXN001544,ACC_PAYROLL_2,ACC_EMP_2_9,3000.0,2026-02-20 11:00:00
TXN001545,ACC_PAYROLL_2,ACC_EMP_2_10,3000.0,2026-02-20 12:00:00
TXN001546,ACC_PAYROLL_2,ACC_EMP_2_11,3000.0,2026-02-20 13:00:00
TXN001547,ACC_PAYROLL_2,ACC_EMP_2_12,3000.0,2026-02-20 14:00:00
TXN001548,ACC_PAYROLL_2,ACC_EMP_2_13,3000.0,2026-02-20 15:00:00
TXN001549,ACC_PAYROLL_2,ACC_EMP_2_14,3000.0,2026-02-20 16:00:00
TXN001550,ACC_PAYROLL_2,ACC_EMP_2_15,3000.0,2026-02-20 17:00:00
TXN001551,ACC_PAYROLL_2,ACC_EMP_2_16,3000.0,2026-02-20 18:00:00
TXN001552,ACC_PAYROLL_2,ACC_EMP_2_17,3000.0,2026-02-20 19:00:00
TXN001553,ACC_PAYROLL_2,ACC_EMP_2_18,3000.0,2026-02-20 20:00:00
TXN001554,ACC_PAYROLL_2,ACC_EMP_2_19,3000.0,2026-02-20 21:00:00
TXN001555,ACC_PAYROLL_2,ACC_EMP_2_20,3000.0,2026-02-20 22:00:00
TXN001556,ACC_PAYROLL_2,ACC_EMP_2_21,3000.0,2026-02-20 23:00:00
TXN001557,ACC_PAYROLL_2,ACC_EMP_2_22,3000.0,2026-02-21 00:00:00
TXN001558,ACC_PAYROLL_2,ACC_EMP_2_23,3000.0,2026-02-21 01:00:00
TXN001559,ACC_PAYROLL_2,ACC_EMP_2_24,3000.0,2026-02-21 02:00:00
TXN001560,ACC_PAYROLL_2,ACC_EMP_2_25,3000.0,2026-02-21 03:00:00
TXN001561,ACC_PAYROLL_2,ACC_EMP_2_26,3000.0,2026-02-21 04:00:00
TXN001562,ACC_PAYROLL_2,ACC_EMP_2_27,3000.0,2026-02-21 05:00:00
TXN001563,ACC_PAYROLL_2,ACC_EMP_2_28,3000.0,2026-02-21 06:00:00
TXN001564,ACC_PAYROLL_2,ACC_EMP_2_29,3000.0,2026-02-21 07:00:00
TXN001565,ACC_PAYROLL_2,ACC_EMP_2_30,3000.0,2026-02-21 08:00:00
TXN001566,ACC_PAYROLL_3,ACC_EMP_3_1,3000.0,2026-02-20 04:00:00
TXN001567,ACC_PAYROLL_3,ACC_EMP_3_2,3000.0,2026-02-20 05:00:00
TXN001568,ACC_PAYROLL_3,ACC_EMP_3_3,3000.0,2026-02-20 06:00:00
TXN001569,ACC_PAYROLL_3,ACC_EMP_3_4,3000.0,2026-02-20 07:00:00
TXN001570,ACC_PAYROLL_3,ACC_EMP_3_5,3000.0,2026-02-20 08:00:00
TXN001571,ACC_PAYROLL_3,ACC_EMP_3_6,3000.0,2026-02-20 09:00:00
TXN001572,ACC_PAYROLL_3,ACC_EMP_3_7,3000.0,2026-02-20 10:00:00
TXN001573,ACC_PAYROLL_3,ACC_EMP_3_8,3000.0,2026-02-20 11:00:00
TXN001574,ACC_PAYROLL_3,ACC_EMP_3_9,3000.0,2026-02-20 12:00:00
TXN001575,ACC_PAYROLL_3,ACC_EMP_3_10,3000.0,2026-02-20 13:00:00
TXN001576,ACC_PAYROLL_3,ACC_EMP_3_11,3000.0,2026-02-20 14:00:00
TXN001577,ACC_PAYROLL_3,ACC_EMP_3_12,3000.0,2026-02-20 15:00:00
TXN001578,ACC_PAYROLL_3,ACC_EMP_3_13,3000.0,2026-02-20 16:00:00
TXN001579,ACC_PAYROLL_3,ACC_EMP_3_14,3000.0,2026-02-20 17:00:00
TXN001580,ACC_PAYROLL_3,ACC_EMP_3_15,3000.0,2026-02-20 18:00:00
TXN001581,ACC_PAYROLL_3,ACC_EMP_3_16,3000.0,2026-02-20 19:00:00
TXN001582,ACC_PAYROLL_3,ACC_EMP_3_17,3000.0,2026-02-20 20:00:00
TXN001583,ACC_PAYROLL_3,ACC_EMP_3_18,3000.0,2026-02-20 21:00:00
TXN001584,ACC_PAYROLL_3,ACC_EMP_3_19,3000.0,2026-02-20 22:00:00
TXN001585,ACC_PAYROLL_3,ACC_EMP_3_20,3000.0,2026-02-20 23:00:00
TXN001586,ACC_PAYROLL_3,ACC_EMP_3_21,3000.0,2026-02-21 00:00:00
TXN001587,ACC_PAYROLL_3,ACC_EMP_3_22,3000.0,2026-02-21 01:00:00
TXN001588,ACC_PAYROLL_3,ACC_EMP_3_23,3000.0,2026-02-21 02:00:00
TXN001589,ACC_PAYROLL_3,ACC_EMP_3_24,3000.0,2026-02-21 03:00:00
TXN001590,ACC_PAYROLL_3,ACC_EMP_3_25,3000.0,2026-02-21 04:00:00
TXN001591,ACC_PAYROLL_3,ACC_EMP_3_26,3000.0,2026-02-21 05:00:00
TXN001592,ACC_PAYROLL_3,ACC_EMP_3_27,3000.0,2026-02-21 06:00:00
TXN001593,ACC_PAYROLL_3,ACC_EMP_3_28,3000.0,2026-02-21 07:00:00
TXN001594,ACC_PAYROLL_3,ACC_EMP_3_29,3000.0,2026-02-21 08:00:00
TXN001595,ACC_PAYROLL_3,ACC_EMP_3_30,3000.0,2026-02-21 09:00:00
TXN001596,ACC_PAYROLL_4,ACC_EMP_4_1,3000.0,2026-02-20 05:00:00
TXN001597,ACC_PAYROLL_4,ACC_EMP_4_2,3000.0,2026-02-20 06:00:00
TXN001598,ACC_PAYROLL_4,ACC_EMP_4_3,3000.0,2026-02-20 07:00:00
TXN001599,ACC_PAYROLL_4,ACC_EMP_4_4,3000.0,2026-02-20 08:00:00
TXN001600,ACC_PAYROLL_4,ACC_EMP_4_5,3000.0,2026-02-20 09:00:00
TXN001601,ACC_PAYROLL_4,ACC_EMP_4_6,3000.0,2026-02-20 10:00:00
TXN001602,ACC_PAYROLL_4,ACC_EMP_4_7,3000.0,2026-02-20 11:00:00
TXN001603,ACC_PAYROLL_4,ACC_EMP_4_8,3000.0,2026-02-20 12:00:00
TXN001604,ACC_PAYROLL_4,ACC_EMP_4_9,3000.0,2026-02-20 13:00:00
TXN001605,ACC_PAYROLL_4,ACC_EMP_4_10,3000.0,2026-02-20 14:00:00
TXN001606,ACC_PAYROLL_4,ACC_EMP_4_11,3000.0,2026-02-20 15:00:00
TXN001607,ACC_PAYROLL_4,ACC_EMP_4_12,3000.0,2026-02-20 16:00:00
TXN001608,ACC_PAYROLL_4,ACC_EMP_4_13,3000.0,2026-02-20 17:00:00
TXN001609,ACC_PAYROLL_4,ACC_EMP_4_14,3000.0,2026-02-20 18:00:00
TXN001610,ACC_PAYROLL_4,ACC_EMP_4_15,3000.0,2026-02-20 19:00:00
TXN001611,ACC_PAYROLL_4,ACC_EMP_4_16,3000.0,2026-02-20 20:00:00
TXN001612,ACC_PAYROLL_4,ACC_EMP_4_17,3000.0,2026-02-20 21:00:00
TXN001613,ACC_PAYROLL_4,ACC_EMP_4_18,3000.0,2026-02-20 22:00:00
TXN001614,ACC_PAYROLL_4,ACC_EMP_4_19,3000.0,2026-02-20 23:00:00
TXN001615,ACC_PAYROLL_4,ACC_EMP_4_20,3000.0,2026-02-21 00:00:00
TXN001616,ACC_PAYROLL_4,ACC_EMP_4_21,3000.0,2026-02-21 01:00:00
TXN001617,ACC_PAYROLL_4,ACC_EMP_4_22,3000.0,2026-02-21 02:00:00
TXN001618,ACC_PAYROLL_4,ACC_EMP_4_23,3000.0,2026-02-21 03:00:00
TXN001619,ACC_PAYROLL_4,ACC_EMP_4_24,3000.0,2026-02-21 04:00:00
TXN001620,ACC_PAYROLL_4,ACC_EMP_4_25,3000.0,2026-02-21 05:00:00
TXN001621,ACC_PAYROLL_4,ACC_EMP_4_26,3000.0,2026-02-21 06:00:00
TXN001622,ACC_PAYROLL_4,ACC_EMP_4_27,3000.0,2026-02-21 07:00:00
TXN001623,ACC_PAYROLL_4,ACC_EMP_4_28,3000.0,2026-02-21 08:00:00
TXN001624,ACC_PAYROLL_4,ACC_EMP_4_29,3000.0,2026-02-21 09:00:00
TXN001625,ACC_PAYROLL_4,ACC_EMP_4_30,3000.0,2026-02-21 10:00:00
TXN001626,ACC_PAYROLL_5,ACC_EMP_5_1,3000.0,2026-02-20 06:00:00
TXN001627,ACC_PAYROLL_5,ACC_EMP_5_2,3000.0,2026-02-20 07:00:00
TXN001628,ACC_PAYROLL_5,ACC_EMP_5_3,3000.0,2026-02-20 08:00:00
TXN001629,ACC_PAYROLL_5,ACC_EMP_5_4,3000.0,2026-02-20 09:00:00
TXN001630,ACC_PAYROLL_5,ACC_EMP_5_5,3000.0,2026-02-20 10:00:00
TXN001631,ACC_PAYROLL_5,ACC_EMP_5_6,3000.0,2026-02-20 11:00:00
TXN001632,ACC_PAYROLL_5,ACC_EMP_5_7,3000.0,2026-02-20 12:00:00
TXN001633,ACC_PAYROLL_5,ACC_EMP_5_8,3000.0,2026-02-20 13:00:00
TXN001634,ACC_PAYROLL_5,ACC_EMP_5_9,3000.0,2026-02-20 14:00:00
TXN001635,ACC_PAYROLL_5,ACC_EMP_5_10,3000.0,2026-02-20 15:00:00
TXN001636,ACC_PAYROLL_5,ACC_EMP_5_11,3000.0,2026-02-20 16:00:00
TXN001637,ACC_PAYROLL_5,ACC_EMP_5_12,3000.0,2026-02-20 17:00:00
TXN001638,ACC_PAYROLL_5,ACC_EMP_5_13,3000.0,2026-02-20 18:00:00
TXN001639,ACC_PAYROLL_5,ACC_EMP_5_14,3000.0,2026-02-20 19:00:00
TXN001640,ACC_PAYROLL_5,ACC_EMP_5_15,3000.0,2026-02-20 20:00:00
TXN001641,ACC_PAYROLL_5,ACC_EMP_5_16,3000.0,2026-02-20 21:00:00
TXN001642,ACC_PAYROLL_5,ACC_EMP_5_17,3000.0,2026-02-20 22:00:00
TXN001643,ACC_PAYROLL_5,ACC_EMP_5_18,3000.0,2026-02-20 23:00:00
TXN001644,ACC_PAYROLL_5,ACC_EMP_5_19,3000.0,2026-02-21 00:00:00
TXN001645,ACC_PAYROLL_5,ACC_EMP_5_20,3000.0,2026-02-21 01:00:00
TXN001646,ACC_PAYROLL_5,ACC_EMP_5_21,3000.0,2026-02-21 02:00:00
TXN001647,ACC_PAYROLL_5,ACC_EMP_5_22,3000.0,2026-02-21 03:00:00
TXN001648,ACC_PAYROLL_5,ACC_EMP_5_23,3000.0,2026-02-21 04:00:00
TXN001649,ACC_PAYROLL_5,ACC_EMP_5_24,3000.0,2026-02-21 05:00:00
TXN001650,ACC_PAYROLL_5,ACC_EMP_5_25,3000.0,2026-02-21 06:00:00
TXN001651,ACC_PAYROLL_5,ACC_EMP_5_26,3000.0,2026-02-21 07:00:00
TXN001652,ACC_PAYROLL_5,ACC_EMP_5_27,3000.0,2026-02-21 08:00:00
TXN001653,ACC_PAYROLL_5,ACC_EMP_5_28,3000.0,2026-02-21 09:00:00
TXN001654,ACC_PAYROLL_5,ACC_EMP_5_29,3000.0,2026-02-21 10:00:00
TXN001655,ACC_PAYROLL_5,ACC_EMP_5_30,3000.0,2026-02-21 11:00:00
TXN001656,ACC_PAYROLL_6,ACC_EMP_6_1,3000.0,2026-02-20 07:00:00
TXN001657,ACC_PAYROLL_6,ACC_EMP_6_2,3000.0,2026-02-20 08:00:00
TXN001658,ACC_PAYROLL_6,ACC_EMP_6_3,3000.0,2026-02-20 09:00:00
TXN001659,ACC_PAYROLL_6,ACC_EMP_6_4,3000.0,2026-02-20 10:00:00
TXN001660,ACC_PAYROLL_6,ACC_EMP_6_5,3000.0,2026-02-20 11:00:00
TXN001661,ACC_PAYROLL_6,ACC_EMP_6_6,3000.0,2026-02-20 12:00:00
TXN001662,ACC_PAYROLL_6,ACC_EMP_6_7,3000.0,2026-02-20 13:00:00
TXN001663,ACC_PAYROLL_6,ACC_EMP_6_8,3000.0,2026-02-20 14:00:00
TXN001664,ACC_PAYROLL_6,ACC_EMP_6_9,3000.0,2026-02-20 15:00:00
TXN001665,ACC_PAYROLL_6,ACC_EMP_6_10,3000.0,2026-02-20 16:00:00
TXN001666,ACC_PAYROLL_6,ACC_EMP_6_11,3000.0,2026-02-20 17:00:00
TXN001667,ACC_PAYROLL_6,ACC_EMP_6_12,3000.0,2026-02-20 18:00:00
TXN001668,ACC_PAYROLL_6,ACC_EMP_6_13,3000.0,2026-02-20 19:00:00
TXN001669,ACC_PAYROLL_6,ACC_EMP_6_14,3000.0,2026-02-20 20:00:00
TXN001670,ACC_PAYROLL_6,ACC_EMP_6_15,3000.0,2026-02-20 21:00:00
TXN001671,ACC_PAYROLL_6,ACC_EMP_6_16,3000.0,2026-02-20 22:00:00
TXN001672,ACC_PAYROLL_6,ACC_EMP_6_17,3000.0,2026-02-20 23:00:00
TXN001673,ACC_PAYROLL_6,ACC_EMP_6_18,3000.0,2026-02-21 00:00:00
TXN001674,ACC_PAYROLL_6,ACC_EMP_6_19,3000.0,2026-02-21 01:00:00
TXN001675,ACC_PAYROLL_6,ACC_EMP_6_20,3000.0,2026-02-21 02:00:00
TXN001676,ACC_PAYROLL_6,ACC_EMP_6_21,3000.0,2026-02-21 03:00:00
TXN001677,ACC_PAYROLL_6,ACC_EMP_6_22,3000.0,2026-02-21 04:00:00
TXN001678,ACC_PAYROLL_6,ACC_EMP_6_23,3000.0,2026-02-21 05:00:00
TXN001679,ACC_PAYROLL_6,ACC_EMP_6_24,3000.0,2026-02-21 06:00:00
TXN001680,ACC_PAYROLL_6,ACC_EMP_6_25,3000.0,2026-02-21 07:00:00
TXN001681,ACC_PAYROLL_6,ACC_EMP_6_26,3000.0,2026-02-21 08:00:00
TXN001682,ACC_PAYROLL_6,ACC_EMP_6_27,3000.0,2026-02-21 09:00:00
TXN001683,ACC_PAYROLL_6,ACC_EMP_6_28,3000.0,2026-02-21 10:00:00
TXN001684,ACC_PAYROLL_6,ACC_EMP_6_29,3000.0,2026-02-21 11:00:00
TXN001685,ACC_PAYROLL_6,ACC_EMP_6_30,3000.0,2026-02-21 12:00:00
TXN001686,ACC_PAYROLL_7,ACC_EMP_7_1,3000.0,2026-02-20 08:00:00
TXN001687,ACC_PAYROLL_7,ACC_EMP_7_2,3000.0,2026-02-20 09:00:00
TXN001688,ACC_PAYROLL_7,ACC_EMP_7_3,3000.0,2026-02-20 10:00:00
TXN001689,ACC_PAYROLL_7,ACC_EMP_7_4,3000.0,2026-02-20 11:00:00
TXN001690,ACC_PAYROLL_7,ACC_EMP_7_5,3000.0,2026-02-20 12:00:00
TXN001691,ACC_PAYROLL_7,ACC_EMP_7_6,3000.0,2026-02-20 13:00:00
TXN001692,ACC_PAYROLL_7,ACC_EMP_7_7,3000.0,2026-02-20 14:00:00
TXN001693,ACC_PAYROLL_7,ACC_EMP_7_8,3000.0,2026-02-20 15:00:00
TXN001694,ACC_PAYROLL_7,ACC_EMP_7_9,3000.0,2026-02-20 16:00:00
TXN001695,ACC_PAYROLL_7,ACC_EMP_7_10,3000.0,2026-02-20 17:00:00
TXN001696,ACC_PAYROLL_7,ACC_EMP_7_11,3000.0,2026-02-20 18:00:00
TXN001697,ACC_PAYROLL_7,ACC_EMP_7_12,3000.0,2026-02-20 19:00:00
TXN001698,ACC_PAYROLL_7,ACC_EMP_7_13,3000.0,2026-02-20 20:00:00
TXN001699,ACC_PAYROLL_7,ACC_EMP_7_14,3000.0,2026-02-20 21:00:00
TXN001700,ACC_PAYROLL_7,ACC_EMP_7_15,3000.0,2026-02-20 22:00:00
TXN001701,ACC_PAYROLL_7,ACC_EMP_7_16,3000.0,2026-02-20 23:00:00
TXN001702,ACC_PAYROLL_7,ACC_EMP_7_17,3000.0,2026-02-21 00:00:00
TXN001703,ACC_PAYROLL_7,ACC_EMP_7_18,3000.0,2026-02-21 01:00:00
TXN001704,ACC_PAYROLL_7,ACC_EMP_7_19,3000.0,2026-02-21 02:00:00
TXN001705,ACC_PAYROLL_7,ACC_EMP_7_20,3000.0,2026-02-21 03:00:00
TXN001706,ACC_PAYROLL_7,ACC_EMP_7_21,3000.0,2026-02-21 04:00:00
TXN001707,ACC_PAYROLL_7,ACC_EMP_7_22,3000.0,2026-02-21 05:00:00
TXN001708,ACC_PAYROLL_7,ACC_EMP_7_23,3000.0,2026-02-21 06:00:00
TXN001709,ACC_PAYROLL_7,ACC_EMP_7_24,3000.0,2026-02-21 07:00:00
TXN001710,ACC_PAYROLL_7,ACC_EMP_7_25,3000.0,2026-02-21 08:00:00
TXN001711,ACC_PAYROLL_7,ACC_EMP_7_26,3000.0,2026-02-21 09:00:00
TXN001712,ACC_PAYROLL_7,ACC_EMP_7_27,3000.0,2026-02-21 10:00:00
TXN001713,ACC_PAYROLL_7,ACC_EMP_7_28,3000.0,2026-02-21 11:00:00
TXN001714,ACC_PAYROLL_7,ACC_EMP_7_29,3000.0,2026-02-21 12:00:00
TXN001715,ACC_PAYROLL_7,ACC_EMP_7_30,3000.0,2026-02-21 13:00:00
TXN001716,ACC_PAYROLL_8,ACC_EMP_8_1,3000.0,2026-02-20 09:00:00
TXN001717,ACC_PAYROLL_8,ACC_EMP_8_2,3000.0,2026-02-20 10:00:00
TXN001718,ACC_PAYROLL_8,ACC_EMP_8_3,3000.0,2026-02-20 11:00:00
TXN001719,ACC_PAYROLL_8,ACC_EMP_8_4,3000.0,2026-02-20 12:00:00
TXN001720,ACC_PAYROLL_8,ACC_EMP_8_5,3000.0,2026-02-20 13:00:00
TXN001721,ACC_PAYROLL_8,ACC_EMP_8_6,3000.0,2026-02-20 14:00:00
TXN001722,ACC_PAYROLL_8,ACC_EMP_8_7,3000.0,2026-02-20 15:00:00
TXN001723,ACC_PAYROLL_8,ACC_EMP_8_8,3000.0,2026-02-20 16:00:00
TXN001724,ACC_PAYROLL_8,ACC_EMP_8_9,3000.0,2026-02-20 17:00:00
TXN001725,ACC_PAYROLL_8,ACC_EMP_8_10,3000.0,2026-02-20 18:00:00
TXN001726,ACC_PAYROLL_8,ACC_EMP_8_11,3000.0,2026-02-20 19:00:00
TXN001727,ACC_PAYROLL_8,ACC_EMP_8_12,3000.0,2026-02-20 20:00:00
TXN001728,ACC_PAYROLL_8,ACC_EMP_8_13,3000.0,2026-02-20 21:00:00
TXN001729,ACC_PAYROLL_8,ACC_EMP_8_14,3000.0,2026-02-20 22:00:00
TXN001730,ACC_PAYROLL_8,ACC_EMP_8_15,3000.0,2026-02-20 23:00:00
TXN001731,ACC_PAYROLL_8,ACC_EMP_8_16,3000.0,2026-02-21 00:00:00
TXN001732,ACC_PAYROLL_8,ACC_EMP_8_17,3000.0,2026-02-21 01:00:00
TXN001733,ACC_PAYROLL_8,ACC_EMP_8_18,3000.0,2026-02-21 02:00:00
TXN001734,ACC_PAYROLL_8,ACC_EMP_8_19,3000.0,2026-02-21 03:00:00
TXN001735,ACC_PAYROLL_8,ACC_EMP_8_20,3000.0,2026-02-21 04:00:00
TXN001736,ACC_PAYROLL_8,ACC_EMP_8_21,3000.0,2026-02-21 05:00:00
TXN001737,ACC_PAYROLL_8,ACC_EMP_8_22,3000.0,2026-02-21 06:00:00
TXN001738,ACC_PAYROLL_8,ACC_EMP_8_23,3000.0,2026-02-21 07:00:00
TXN001739,ACC_PAYROLL_8,ACC_EMP_8_24,3000.0,2026-02-21 08:00:00
TXN001740,ACC_PAYROLL_8,ACC_EMP_8_25,3000.0,2026-02-21 09:00:00
TXN001741,ACC_PAYROLL_8,ACC_EMP_8_26,3000.0,2026-02-21 10:00:00
TXN001742,ACC_PAYROLL_8,ACC_EMP_8_27,3000.0,2026-02-21 11:00:00
TXN001743,ACC_PAYROLL_8,ACC_EMP_8_28,3000.0,2026-02-21 12:00:00
TXN001744,ACC_PAYROLL_8,ACC_EMP_8_29,3000.0,2026-02-21 13:00:00
TXN001745,ACC_PAYROLL_8,ACC_EMP_8_30,3000.0,2026-02-21 14:00:00
TXN001746,ACC_PAYROLL_9,ACC_EMP_9_1,3000.0,2026-02-20 10:00:00
TXN001747,ACC_PAYROLL_9,ACC_EMP_9_2,3000.0,2026-02-20 11:00:00
TXN001748,ACC_PAYROLL_9,ACC_EMP_9_3,3000.0,2026-02-20 12:00:00
TXN001749,ACC_PAYROLL_9,ACC_EMP_9_4,3000.0,2026-02-20 13:00:00
TXN001750,ACC_PAYROLL_9,ACC_EMP_9_5,3000.0,2026-02-20 14:00:00
TXN001751,ACC_PAYROLL_9,ACC_EMP_9_6,3000.0,2026-02-20 15:00:00
TXN001752,ACC_PAYROLL_9,ACC_EMP_9_7,3000.0,2026-02-20 16:00:00
TXN001753,ACC_PAYROLL_9,ACC_EMP_9_8,3000.0,2026-02-20 17:00:00
TXN001754,ACC_PAYROLL_9,ACC_EMP_9_9,3000.0,2026-02-20 18:00:00
TXN001755,ACC_PAYROLL_9,ACC_EMP_9_10,3000.0,2026-02-20 19:00:00
TXN001756,ACC_PAYROLL_9,ACC_EMP_9_11,3000.0,2026-02-20 20:00:00
TXN001757,ACC_PAYROLL_9,ACC_EMP_9_12,3000.0,2026-02-20 21:00:00
TXN001758,ACC_PAYROLL_9,ACC_EMP_9_13,3000.0,2026-02-20 22:00:00
TXN001759,ACC_PAYROLL_9,ACC_EMP_9_14,3000.0,2026-02-20 23:00:00
TXN001760,ACC_PAYROLL_9,ACC_EMP_9_15,3000.0,2026-02-21 00:00:00
TXN001761,ACC_PAYROLL_9,ACC_EMP_9_16,3000.0,2026-02-21 01:00:00
TXN001762,ACC_PAYROLL_9,ACC_EMP_9_17,3000.0,2026-02-21 02:00:00
TXN001763,ACC_PAYROLL_9,ACC_EMP_9_18,3000.0,2026-02-21 03:00:00
TXN001764,ACC_PAYROLL_9,ACC_EMP_9_19,3000.0,2026-02-21 04:00:00
TXN001765,ACC_PAYROLL_9,ACC_EMP_9_20,3000.0,2026-02-21 05:00:00
TXN001766,ACC_PAYROLL_9,ACC_EMP_9_21,3000.0,2026-02-21 06:00:00
TXN001767,ACC_PAYROLL_9,ACC_EMP_9_22,3000.0,2026-02-21 07:00:00
TXN001768,ACC_PAYROLL_9,ACC_EMP_9_23,3000.0,2026-02-21 08:00:00
TXN001769,ACC_PAYROLL_9,ACC_EMP_9_24,3000.0,2026-02-21 09:00:00
TXN001770,ACC_PAYROLL_9,ACC_EMP_9_25,3000.0,2026-02-21 10:00:00
TXN001771,ACC_PAYROLL_9,ACC_EMP_9_26,3000.0,2026-02-21 11:00:00
TXN001772,ACC_PAYROLL_9,ACC_EMP_9_27,3000.0,2026-02-21 12:00:00
TXN001773,ACC_PAYROLL_9,ACC_EMP_9_28,3000.0,2026-02-21 13:00:00
TXN001774,ACC_PAYROLL_9,ACC_EMP_9_29,3000.0,2026-02-21 14:00:00
TXN001775,ACC_PAYROLL_9,ACC_EMP_9_30,3000.0,2026-02-21 15:00:00
TXN001776,ACC_PAYROLL_10,ACC_EMP_10_1,3000.0,2026-02-20 11:00:00
TXN001777,ACC_PAYROLL_10,ACC_EMP_10_2,3000.0,2026-02-20 12:00:00
TXN001778,ACC_PAYROLL_10,ACC_EMP_10_3,3000.0,2026-02-20 13:00:00
TXN001779,ACC_PAYROLL_10,ACC_EMP_10_4,3000.0,2026-02-20 14:00:00
TXN001780,ACC_PAYROLL_10,ACC_EMP_10_5,3000.0,2026-02-20 15:00:00
TXN001781,ACC_PAYROLL_10,ACC_EMP_10_6,3000.0,2026-02-20 16:00:00
TXN001782,ACC_PAYROLL_10,ACC_EMP_10_7,3000.0,2026-02-20 17:00:00
TXN001783,ACC_PAYROLL_10,ACC_EMP_10_8,3000.0,2026-02-20 18:00:00
TXN001784,ACC_PAYROLL_10,ACC_EMP_10_9,3000.0,2026-02-20 19:00:00
TXN001785,ACC_PAYROLL_10,ACC_EMP_10_10,3000.0,2026-02-20 20:00:00
TXN001786,ACC_PAYROLL_10,ACC_EMP_10_11,3000.0,2026-02-20 21:00:00
TXN001787,ACC_PAYROLL_10,ACC_EMP_10_12,3000.0,2026-02-20 22:00:00
TXN001788,ACC_PAYROLL_10,ACC_EMP_10_13,3000.0,2026-02-20 23:00:00
TXN001789,ACC_PAYROLL_10,ACC_EMP_10_14,3000.0,2026-02-21 00:00:00
TXN001790,ACC_PAYROLL_10,ACC_EMP_10_15,3000.0,2026-02-21 01:00:00
TXN001791,ACC_PAYROLL_10,ACC_EMP_10_16,3000.0,2026-02-21 02:00:00
TXN001792,ACC_PAYROLL_10,ACC_EMP_10_17,3000.0,2026-02-21 03:00:00
TXN001793,ACC_PAYROLL_10,ACC_EMP_10_18,3000.0,2026-02-21 04:00:00
TXN001794,ACC_PAYROLL_10,ACC_EMP_10_19,3000.0,2026-02-21 05:00:00
TXN001795,ACC_PAYROLL_10,ACC_EMP_10_20,3000.0,2026-02-21 06:00:00
TXN001796,ACC_PAYROLL_10,ACC_EMP_10_21,3000.0,2026-02-21 07:00:00
TXN001797,ACC_PAYROLL_10,ACC_EMP_10_22,3000.0,2026-02-21 08:00:00
TXN001798,ACC_PAYROLL_10,ACC_EMP_10_23,3000.0,2026-02-21 09:00:00
TXN001799,ACC_PAYROLL_10,ACC_EMP_10_24,3000.0,2026-02-21 10:00:00
TXN001800,ACC_PAYROLL_10,ACC_EMP_10_25,3000.0,2026-02-21 11:00:00
TXN001801,ACC_PAYROLL_10,ACC_EMP_10_26,3000.0,2026-02-21 12:00:00
TXN001802,ACC_PAYROLL_10,ACC_EMP_10_27,3000.0,2026-02-21 13:00:00
TXN001803,ACC_PAYROLL_10,ACC_EMP_10_28,3000.0,2026-02-21 14:00:00
TXN001804,ACC_PAYROLL_10,ACC_EMP_10_29,3000.0,2026-02-21 15:00:00
TXN001805,ACC_PAYROLL_10,ACC_EMP_10_30,3000.0,2026-02-21 16:00:00
TXN001806,ACC_NORMAL_480,ACC_NORMAL_232,2209.0,2026-05-08 00:00:00
TXN001807,ACC_NORMAL_583,ACC_NORMAL_64,8051.0,2026-03-20 03:00:00
TXN001808,ACC_NORMAL_866,ACC_NORMAL_645,8292.0,2026-07-22 03:00:00
TXN001809,ACC_NORMAL_797,ACC_NORMAL_329,8220.0,2026-03-18 03:00:00
TXN001810,ACC_NORMAL_951,ACC_NORMAL_215,3478.0,2026-03-22 17:00:00
TXN001811,ACC_NORMAL_974,ACC_NORMAL_469,285.0,2026-06-25 18:00:00
TXN001812,ACC_NORMAL_27,ACC_NORMAL_704,5188.0,2026-04-16 07:00:00
TXN001813,ACC_NORMAL_272,ACC_NORMAL_971,8729.0,2026-07-14 14:00:00
TXN001814,ACC_NORMAL_10,ACC_NORMAL_868,3162.0,2026-07-18 17:00:00
TXN001815,ACC_NORMAL_863,ACC_NORMAL_513,3941.0,2026-03-24 11:00:00
TXN001816,ACC_NORMAL_265,ACC_NORMAL_586,2244.0,2026-04-12 05:00:00
TXN001817,ACC_NORMAL_942,ACC_NORMAL_177,2889.0,2026-07-25 02:00:00
TXN001818,ACC_NORMAL_162,ACC_NORMAL_605,5301.0,2026-07-26 03:00:00
TXN001819,ACC_NORMAL_248,ACC_NORMAL_211,4501.0,2026-04-19 20:00:00
TXN001820,ACC_NORMAL_77,ACC_NORMAL_49,4389.0,2026-06-06 07:00:00
TXN001821,ACC_NORMAL_69,ACC_NORMAL_492,4126.0,2026-04-16 23:00:00
TXN001822,ACC_NORMAL_92,ACC_NORMAL_897,6465.0,2026-03-20 15:00:00
TXN001823,ACC_NORMAL_733,ACC_NORMAL_937,1950.0,2026-05-12 10:00:00
TXN001824,ACC_NORMAL_4,ACC_NORMAL_624,2603.0,2026-05-29 18:00:00
TXN001825,ACC_NORMAL_955,ACC_NORMAL_39,490.0,2026-06-02 13:00:00
TXN001826,ACC_NORMAL_831,ACC_NORMAL_46,7304.0,2026-05-07 12:00:00
TXN001827,ACC_NORMAL_263,ACC_NORMAL_286,4271.0,2026-03-26 01:00:00
TXN001828,ACC_NORMAL_585,ACC_NORMAL_205,9142.0,2026-07-19 22:00:00
TXN001829,ACC_NORMAL_328,ACC_NORMAL_724,7623.0,2026-05-28 07:00:00
TXN001830,ACC_NORMAL_614,ACC_NORMAL_862,9739.0,2026-07-14 14:00:00
TXN001831,ACC_NORMAL_638,ACC_NORMAL_938,675.0,2026-04-09 19:00:00
TXN001832,ACC_NORMAL_300,ACC_NORMAL_341,9043.0,2026-06-30 06:00:00
TXN001833,ACC_NORMAL_805,ACC_NORMAL_697,2513.0,2026-04-20 17:00:00
TXN001834,ACC_NORMAL_951,ACC_NORMAL_74,8193.0,2026-03-18 12:00:00
TXN001835,ACC_NORMAL_121,ACC_NORMAL_455,8633.0,2026-03-20 01:00:00
TXN001836,ACC_NORMAL_814,ACC_NORMAL_638,4242.0,2026-07-03 21:00:00
TXN001837,ACC_NORMAL_715,ACC_NORMAL_488,5951.0,2026-04-20 12:00:00
TXN001838,ACC_NORMAL_409,ACC_NORMAL_389,2719.0,2026-07-28 04:00:00
TXN001839,ACC_NORMAL_374,ACC_NORMAL_636,3737.0,2026-06-19 23:00:00
TXN001840,ACC_NORMAL_884,ACC_NORMAL_240,1562.0,2026-05-08 14:00:00
TXN001841,ACC_NORMAL_247,ACC_NORMAL_653,8564.0,2026-07-21 06:00:00
TXN001842,ACC_NORMAL_653,ACC_NORMAL_49,3943.0,2026-03-25 18:00:00
TXN001843,ACC_NORMAL_441,ACC_NORMAL_465,9356.0,2026-06-21 23:00:00
TXN001844,ACC_NORMAL_937,ACC_NORMAL_453,5984.0,2026-05-21 00:00:00
TXN001845,ACC_NORMAL_508,ACC_NORMAL_249,3226.0,2026-04-29 02:00:00
TXN001846,ACC_NORMAL_532,ACC_NORMAL_522,2262.0,2026-04-24 00:00:00
TXN001847,ACC_NORMAL_808,ACC_NORMAL_678,1280.0,2026-06-08 03:00:00
TXN001848,ACC_NORMAL_361,ACC_NORMAL_356,4790.0,2026-03-26 04:00:00
TXN001849,ACC_NORMAL_106,ACC_NORMAL_311,4579.0,2026-03-23 10:00:00
TXN001850,ACC_NORMAL_476,ACC_NORMAL_947,4225.0,2026-05-17 03:00:00
TXN001851,ACC_NORMAL_963,ACC_NORMAL_278,4319.0,2026-07-23 10:00:00
TXN001852,ACC_NORMAL_632,ACC_NORMAL_832,2733.0,2026-04-01 05:00:00
TXN001853,ACC_NORMAL_294,ACC_NORMAL_150,7179.0,2026-04-10 17:00:00
TXN001854,ACC_NORMAL_424,ACC_NORMAL_99,2851.0,2026-06-25 20:00:00
TXN001855,ACC_NORMAL_126,ACC_NORMAL_441,5166.0,2026-04-19 01:00:00
TXN001856,ACC_NORMAL_343,ACC_NORMAL_872,8491.0,2026-04-23 10:00:00
TXN001857,ACC_NORMAL_943,ACC_NORMAL_618,8085.0,2026-07-15 05:00:00
TXN001858,ACC_NORMAL_294,ACC_NORMAL_394,8608.0,2026-05-19 14:00:00
TXN001859,ACC_NORMAL_526,ACC_NORMAL_480,8933.0,2026-03-07 00:00:00
TXN001860,ACC_NORMAL_986,ACC_NORMAL_838,5610.0,2026-07-13 22:00:00
TXN001861,ACC_NORMAL_702,ACC_NORMAL_129,7958.0,2026-03-04 13:00:00
TXN001862,ACC_NORMAL_9,ACC_NORMAL_468,9948.0,2026-07-13 17:00:00
TXN001863,ACC_NORMAL_921,ACC_NORMAL_355,9540.0,2026-04-28 07:00:00
TXN001864,ACC_NORMAL_240,ACC_NORMAL_675,8757.0,2026-04-03 09:00:00
TXN001865,ACC_NORMAL_150,ACC_NORMAL_697,3587.0,2026-03-28 15:00:00
TXN001866,ACC_NORMAL_87,ACC_NORMAL_912,800.0,2026-07-07 23:00:00
TXN001867,ACC_NORMAL_81,ACC_NORMAL_296,5252.0,2026-04-06 12:00:00
TXN001868,ACC_NORMAL_68,ACC_NORMAL_336,4995.0,2026-04-26 01:00:00
TXN001869,ACC_NORMAL_247,ACC_NORMAL_733,7214.0,2026-06-09 21:00:00
TXN001870,ACC_NORMAL_689,ACC_NORMAL_115,5473.0,2026-03-15 13:00:00
TXN001871,ACC_NORMAL_633,ACC_NORMAL_600,1923.0,2026-06-16 10:00:00
TXN001872,ACC_NORMAL_992,ACC_NORMAL_738,755.0,2026-04-26 16:00:00
TXN001873,ACC_NORMAL_284,ACC_NORMAL_726,2544.0,2026-05-03 14:00:00
TXN001874,ACC_NORMAL_688,ACC_NORMAL_921,9450.0,2026-07-07 14:00:00
TXN001875,ACC_NORMAL_642,ACC_NORMAL_115,2994.0,2026-04-07 21:00:00
TXN001876,ACC_NORMAL_123,ACC_NORMAL_492,1433.0,2026-05-04 07:00:00
TXN001877,ACC_NORMAL_567,ACC_NORMAL_225,5343.0,2026-04-14 23:00:00
TXN001878,ACC_NORMAL_17,ACC_NORMAL_40,2407.0,2026-06-09 15:00:00
TXN001879,ACC_NORMAL_467,ACC_NORMAL_757,6274.0,2026-05-13 04:00:00
TXN001880,ACC_NORMAL_791,ACC_NORMAL_199,9998.0,2026-04-18 19:00:00
TXN001881,ACC_NORMAL_365,ACC_NORMAL_819,8727.0,2026-06-19 06:00:00
TXN001882,ACC_NORMAL_799,ACC_NORMAL_319,9139.0,2026-03-21 05:00:00
TXN001883,ACC_NORMAL_188,ACC_NORMAL_838,7905.0,2026-05-23 15:00:00
TXN001884,ACC_NORMAL_221,ACC_NORMAL_193,6635.0,2026-05-21 23:00:00
TXN001885,ACC_NORMAL_873,ACC_NORMAL_194,8599.0,2026-07-17 02:00:00
TXN001886,ACC_NORMAL_785,ACC_NORMAL_92,582.0,2026-06-16 22:00:00
TXN001887,ACC_NORMAL_649,ACC_NORMAL_509,8647.0,2026-05-23 14:00:00
TXN001888,ACC_NORMAL_784,ACC_NORMAL_835,7382.0,2026-04-07 20:00:00
TXN001889,ACC_NORMAL_328,ACC_NORMAL_432,6639.0,2026-03-05 04:00:00
TXN001890,ACC_NORMAL_902,ACC_NORMAL_452,8165.0,2026-05-03 04:00:00
TXN001891,ACC_NORMAL_639,ACC_NORMAL_697,8041.0,2026-07-16 12:00:00
TXN001892,ACC_NORMAL_162,ACC_NORMAL_240,6622.0,2026-04-13 13:00:00
TXN001893,ACC_NORMAL_730,ACC_NORMAL_773,7262.0,2026-06-16 04:00:00
TXN001894,ACC_NORMAL_542,ACC_NORMAL_256,2024.0,2026-04-21 05:00:00
TXN001895,ACC_NORMAL_167,ACC_NORMAL_751,3790.0,2026-03-26 05:00:00
TXN001896,ACC_NORMAL_598,ACC_NORMAL_13,3502.0,2026-07-16 19:00:00
TXN001897,ACC_NORMAL_246,ACC_NORMAL_258,2352.0,2026-07-14 01:00:00
TXN001898,ACC_NORMAL_161,ACC_NORMAL_330,282.0,2026-06-20 18:00:00
TXN001899,ACC_NORMAL_337,ACC_NORMAL_78,7862.0,2026-07-17 18:00:00
TXN001900,ACC_NORMAL_32,ACC_NORMAL_247,4378.0,2026-05-28 18:00:00
TXN001901,ACC_NORMAL_253,ACC_NORMAL_228,5962.0,2026-03-12 02:00:00
TXN001902,ACC_NORMAL_721,ACC_NORMAL_263,8371.0,2026-05-18 21:00:00
TXN001903,ACC_NORMAL_467,ACC_NORMAL_388,406.0,2026-03-09 14:00:00
TXN001904,ACC_NORMAL_679,ACC_NORMAL_292,2580.0,2026-04-26 19:00:00
TXN001905,ACC_NORMAL_282,ACC_NORMAL_601,8021.0,2026-04-11 11:00:00
TXN001906,ACC_NORMAL_722,ACC_NORMAL_561,3920.0,2026-07-22 10:00:00
TXN001907,ACC_NORMAL_523,ACC_NORMAL_346,6650.0,2026-06-09 06:00:00
TXN001908,ACC_NORMAL_41,ACC_NORMAL_890,9244.0,2026-05-26 07:00:00
TXN001909,ACC_NORMAL_108,ACC_NORMAL_453,5931.0,2026-05-10 13:00:00
TXN001910,ACC_NORMAL_279,ACC_NORMAL_188,5841.0,2026-03-18 04:00:00
TXN001911,ACC_NORMAL_349,ACC_NORMAL_570,4225.0,2026-07-24 22:00:00
TXN001912,ACC_NORMAL_487,ACC_NORMAL_768,8372.0,2026-03-15 09:00:00
TXN001913,ACC_NORMAL_679,ACC_NORMAL_172,735.0,2026-05-04 21:00:00
TXN001914,ACC_NORMAL_645,ACC_NORMAL_617,3979.0,2026-05-12 01:00:00
TXN001915,ACC_NORMAL_144,ACC_NORMAL_130,2811.0,2026-07-19 17:00:00
TXN001916,ACC_NORMAL_782,ACC_NORMAL_684,9737.0,2026-05-24 13:00:00
TXN001917,ACC_NORMAL_958,ACC_NORMAL_378,2655.0,2026-03-18 02:00:00
TXN001918,ACC_NORMAL_926,ACC_NORMAL_524,8357.0,2026-03-07 07:00:00
TXN001919,ACC_NORMAL_821,ACC_NORMAL_765,1058.0,2026-03-13 18:00:00
TXN001920,ACC_NORMAL_389,ACC_NORMAL_401,7092.0,2026-07-24 08:00:00
TXN001921,ACC_NORMAL_865,ACC_NORMAL_340,8760.0,2026-04-07 08:00:00
TXN001922,ACC_NORMAL_826,ACC_NORMAL_644,679.0,2026-05-02 21:00:00
TXN001923,ACC_NORMAL_202,ACC_NORMAL_189,9522.0,2026-04-09 03:00:00
TXN001924,ACC_NORMAL_985,ACC_NORMAL_986,7309.0,2026-03-30 09:00:00
TXN001925,ACC_NORMAL_266,ACC_NORMAL_962,2740.0,2026-06-08 18:00:00
TXN001926,ACC_NORMAL_952,ACC_NORMAL_221,8515.0,2026-06-08 23:00:00
TXN001927,ACC_NORMAL_161,ACC_NORMAL_36,2835.0,2026-05-08 08:00:00
TXN001928,ACC_NORMAL_972,ACC_NORMAL_457,4196.0,2026-07-02 13:00:00
TXN001929,ACC_NORMAL_932,ACC_NORMAL_377,2441.0,2026-04-24 16:00:00
TXN001930,ACC_NORMAL_204,ACC_NORMAL_101,7214.0,2026-07-01 17:00:00
TXN001931,ACC_NORMAL_142,ACC_NORMAL_43,3512.0,2026-05-26 04:00:00
TXN001932,ACC_NORMAL_208,ACC_NORMAL_119,542.0,2026-04-10 19:00:00
TXN001933,ACC_NORMAL_638,ACC_NORMAL_101,2889.0,2026-07-10 08:00:00
TXN001934,ACC_NORMAL_33,ACC_NORMAL_454,807.0,2026-03-11 06:00:00
TXN001935,ACC_NORMAL_451,ACC_NORMAL_988,9985.0,2026-03-15 19:00:00
TXN001936,ACC_NORMAL_178,ACC_NORMAL_696,1734.0,2026-03-27 02:00:00
TXN001937,ACC_NORMAL_818,ACC_NORMAL_969,664.0,2026-05-18 15:00:00
TXN001938,ACC_NORMAL_688,ACC_NORMAL_393,4411.0,2026-04-24 18:00:00
TXN001939,ACC_NORMAL_281,ACC_NORMAL_842,890.0,2026-05-24 19:00:00
TXN001940,ACC_NORMAL_245,ACC_NORMAL_436,3421.0,2026-05-12 02:00:00
TXN001941,ACC_NORMAL_613,ACC_NORMAL_472,718.0,2026-06-16 00:00:00
TXN001942,ACC_NORMAL_322,ACC_NORMAL_966,9910.0,2026-06-25 11:00:00
TXN001943,ACC_NORMAL_813,ACC_NORMAL_420,454.0,2026-03-19 04:00:00
TXN001944,ACC_NORMAL_417,ACC_NORMAL_763,6346.0,2026-07-23 11:00:00
TXN001945,ACC_NORMAL_751,ACC_NORMAL_839,6902.0,2026-04-04 08:00:00
TXN001946,ACC_NORMAL_777,ACC_NORMAL_595,9568.0,2026-05-08 08:00:00
TXN001947,ACC_NORMAL_483,ACC_NORMAL_181,3112.0,2026-07-13 04:00:00
TXN001948,ACC_NORMAL_598,ACC_NORMAL_390,3469.0,2026-05-26 00:00:00
TXN001949,ACC_NORMAL_874,ACC_NORMAL_285,9777.0,2026-05-02 23:00:00
TXN001950,ACC_NORMAL_873,ACC_NORMAL_785,5764.0,2026-06-06 12:00:00
TXN001951,ACC_NORMAL_343,ACC_NORMAL_64,5982.0,2026-07-25 04:00:00
TXN001952,ACC_NORMAL_880,ACC_NORMAL_392,184.0,2026-03-09 13:00:00
TXN001953,ACC_NORMAL_654,ACC_NORMAL_627,5317.0,2026-03-28 17:00:00
TXN001954,ACC_NORMAL_156,ACC_NORMAL_356,1572.0,2026-07-03 17:00:00
TXN001955,ACC_NORMAL_807,ACC_NORMAL_817,5254.0,2026-03-10 03:00:00
TXN001956,ACC_NORMAL_162,ACC_NORMAL_703,4038.0,2026-03-08 11:00:00
TXN001957,ACC_NORMAL_895,ACC_NORMAL_630,9516.0,2026-05-22 16:00:00
TXN001958,ACC_NORMAL_79,ACC_NORMAL_352,2067.0,2026-06-09 08:00:00
TXN001959,ACC_NORMAL_89,ACC_NORMAL_157,8417.0,2026-05-07 14:00:00
TXN001960,ACC_NORMAL_930,ACC_NORMAL_74,8685.0,2026-06-15 00:00:00
TXN001961,ACC_NORMAL_678,ACC_NORMAL_79,3411.0,2026-04-12 14:00:00
TXN001962,ACC_NORMAL_490,ACC_NORMAL_104,7346.0,2026-03-07 06:00:00
TXN001963,ACC_NORMAL_393,ACC_NORMAL_30,3734.0,2026-07-20 21:00:00
TXN001964,ACC_NORMAL_456,ACC_NORMAL_851,1059.0,2026-04-01 14:00:00
TXN001965,ACC_NORMAL_467,ACC_NORMAL_825,219.0,2026-04-17 02:00:00
TXN001966,ACC_NORMAL_456,ACC_NORMAL_706,2838.0,2026-07-18 16:00:00
TXN001967,ACC_NORMAL_835,ACC_NORMAL_343,5157.0,2026-05-25 15:00:00
TXN001968,ACC_NORMAL_819,ACC_NORMAL_716,3587.0,2026-06-16 11:00:00
TXN001969,ACC_NORMAL_611,ACC_NORMAL_679,8766.0,2026-05-09 01:00:00
TXN001970,ACC_NORMAL_890,ACC_NORMAL_587,3633.0,2026-07-24 19:00:00
TXN001971,ACC_NORMAL_307,ACC_NORMAL_541,2067.0,2026-07-27 11:00:00
TXN001972,ACC_NORMAL_758,ACC_NORMAL_585,129.0,2026-06-08 19:00:00
TXN001973,ACC_NORMAL_380,ACC_NORMAL_12,8670.0,2026-07-24 17:00:00
TXN001974,ACC_NORMAL_947,ACC_NORMAL_903,7495.0,2026-05-29 12:00:00
TXN001975,ACC_NORMAL_177,ACC_NORMAL_896,9138.0,2026-04-23 05:00:00
TXN001976,ACC_NORMAL_264,ACC_NORMAL_860,668.0,2026-03-15 05:00:00
TXN001977,ACC_NORMAL_896,ACC_NORMAL_186,1016.0,2026-07-20 14:00:00
TXN001978,ACC_NORMAL_177,ACC_NORMAL_454,1633.0,2026-07-21 18:00:00
TXN001979,ACC_NORMAL_707,ACC_NORMAL_773,9824.0,2026-04-17 05:00:00
TXN001980,ACC_NORMAL_479,ACC_NORMAL_293,6791.0,2026-06-07 04:00:00
TXN001981,ACC_NORMAL_576,ACC_NORMAL_526,2255.0,2026-03-20 07:00:00
TXN001982,ACC_NORMAL_409,ACC_NORMAL_53,5903.0,2026-04-02 11:00:00
TXN001983,ACC_NORMAL_282,ACC_NORMAL_70,945.0,2026-04-13 21:00:00
TXN001984,ACC_NORMAL_541,ACC_NORMAL_963,2174.0,2026-04-08 05:00:00
TXN001985,ACC_NORMAL_915,ACC_NORMAL_856,2106.0,2026-03-19 11:00:00
TXN001986,ACC_NORMAL_89,ACC_NORMAL_931,1206.0,2026-04-21 01:00:00
TXN001987,ACC_NORMAL_461,ACC_NORMAL_304,9217.0,2026-06-26 23:00:00
TXN001988,ACC_NORMAL_845,ACC_NORMAL_745,268.0,2026-03-15 23:00:00
TXN001989,ACC_NORMAL_790,ACC_NORMAL_835,2798.0,2026-07-06 07:00:00
TXN001990,ACC_NORMAL_129,ACC_NORMAL_98,9890.0,2026-07-13 05:00:00
TXN001991,ACC_NORMAL_11,ACC_NORMAL_920,6220.0,2026-06-29 06:00:00
TXN001992,ACC_NORMAL_97,ACC_NORMAL_423,5355.0,2026-07-24 03:00:00
TXN001993,ACC_NORMAL_86,ACC_NORMAL_401,5243.0,2026-03-10 17:00:00
TXN001994,ACC_NORMAL_508,ACC_NORMAL_678,9257.0,2026-04-21 18:00:00
TXN001995,ACC_NORMAL_997,ACC_NORMAL_738,2896.0,2026-06-10 00:00:00
TXN001996,ACC_NORMAL_831,ACC_NORMAL_850,9619.0,2026-06-27 01:00:00
TXN001997,ACC_NORMAL_810,ACC_NORMAL_717,7915.0,2026-06-08 18:00:00
TXN001998,ACC_NORMAL_228,ACC_NORMAL_605,125.0,2026-05-20 05:00:00
TXN001999,ACC_NORMAL_387,ACC_NORMAL_381,1387.0,2026-06-23 16:00:00
TXN002000,ACC_NORMAL_200,ACC_NORMAL_361,577.0,2026-04-26 20:00:00
TXN002001,ACC_NORMAL_438,ACC_NORMAL_174,231.0,2026-07-21 09:00:00
TXN002002,ACC_NORMAL_144,ACC_NORMAL_649,2881.0,2026-03-07 03:00:00
TXN002003,ACC_NORMAL_143,ACC_NORMAL_91,2700.0,2026-03-12 21:00:00
TXN002004,ACC_NORMAL_500,ACC_NORMAL_807,4395.0,2026-07-19 15:00:00
TXN002005,ACC_NORMAL_237,ACC_NORMAL_314,4098.0,2026-05-07 20:00:00
TXN002006,ACC_NORMAL_584,ACC_NORMAL_212,9298.0,2026-05-04 18:00:00
TXN002007,ACC_NORMAL_43,ACC_NORMAL_126,6471.0,2026-04-16 04:00:00
TXN002008,ACC_NORMAL_447,ACC_NORMAL_723,2635.0,2026-04-18 03:00:00
TXN002009,ACC_NORMAL_308,ACC_NORMAL_501,3266.0,2026-03-22 17:00:00
TXN002010,ACC_NORMAL_244,ACC_NORMAL_434,2115.0,2026-03-25 18:00:00
TXN002011,ACC_NORMAL_610,ACC_NORMAL_962,263.0,2026-05-30 03:00:00
TXN002012,ACC_NORMAL_838,ACC_NORMAL_571,1007.0,2026-03-21 01:00:00
TXN002013,ACC_NORMAL_607,ACC_NORMAL_853,5797.0,2026-05-14 18:00:00
TXN002014,ACC_NORMAL_343,ACC_NORMAL_32,568.0,2026-05-28 04:00:00
TXN002015,ACC_NORMAL_308,ACC_NORMAL_189,9775.0,2026-05-08 00:00:00
TXN002016,ACC_NORMAL_192,ACC_NORMAL_986,2887.0,2026-05-19 08:00:00
TXN002017,ACC_NORMAL_969,ACC_NORMAL_742,4729.0,2026-05-11 16:00:00
TXN002018,ACC_NORMAL_909,ACC_NORMAL_286,5272.0,2026-04-10 17:00:00
TXN002019,ACC_NORMAL_260,ACC_NORMAL_896,4228.0,2026-06-01 06:00:00
TXN002020,ACC_NORMAL_504,ACC_NORMAL_633,2477.0,2026-07-11 06:00:00
TXN002021,ACC_NORMAL_187,ACC_NORMAL_713,8399.0,2026-03-15 17:00:00
TXN002022,ACC_NORMAL_28,ACC_NORMAL_269,8593.0,2026-03-07 23:00:00
TXN002023,ACC_NORMAL_825,ACC_NORMAL_302,9975.0,2026-07-09 20:00:00
TXN002024,ACC_NORMAL_121,ACC_NORMAL_360,2712.0,2026-07-05 09:00:00
TXN002025,ACC_NORMAL_3,ACC_NORMAL_746,3549.0,2026-06-23 05:00:00
TXN002026,ACC_NORMAL_958,ACC_NORMAL_884,461.0,2026-07-04 11:00:00
TXN002027,ACC_NORMAL_388,ACC_NORMAL_243,630.0,2026-07-10 14:00:00
TXN002028,ACC_NORMAL_999,ACC_NORMAL_154,6285.0,2026-06-13 18:00:00
TXN002029,ACC_NORMAL_333,ACC_NORMAL_742,4497.0,2026-06-29 05:00:00
TXN002030,ACC_NORMAL_168,ACC_NORMAL_90,4778.0,2026-06-26 17:00:00
TXN002031,ACC_NORMAL_853,ACC_NORMAL_716,431.0,2026-07-26 12:00:00
TXN002032,ACC_NORMAL_778,ACC_NORMAL_683,9330.0,2026-04-05 03:00:00
TXN002033,ACC_NORMAL_202,ACC_NORMAL_423,1743.0,2026-04-17 03:00:00
TXN002034,ACC_NORMAL_147,ACC_NORMAL_274,7715.0,2026-04-16 01:00:00
TXN002035,ACC_NORMAL_274,ACC_NORMAL_874,6656.0,2026-06-23 09:00:00
TXN002036,ACC_NORMAL_774,ACC_NORMAL_339,2512.0,2026-05-06 06:00:00
TXN002037,ACC_NORMAL_338,ACC_NORMAL_887,3566.0,2026-06-12 04:00:00
TXN002038,ACC_NORMAL_69,ACC_NORMAL_669,3484.0,2026-03-05 18:00:00
TXN002039,ACC_NORMAL_892,ACC_NORMAL_239,1990.0,2026-07-05 03:00:00
TXN002040,ACC_NORMAL_454,ACC_NORMAL_562,9443.0,2026-05-08 00:00:00
TXN002041,ACC_NORMAL_777,ACC_NORMAL_82,1526.0,2026-06-17 11:00:00
TXN002042,ACC_NORMAL_819,ACC_NORMAL_895,9369.0,2026-05-23 17:00:00
TXN002043,ACC_NORMAL_808,ACC_NORMAL_235,1022.0,2026-03-19 23:00:00
TXN002044,ACC_NORMAL_263,ACC_NORMAL_521,7662.0,2026-05-15 23:00:00
TXN002045,ACC_NORMAL_281,ACC_NORMAL_714,7010.0,2026-03-14 11:00:00
TXN002046,ACC_NORMAL_770,ACC_NORMAL_239,9289.0,2026-03-27 19:00:00
TXN002047,ACC_NORMAL_764,ACC_NORMAL_978,4355.0,2026-06-01 21:00:00
TXN002048,ACC_NORMAL_152,ACC_NORMAL_215,6938.0,2026-05-16 07:00:00
TXN002049,ACC_NORMAL_92,ACC_NORMAL_709,5700.0,2026-05-20 15:00:00
TXN002050,ACC_NORMAL_18,ACC_NORMAL_258,8852.0,2026-05-04 14:00:00
TXN002051,ACC_NORMAL_166,ACC_NORMAL_560,9817.0,2026-04-09 21:00:00
TXN002052,ACC_NORMAL_490,ACC_NORMAL_108,6161.0,2026-07-27 19:00:00
TXN002053,ACC_NORMAL_213,ACC_NORMAL_680,6004.0,2026-05-20 15:00:00
TXN002054,ACC_NORMAL_696,ACC_NORMAL_516,1191.0,2026-07-10 16:00:00
TXN002055,ACC_NORMAL_523,ACC_NORMAL_396,1659.0,2026-05-24 09:00:00
TXN002056,ACC_NORMAL_732,ACC_NORMAL_275,9174.0,2026-03-10 23:00:00
TXN002057,ACC_NORMAL_683,ACC_NORMAL_203,581.0,2026-07-11 05:00:00
TXN002058,ACC_NORMAL_210,ACC_NORMAL_468,1999.0,2026-07-13 10:00:00
TXN002059,ACC_NORMAL_535,ACC_NORMAL_494,7374.0,2026-04-08 12:00:00
TXN002060,ACC_NORMAL_254,ACC_NORMAL_542,4282.0,2026-06-20 17:00:00
TXN002061,ACC_NORMAL_606,ACC_NORMAL_185,1136.0,2026-05-24 13:00:00
TXN002062,ACC_NORMAL_459,ACC_NORMAL_416,2181.0,2026-03-31 04:00:00
TXN002063,ACC_NORMAL_549,ACC_NORMAL_773,202.0,2026-06-05 12:00:00
TXN002064,ACC_NORMAL_945,ACC_NORMAL_368,2770.0,2026-06-15 17:00:00
TXN002065,ACC_NORMAL_139,ACC_NORMAL_638,5077.0,2026-04-15 17:00:00
TXN002066,ACC_NORMAL_641,ACC_NORMAL_869,9814.0,2026-04-09 04:00:00
TXN002067,ACC_NORMAL_159,ACC_NORMAL_400,5020.0,2026-04-27 03:00:00
TXN002068,ACC_NORMAL_418,ACC_NORMAL_285,5832.0,2026-04-23 20:00:00
TXN002069,ACC_NORMAL_488,ACC_NORMAL_128,5306.0,2026-06-04 23:00:00
TXN002070,ACC_NORMAL_739,ACC_NORMAL_100,5812.0,2026-07-16 09:00:00
TXN002071,ACC_NORMAL_184,ACC_NORMAL_549,882.0,2026-06-25 00:00:00
TXN002072,ACC_NORMAL_760,ACC_NORMAL_5,3022.0,2026-04-04 12:00:00
TXN002073,ACC_NORMAL_356,ACC_NORMAL_318,2994.0,2026-04-06 12:00:00
TXN002074,ACC_NORMAL_119,ACC_NORMAL_84,3281.0,2026-05-18 03:00:00
TXN002075,ACC_NORMAL_9,ACC_NORMAL_525,215.0,2026-04-05 13:00:00
TXN002076,ACC_NORMAL_128,ACC_NORMAL_593,4133.0,2026-06-10 18:00:00
TXN002077,ACC_NORMAL_917,ACC_NORMAL_721,4706.0,2026-05-23 23:00:00
TXN002078,ACC_NORMAL_508,ACC_NORMAL_573,9321.0,2026-03-12 14:00:00
TXN002079,ACC_NORMAL_61,ACC_NORMAL_838,7001.0,2026-06-13 16:00:00
TXN002080,ACC_NORMAL_777,ACC_NORMAL_393,5001.0,2026-06-05 08:00:00
TXN002081,ACC_NORMAL_528,ACC_NORMAL_135,5028.0,2026-07-15 20:00:00
TXN002082,ACC_NORMAL_623,ACC_NORMAL_363,5177.0,2026-04-23 04:00:00
TXN002083,ACC_NORMAL_11,ACC_NORMAL_234,5942.0,2026-07-19 08:00:00
TXN002084,ACC_NORMAL_105,ACC_NORMAL_331,5132.0,2026-05-03 09:00:00
TXN002085,ACC_NORMAL_796,ACC_NORMAL_779,7157.0,2026-06-22 10:00:00
TXN002086,ACC_NORMAL_493,ACC_NORMAL_199,5864.0,2026-04-02 16:00:00
TXN002087,ACC_NORMAL_949,ACC_NORMAL_105,5187.0,2026-07-12 17:00:00
TXN002088,ACC_NORMAL_261,ACC_NORMAL_311,4785.0,2026-06-18 02:00:00
TXN002089,ACC_NORMAL_187,ACC_NORMAL_981,3348.0,2026-05-03 19:00:00
TXN002090,ACC_NORMAL_777,ACC_NORMAL_218,697.0,2026-06-17 05:00:00
TXN002091,ACC_NORMAL_697,ACC_NORMAL_588,5751.0,2026-04-25 20:00:00
TXN002092,ACC_NORMAL_910,ACC_NORMAL_822,3305.0,2026-05-03 23:00:00
TXN002093,ACC_NORMAL_189,ACC_NORMAL_413,2977.0,2026-06-11 00:00:00
TXN002094,ACC_NORMAL_270,ACC_NORMAL_582,1906.0,2026-03-21 03:00:00
TXN002095,ACC_NORMAL_274,ACC_NORMAL_904,4910.0,2026-06-26 06:00:00
TXN002096,ACC_NORMAL_508,ACC_NORMAL_82,9087.0,2026-04-06 07:00:00
TXN002097,ACC_NORMAL_204,ACC_NORMAL_415,9391.0,2026-07-12 21:00:00
TXN002098,ACC_NORMAL_542,ACC_NORMAL_667,9399.0,2026-05-16 21:00:00
TXN002099,ACC_NORMAL_960,ACC_NORMAL_225,7807.0,2026-04-03 01:00:00
TXN002100,ACC_NORMAL_797,ACC_NORMAL_832,4770.0,2026-07-15 23:00:00
TXN002101,ACC_NORMAL_225,ACC_NORMAL_481,5678.0,2026-05-27 22:00:00
TXN002102,ACC_NORMAL_382,ACC_NORMAL_658,935.0,2026-05-15 07:00:00
TXN002103,ACC_NORMAL_852,ACC_NORMAL_17,5861.0,2026-05-03 00:00:00
TXN002104,ACC_NORMAL_433,ACC_NORMAL_920,7937.0,2026-04-06 19:00:00
TXN002105,ACC_NORMAL_272,ACC_NORMAL_569,8871.0,2026-03-11 19:00:00
TXN002106,ACC_NORMAL_283,ACC_NORMAL_343,4189.0,2026-06-04 17:00:00
TXN002107,ACC_NORMAL_542,ACC_NORMAL_594,8143.0,2026-05-09 16:00:00
TXN002108,ACC_NORMAL_43,ACC_NORMAL_881,9513.0,2026-06-27 04:00:00
TXN002109,ACC_NORMAL_92,ACC_NORMAL_855,4683.0,2026-04-17 22:00:00
TXN002110,ACC_NORMAL_975,ACC_NORMAL_796,992.0,2026-06-08 07:00:00
TXN002111,ACC_NORMAL_619,ACC_NORMAL_23,5011.0,2026-07-02 17:00:00
TXN002112,ACC_NORMAL_287,ACC_NORMAL_54,5973.0,2026-04-17 07:00:00
TXN002113,ACC_NORMAL_678,ACC_NORMAL_976,3461.0,2026-04-10 18:00:00
TXN002114,ACC_NORMAL_450,ACC_NORMAL_880,4089.0,2026-07-01 15:00:00
TXN002115,ACC_NORMAL_995,ACC_NORMAL_173,8504.0,2026-06-21 06:00:00
TXN002116,ACC_NORMAL_299,ACC_NORMAL_251,2332.0,2026-03-09 00:00:00
TXN002117,ACC_NORMAL_778,ACC_NORMAL_924,5906.0,2026-04-28 15:00:00
TXN002118,ACC_NORMAL_661,ACC_NORMAL_53,6074.0,2026-04-20 21:00:00
TXN002119,ACC_NORMAL_563,ACC_NORMAL_736,3138.0,2026-03-28 07:00:00
TXN002120,ACC_NORMAL_124,ACC_NORMAL_788,6151.0,2026-03-07 22:00:00
TXN002121,ACC_NORMAL_118,ACC_NORMAL_373,3929.0,2026-05-29 03:00:00
TXN002122,ACC_NORMAL_976,ACC_NORMAL_217,2308.0,2026-04-23 05:00:00
TXN002123,ACC_NORMAL_489,ACC_NORMAL_327,7826.0,2026-06-20 19:00:00
TXN002124,ACC_NORMAL_580,ACC_NORMAL_303,1028.0,2026-06-13 22:00:00
TXN002125,ACC_NORMAL_927,ACC_NORMAL_356,4902.0,2026-03-22 03:00:00
TXN002126,ACC_NORMAL_733,ACC_NORMAL_3,7285.0,2026-07-09 00:00:00
TXN002127,ACC_NORMAL_633,ACC_NORMAL_40,1842.0,2026-05-07 07:00:00
TXN002128,ACC_NORMAL_48,ACC_NORMAL_701,530.0,2026-04-29 16:00:00
TXN002129,ACC_NORMAL_669,ACC_NORMAL_782,7588.0,2026-06-09 00:00:00
TXN002130,ACC_NORMAL_858,ACC_NORMAL_886,3578.0,2026-03-06 11:00:00
TXN002131,ACC_NORMAL_958,ACC_NORMAL_942,6945.0,2026-07-08 11:00:00
TXN002132,ACC_NORMAL_885,ACC_NORMAL_982,2479.0,2026-03-07 06:00:00
TXN002133,ACC_NORMAL_884,ACC_NORMAL_859,2607.0,2026-04-05 10:00:00
TXN002134,ACC_NORMAL_593,ACC_NORMAL_644,9383.0,2026-06-05 18:00:00
TXN002135,ACC_NORMAL_68,ACC_NORMAL_929,2564.0,2026-04-26 15:00:00
TXN002136,ACC_NORMAL_275,ACC_NORMAL_692,9916.0,2026-04-23 04:00:00
TXN002137,ACC_NORMAL_299,ACC_NORMAL_536,3112.0,2026-07-16 22:00:00
TXN002138,ACC_NORMAL_581,ACC_NORMAL_411,260.0,2026-05-13 15:00:00
TXN002139,ACC_NORMAL_370,ACC_NORMAL_341,4461.0,2026-05-16 22:00:00
TXN002140,ACC_NORMAL_953,ACC_NORMAL_993,1021.0,2026-03-30 18:00:00
TXN002141,ACC_NORMAL_762,ACC_NORMAL_575,2454.0,2026-07-23 09:00:00
TXN002142,ACC_NORMAL_54,ACC_NORMAL_873,6233.0,2026-05-13 23:00:00
TXN002143,ACC_NORMAL_217,ACC_NORMAL_397,2735.0,2026-06-10 12:00:00
TXN002144,ACC_NORMAL_525,ACC_NORMAL_863,6662.0,2026-06-13 14:00:00
TXN002145,ACC_NORMAL_383,ACC_NORMAL_80,887.0,2026-07-26 18:00:00
TXN002146,ACC_NORMAL_319,ACC_NORMAL_688,4840.0,2026-05-08 04:00:00
TXN002147,ACC_NORMAL_262,ACC_NORMAL_359,6846.0,2026-05-27 18:00:00
TXN002148,ACC_NORMAL_48,ACC_NORMAL_803,8569.0,2026-05-27 03:00:00
TXN002149,ACC_NORMAL_69,ACC_NORMAL_927,3068.0,2026-07-13 06:00:00
TXN002150,ACC_NORMAL_731,ACC_NORMAL_796,2593.0,2026-03-28 12:00:00
TXN002151,ACC_NORMAL_626,ACC_NORMAL_530,704.0,2026-06-27 14:00:00
TXN002152,ACC_NORMAL_31,ACC_NORMAL_365,243.0,2026-06-14 12:00:00
TXN002153,ACC_NORMAL_220,ACC_NORMAL_667,5454.0,2026-07-01 01:00:00
TXN002154,ACC_NORMAL_309,ACC_NORMAL_846,9352.0,2026-07-17 23:00:00
TXN002155,ACC_NORMAL_291,ACC_NORMAL_23,6742.0,2026-05-02 06:00:00
TXN002156,ACC_NORMAL_341,ACC_NORMAL_522,3554.0,2026-07-25 14:00:00
TXN002157,ACC_NORMAL_294,ACC_NORMAL_278,2547.0,2026-05-26 20:00:00
TXN002158,ACC_NORMAL_250,ACC_NORMAL_657,3687.0,2026-05-02 19:00:00
TXN002159,ACC_NORMAL_222,ACC_NORMAL_738,3982.0,2026-03-19 16:00:00
TXN002160,ACC_NORMAL_534,ACC_NORMAL_979,1470.0,2026-07-15 14:00:00
TXN002161,ACC_NORMAL_691,ACC_NORMAL_77,1609.0,2026-06-17 05:00:00
TXN002162,ACC_NORMAL_786,ACC_NORMAL_681,5764.0,2026-06-17 03:00:00
TXN002163,ACC_NORMAL_62,ACC_NORMAL_483,3994.0,2026-07-21 16:00:00
TXN002164,ACC_NORMAL_657,ACC_NORMAL_497,8125.0,2026-07-01 01:00:00
TXN002165,ACC_NORMAL_235,ACC_NORMAL_618,2570.0,2026-04-03 20:00:00
TXN002166,ACC_NORMAL_661,ACC_NORMAL_971,7482.0,2026-07-17 04:00:00
TXN002167,ACC_NORMAL_64,ACC_NORMAL_477,7592.0,2026-07-27 03:00:00
TXN002168,ACC_NORMAL_456,ACC_NORMAL_624,2529.0,2026-07-12 13:00:00
TXN002169,ACC_NORMAL_958,ACC_NORMAL_16,3288.0,2026-03-09 04:00:00
TXN002170,ACC_NORMAL_869,ACC_NORMAL_488,9900.0,2026-04-03 23:00:00
TXN002171,ACC_NORMAL_250,ACC_NORMAL_494,159.0,2026-03-22 05:00:00
TXN002172,ACC_NORMAL_397,ACC_NORMAL_404,5206.0,2026-05-15 07:00:00
TXN002173,ACC_NORMAL_284,ACC_NORMAL_481,9703.0,2026-05-07 10:00:00
TXN002174,ACC_NORMAL_653,ACC_NORMAL_928,4743.0,2026-03-13 16:00:00
TXN002175,ACC_NORMAL_515,ACC_NORMAL_284,8042.0,2026-04-25 15:00:00
TXN002176,ACC_NORMAL_256,ACC_NORMAL_350,8725.0,2026-03-30 21:00:00
TXN002177,ACC_NORMAL_435,ACC_NORMAL_122,3848.0,2026-05-01 00:00:00
TXN002178,ACC_NORMAL_9,ACC_NORMAL_351,7623.0,2026-07-26 23:00:00
TXN002179,ACC_NORMAL_436,ACC_NORMAL_182,159.0,2026-05-13 09:00:00
TXN002180,ACC_NORMAL_602,ACC_NORMAL_832,1417.0,2026-04-20 09:00:00
TXN002181,ACC_NORMAL_238,ACC_NORMAL_136,3338.0,2026-05-04 16:00:00
TXN002182,ACC_NORMAL_529,ACC_NORMAL_473,1029.0,2026-03-16 04:00:00
TXN002183,ACC_NORMAL_865,ACC_NORMAL_547,6875.0,2026-04-01 08:00:00
TXN002184,ACC_NORMAL_588,ACC_NORMAL_109,5599.0,2026-04-15 10:00:00
TXN002185,ACC_NORMAL_518,ACC_NORMAL_730,3994.0,2026-07-09 17:00:00
TXN002186,ACC_NORMAL_919,ACC_NORMAL_603,6612.0,2026-05-30 18:00:00
TXN002187,ACC_NORMAL_728,ACC_NORMAL_775,3876.0,2026-05-25 19:00:00
TXN002188,ACC_NORMAL_494,ACC_NORMAL_461,1664.0,2026-03-08 13:00:00
TXN002189,ACC_NORMAL_698,ACC_NORMAL_191,4635.0,2026-07-12 18:00:00
TXN002190,ACC_NORMAL_486,ACC_NORMAL_154,3537.0,2026-05-06 21:00:00
TXN002191,ACC_NORMAL_72,ACC_NORMAL_429,8323.0,2026-07-26 03:00:00
TXN002192,ACC_NORMAL_48,ACC_NORMAL_168,3062.0,2026-04-21 06:00:00
TXN002193,ACC_NORMAL_403,ACC_NORMAL_262,8966.0,2026-03-16 12:00:00
TXN002194,ACC_NORMAL_502,ACC_NORMAL_946,1666.0,2026-07-15 21:00:00
TXN002195,ACC_NORMAL_178,ACC_NORMAL_645,1754.0,2026-05-12 10:00:00
TXN002196,ACC_NORMAL_75,ACC_NORMAL_309,280.0,2026-04-04 15:00:00
TXN002197,ACC_NORMAL_511,ACC_NORMAL_913,4361.0,2026-07-08 13:00:00
TXN002198,ACC_NORMAL_844,ACC_NORMAL_853,4439.0,2026-04-13 18:00:00
TXN002199,ACC_NORMAL_564,ACC_NORMAL_668,783.0,2026-04-23 07:00:00
TXN002200,ACC_NORMAL_102,ACC_NORMAL_256,7307.0,2026-06-26 03:00:00
TXN002201,ACC_NORMAL_305,ACC_NORMAL_467,1095.0,2026-07-01 12:00:00
TXN002202,ACC_NORMAL_505,ACC_NORMAL_646,8803.0,2026-07-04 07:00:00
TXN002203,ACC_NORMAL_494,ACC_NORMAL_366,2049.0,2026-04-26 07:00:00
TXN002204,ACC_NORMAL_775,ACC_NORMAL_992,5226.0,2026-03-11 23:00:00
TXN002205,ACC_NORMAL_325,ACC_NORMAL_813,1354.0,2026-07-08 20:00:00
TXN002206,ACC_NORMAL_423,ACC_NORMAL_27,7408.0,2026-03-19 07:00:00
TXN002207,ACC_NORMAL_589,ACC_NORMAL_6,4922.0,2026-05-21 06:00:00
TXN002208,ACC_NORMAL_628,ACC_NORMAL_627,9847.0,2026-05-19 05:00:00
TXN002209,ACC_NORMAL_302,ACC_NORMAL_892,4821.0,2026-04-28 01:00:00
TXN002210,ACC_NORMAL_115,ACC_NORMAL_385,290.0,2026-05-27 01:00:00
TXN002211,ACC_NORMAL_625,ACC_NORMAL_318,7140.0,2026-07-26 13:00:00
TXN002212,ACC_NORMAL_340,ACC_NORMAL_297,6587.0,2026-06-24 14:00:00
TXN002213,ACC_NORMAL_284,ACC_NORMAL_575,4206.0,2026-04-24 05:00:00
TXN002214,ACC_NORMAL_697,ACC_NORMAL_284,7278.0,2026-06-03 03:00:00
TXN002215,ACC_NORMAL_142,ACC_NORMAL_641,4097.0,2026-06-04 10:00:00
TXN002216,ACC_NORMAL_496,ACC_NORMAL_228,2411.0,2026-06-19 12:00:00
TXN002217,ACC_NORMAL_405,ACC_NORMAL_698,8032.0,2026-04-07 14:00:00
TXN002218,ACC_NORMAL_866,ACC_NORMAL_974,5690.0,2026-07-23 16:00:00
TXN002219,ACC_NORMAL_901,ACC_NORMAL_949,6094.0,2026-06-20 10:00:00
TXN002220,ACC_NORMAL_955,ACC_NORMAL_301,6503.0,2026-06-05 17:00:00
TXN002221,ACC_NORMAL_872,ACC_NORMAL_950,629.0,2026-05-23 10:00:00
TXN002222,ACC_NORMAL_566,ACC_NORMAL_222,2116.0,2026-06-17 13:00:00
TXN002223,ACC_NORMAL_419,ACC_NORMAL_651,7944.0,2026-07-15 16:00:00
TXN002224,ACC_NORMAL_526,ACC_NORMAL_714,2525.0,2026-06-14 03:00:00
TXN002225,ACC_NORMAL_581,ACC_NORMAL_910,7766.0,2026-04-25 07:00:00
TXN002226,ACC_NORMAL_855,ACC_NORMAL_448,6539.0,2026-05-08 18:00:00
TXN002227,ACC_NORMAL_145,ACC_NORMAL_137,5082.0,2026-04-25 08:00:00
TXN002228,ACC_NORMAL_817,ACC_NORMAL_813,3670.0,2026-03-14 02:00:00
TXN002229,ACC_NORMAL_531,ACC_NORMAL_346,3594.0,2026-03-06 18:00:00
TXN002230,ACC_NORMAL_145,ACC_NORMAL_644,2316.0,2026-04-28 06:00:00
TXN002231,ACC_NORMAL_543,ACC_NORMAL_9,4546.0,2026-03-28 04:00:00
TXN002232,ACC_NORMAL_4,ACC_NORMAL_876,9665.0,2026-04-04 14:00:00
TXN002233,ACC_NORMAL_618,ACC_NORMAL_451,4677.0,2026-03-09 15:00:00
TXN002234,ACC_NORMAL_495,ACC_NORMAL_198,4850.0,2026-06-10 11:00:00
TXN002235,ACC_NORMAL_169,ACC_NORMAL_51,3930.0,2026-04-18 04:00:00
TXN002236,ACC_NORMAL_66,ACC_NORMAL_258,6566.0,2026-05-30 03:00:00
TXN002237,ACC_NORMAL_637,ACC_NORMAL_860,7849.0,2026-05-25 10:00:00
TXN002238,ACC_NORMAL_37,ACC_NORMAL_3,7697.0,2026-06-25 12:00:00
TXN002239,ACC_NORMAL_471,ACC_NORMAL_433,4415.0,2026-05-20 00:00:00
TXN002240,ACC_NORMAL_864,ACC_NORMAL_794,8232.0,2026-03-20 21:00:00
TXN002241,ACC_NORMAL_556,ACC_NORMAL_810,5846.0,2026-03-15 23:00:00
TXN002242,ACC_NORMAL_414,ACC_NORMAL_456,5337.0,2026-07-19 07:00:00
TXN002243,ACC_NORMAL_97,ACC_NORMAL_497,140.0,2026-04-11 22:00:00
TXN002244,ACC_NORMAL_222,ACC_NORMAL_187,1263.0,2026-04-24 08:00:00
TXN002245,ACC_NORMAL_141,ACC_NORMAL_703,8620.0,2026-05-29 23:00:00
TXN002246,ACC_NORMAL_473,ACC_NORMAL_358,6595.0,2026-06-11 17:00:00
TXN002247,ACC_NORMAL_811,ACC_NORMAL_732,9254.0,2026-05-14 18:00:00
TXN002248,ACC_NORMAL_510,ACC_NORMAL_109,3806.0,2026-06-16 20:00:00
TXN002249,ACC_NORMAL_94,ACC_NORMAL_261,2253.0,2026-06-17 19:00:00
TXN002250,ACC_NORMAL_406,ACC_NORMAL_241,4839.0,2026-06-02 14:00:00
TXN002251,ACC_NORMAL_46,ACC_NORMAL_105,4286.0,2026-03-27 08:00:00
TXN002252,ACC_NORMAL_967,ACC_NORMAL_863,6718.0,2026-04-20 17:00:00
TXN002253,ACC_NORMAL_715,ACC_NORMAL_415,4219.0,2026-07-06 10:00:00
TXN002254,ACC_NORMAL_952,ACC_NORMAL_716,1004.0,2026-07-08 07:00:00
TXN002255,ACC_NORMAL_678,ACC_NORMAL_76,3905.0,2026-05-01 06:00:00
TXN002256,ACC_NORMAL_26,ACC_NORMAL_478,5270.0,2026-03-28 15:00:00
TXN002257,ACC_NORMAL_779,ACC_NORMAL_257,9344.0,2026-07-07 01:00:00
TXN002258,ACC_NORMAL_794,ACC_NORMAL_588,9543.0,2026-04-17 19:00:00
TXN002259,ACC_NORMAL_679,ACC_NORMAL_912,3654.0,2026-05-07 19:00:00
TXN002260,ACC_NORMAL_955,ACC_NORMAL_141,8056.0,2026-06-21 11:00:00
TXN002261,ACC_NORMAL_30,ACC_NORMAL_96,6514.0,2026-05-08 05:00:00
TXN002262,ACC_NORMAL_675,ACC_NORMAL_376,4905.0,2026-06-08 18:00:00
TXN002263,ACC_NORMAL_472,ACC_NORMAL_644,8031.0,2026-03-06 11:00:00
TXN002264,ACC_NORMAL_750,ACC_NORMAL_887,4606.0,2026-03-05 23:00:00
TXN002265,ACC_NORMAL_181,ACC_NORMAL_141,3108.0,2026-03-21 11:00:00
TXN002266,ACC_NORMAL_288,ACC_NORMAL_46,5244.0,2026-07-25 19:00:00
TXN002267,ACC_NORMAL_108,ACC_NORMAL_192,508.0,2026-07-23 06:00:00
TXN002268,ACC_NORMAL_623,ACC_NORMAL_382,1176.0,2026-04-01 08:00:00
TXN002269,ACC_NORMAL_604,ACC_NORMAL_614,6555.0,2026-03-24 12:00:00
TXN002270,ACC_NORMAL_513,ACC_NORMAL_581,6241.0,2026-05-23 10:00:00
TXN002271,ACC_NORMAL_921,ACC_NORMAL_686,6911.0,2026-07-24 17:00:00
TXN002272,ACC_NORMAL_445,ACC_NORMAL_936,4970.0,2026-05-17 13:00:00
TXN002273,ACC_NORMAL_432,ACC_NORMAL_414,5816.0,2026-04-22 01:00:00
TXN002274,ACC_NORMAL_940,ACC_NORMAL_886,2824.0,2026-07-27 22:00:00
TXN002275,ACC_NORMAL_690,ACC_NORMAL_478,6278.0,2026-05-19 03:00:00
TXN002276,ACC_NORMAL_657,ACC_NORMAL_852,9637.0,2026-05-21 16:00:00
TXN002277,ACC_NORMAL_39,ACC_NORMAL_547,2814.0,2026-04-27 05:00:00
TXN002278,ACC_NORMAL_187,ACC_NORMAL_707,1126.0,2026-07-04 06:00:00
TXN002279,ACC_NORMAL_170,ACC_NORMAL_974,6744.0,2026-06-07 17:00:00
TXN002280,ACC_NORMAL_543,ACC_NORMAL_392,4809.0,2026-03-13 03:00:00
TXN002281,ACC_NORMAL_517,ACC_NORMAL_506,3554.0,2026-07-20 00:00:00
TXN002282,ACC_NORMAL_121,ACC_NORMAL_212,6937.0,2026-05-07 18:00:00
TXN002283,ACC_NORMAL_245,ACC_NORMAL_564,9726.0,2026-07-04 23:00:00
TXN002284,ACC_NORMAL_256,ACC_NORMAL_594,6001.0,2026-06-06 10:00:00
TXN002285,ACC_NORMAL_168,ACC_NORMAL_688,5014.0,2026-07-15 12:00:00
TXN002286,ACC_NORMAL_122,ACC_NORMAL_626,5491.0,2026-03-26 14:00:00
TXN002287,ACC_NORMAL_615,ACC_NORMAL_397,3600.0,2026-04-05 15:00:00
TXN002288,ACC_NORMAL_574,ACC_NORMAL_962,6286.0,2026-07-07 10:00:00
TXN002289,ACC_NORMAL_591,ACC_NORMAL_440,4847.0,2026-07-19 04:00:00
TXN002290,ACC_NORMAL_173,ACC_NORMAL_153,8217.0,2026-04-30 15:00:00
TXN002291,ACC_NORMAL_876,ACC_NORMAL_823,3612.0,2026-04-19 07:00:00
TXN002292,ACC_NORMAL_347,ACC_NORMAL_744,8948.0,2026-07-09 03:00:00
TXN002293,ACC_NORMAL_454,ACC_NORMAL_366,2736.0,2026-07-09 18:00:00
TXN002294,ACC_NORMAL_849,ACC_NORMAL_70,8556.0,2026-06-28 17:00:00
TXN002295,ACC_NORMAL_544,ACC_NORMAL_177,1009.0,2026-06-29 15:00:00
TXN002296,ACC_NORMAL_406,ACC_NORMAL_795,3076.0,2026-07-05 20:00:00
TXN002297,ACC_NORMAL_553,ACC_NORMAL_852,407.0,2026-04-11 06:00:00
TXN002298,ACC_NORMAL_976,ACC_NORMAL_132,2652.0,2026-04-23 02:00:00
TXN002299,ACC_NORMAL_927,ACC_NORMAL_632,8307.0,2026-03-28 00:00:00
TXN002300,ACC_NORMAL_165,ACC_NORMAL_916,7427.0,2026-03-07 08:00:00
TXN002301,ACC_NORMAL_572,ACC_NORMAL_344,6929.0,2026-04-04 06:00:00
TXN002302,ACC_NORMAL_247,ACC_NORMAL_1000,7862.0,2026-05-08 14:00:00
TXN002303,ACC_NORMAL_851,ACC_NORMAL_768,7032.0,2026-05-15 14:00:00
TXN002304,ACC_NORMAL_113,ACC_NORMAL_242,9821.0,2026-05-25 20:00:00
TXN002305,ACC_NORMAL_420,ACC_NORMAL_704,3215.0,2026-03-08 12:00:00
TXN002306,ACC_NORMAL_34,ACC_NORMAL_704,2692.0,2026-03-14 06:00:00
TXN002307,ACC_NORMAL_839,ACC_NORMAL_848,1028.0,2026-04-13 17:00:00
TXN002308,ACC_NORMAL_532,ACC_NORMAL_368,9780.0,2026-05-15 07:00:00
TXN002309,ACC_NORMAL_918,ACC_NORMAL_562,9338.0,2026-05-08 17:00:00
TXN002310,ACC_NORMAL_907,ACC_NORMAL_170,2024.0,2026-07-24 05:00:00
TXN002311,ACC_NORMAL_148,ACC_NORMAL_295,2090.0,2026-05-04 18:00:00
TXN002312,ACC_NORMAL_851,ACC_NORMAL_726,6626.0,2026-03-06 15:00:00
TXN002313,ACC_NORMAL_266,ACC_NORMAL_636,4955.0,2026-06-07 01:00:00
TXN002314,ACC_NORMAL_600,ACC_NORMAL_690,6603.0,2026-04-03 07:00:00
TXN002315,ACC_NORMAL_719,ACC_NORMAL_111,103.0,2026-05-12 20:00:00
TXN002316,ACC_NORMAL_369,ACC_NORMAL_135,462.0,2026-06-08 04:00:00
TXN002317,ACC_NORMAL_340,ACC_NORMAL_680,7467.0,2026-03-16 04:00:00
TXN002318,ACC_NORMAL_189,ACC_NORMAL_962,6313.0,2026-07-24 12:00:00
TXN002319,ACC_NORMAL_153,ACC_NORMAL_217,2141.0,2026-06-29 05:00:00
TXN002320,ACC_NORMAL_731,ACC_NORMAL_785,8203.0,2026-06-16 02:00:00
TXN002321,ACC_NORMAL_6,ACC_NORMAL_243,6191.0,2026-04-09 11:00:00
TXN002322,ACC_NORMAL_816,ACC_NORMAL_733,1188.0,2026-04-15 03:00:00
TXN002323,ACC_NORMAL_933,ACC_NORMAL_914,6767.0,2026-04-02 03:00:00
TXN002324,ACC_NORMAL_822,ACC_NORMAL_428,1036.0,2026-04-21 10:00:00
TXN002325,ACC_NORMAL_484,ACC_NORMAL_641,8800.0,2026-04-16 22:00:00
TXN002326,ACC_NORMAL_10,ACC_NORMAL_274,9175.0,2026-04-28 20:00:00
TXN002327,ACC_NORMAL_302,ACC_NORMAL_146,498.0,2026-04-01 19:00:00
TXN002328,ACC_NORMAL_703,ACC_NORMAL_554,3345.0,2026-06-18 09:00:00
TXN002329,ACC_NORMAL_253,ACC_NORMAL_884,6408.0,2026-07-12 05:00:00
TXN002330,ACC_NORMAL_604,ACC_NORMAL_437,4560.0,2026-04-28 02:00:00
TXN002331,ACC_NORMAL_917,ACC_NORMAL_582,8341.0,2026-05-13 03:00:00
TXN002332,ACC_NORMAL_959,ACC_NORMAL_382,7032.0,2026-05-16 00:00:00
TXN002333,ACC_NORMAL_998,ACC_NORMAL_887,2569.0,2026-07-15 15:00:00
TXN002334,ACC_NORMAL_978,ACC_NORMAL_214,6546.0,2026-03-11 14:00:00
TXN002335,ACC_NORMAL_687,ACC_NORMAL_506,9040.0,2026-03-13 12:00:00
TXN002336,ACC_NORMAL_916,ACC_NORMAL_554,3092.0,2026-03-11 18:00:00
TXN002337,ACC_NORMAL_437,ACC_NORMAL_352,1471.0,2026-04-30 02:00:00
TXN002338,ACC_NORMAL_874,ACC_NORMAL_850,1430.0,2026-05-09 17:00:00
TXN002339,ACC_NORMAL_35,ACC_NORMAL_329,2927.0,2026-06-29 19:00:00
TXN002340,ACC_NORMAL_175,ACC_NORMAL_88,3493.0,2026-03-10 19:00:00
TXN002341,ACC_NORMAL_974,ACC_NORMAL_252,3224.0,2026-07-23 14:00:00
TXN002342,ACC_NORMAL_510,ACC_NORMAL_89,1269.0,2026-07-27 07:00:00
TXN002343,ACC_NORMAL_611,ACC_NORMAL_92,1092.0,2026-06-21 15:00:00
TXN002344,ACC_NORMAL_50,ACC_NORMAL_172,241.0,2026-06-14 04:00:00
TXN002345,ACC_NORMAL_494,ACC_NORMAL_992,4574.0,2026-03-30 18:00:00
TXN002346,ACC_NORMAL_670,ACC_NORMAL_591,3302.0,2026-06-07 14:00:00
TXN002347,ACC_NORMAL_738,ACC_NORMAL_14,853.0,2026-07-18 09:00:00
TXN002348,ACC_NORMAL_618,ACC_NORMAL_628,5089.0,2026-05-30 01:00:00
TXN002349,ACC_NORMAL_742,ACC_NORMAL_56,3744.0,2026-06-21 09:00:00
TXN002350,ACC_NORMAL_928,ACC_NORMAL_816,8674.0,2026-07-05 13:00:00
TXN002351,ACC_NORMAL_221,ACC_NORMAL_170,1353.0,2026-05-27 18:00:00
TXN002352,ACC_NORMAL_276,ACC_NORMAL_132,7186.0,2026-05-13 12:00:00
TXN002353,ACC_NORMAL_227,ACC_NORMAL_758,4631.0,2026-04-09 23:00:00
TXN002354,ACC_NORMAL_817,ACC_NORMAL_295,9451.0,2026-07-27 02:00:00
TXN002355,ACC_NORMAL_136,ACC_NORMAL_422,5521.0,2026-06-19 17:00:00
TXN002356,ACC_NORMAL_133,ACC_NORMAL_717,219.0,2026-04-02 15:00:00
TXN002357,ACC_NORMAL_678,ACC_NORMAL_801,3554.0,2026-04-20 07:00:00
TXN002358,ACC_NORMAL_399,ACC_NORMAL_154,6194.0,2026-07-09 01:00:00
TXN002359,ACC_NORMAL_296,ACC_NORMAL_54,4417.0,2026-05-31 19:00:00
TXN002360,ACC_NORMAL_818,ACC_NORMAL_784,5987.0,2026-04-16 06:00:00
TXN002361,ACC_NORMAL_461,ACC_NORMAL_923,7839.0,2026-07-11 22:00:00
TXN002362,ACC_NORMAL_469,ACC_NORMAL_644,7056.0,2026-06-17 03:00:00
TXN002363,ACC_NORMAL_291,ACC_NORMAL_626,6703.0,2026-03-07 08:00:00
TXN002364,ACC_NORMAL_616,ACC_NORMAL_622,4779.0,2026-03-12 22:00:00
TXN002365,ACC_NORMAL_756,ACC_NORMAL_855,4540.0,2026-03-07 16:00:00
TXN002366,ACC_NORMAL_637,ACC_NORMAL_267,2449.0,2026-03-31 23:00:00
TXN002367,ACC_NORMAL_137,ACC_NORMAL_219,9410.0,2026-04-14 20:00:00
TXN002368,ACC_NORMAL_478,ACC_NORMAL_439,7619.0,2026-06-15 01:00:00
TXN002369,ACC_NORMAL_873,ACC_NORMAL_847,7400.0,2026-04-11 05:00:00
TXN002370,ACC_NORMAL_518,ACC_NORMAL_338,6576.0,2026-07-04 04:00:00
TXN002371,ACC_NORMAL_838,ACC_NORMAL_147,909.0,2026-03-31 04:00:00
TXN002372,ACC_NORMAL_250,ACC_NORMAL_790,5409.0,2026-07-26 23:00:00
TXN002373,ACC_NORMAL_724,ACC_NORMAL_184,1646.0,2026-06-20 10:00:00
TXN002374,ACC_NORMAL_763,ACC_NORMAL_94,5543.0,2026-05-26 23:00:00
TXN002375,ACC_NORMAL_606,ACC_NORMAL_907,6843.0,2026-06-13 16:00:00
TXN002376,ACC_NORMAL_911,ACC_NORMAL_571,486.0,2026-03-16 04:00:00
TXN002377,ACC_NORMAL_895,ACC_NORMAL_326,8476.0,2026-04-01 16:00:00
TXN002378,ACC_NORMAL_259,ACC_NORMAL_463,8424.0,2026-03-14 18:00:00
TXN002379,ACC_NORMAL_39,ACC_NORMAL_140,4947.0,2026-03-17 23:00:00
TXN002380,ACC_NORMAL_267,ACC_NORMAL_992,9737.0,2026-03-18 11:00:00
TXN002381,ACC_NORMAL_665,ACC_NORMAL_87,2830.0,2026-03-21 18:00:00
TXN002382,ACC_NORMAL_925,ACC_NORMAL_434,5507.0,2026-04-02 12:00:00
TXN002383,ACC_NORMAL_46,ACC_NORMAL_983,5277.0,2026-03-17 00:00:00
TXN002384,ACC_NORMAL_432,ACC_NORMAL_634,6079.0,2026-04-12 02:00:00
TXN002385,ACC_NORMAL_991,ACC_NORMAL_293,7745.0,2026-05-05 15:00:00
TXN002386,ACC_NORMAL_218,ACC_NORMAL_54,8121.0,2026-03-16 13:00:00
TXN002387,ACC_NORMAL_590,ACC_NORMAL_876,8279.0,2026-06-10 07:00:00
TXN002388,ACC_NORMAL_604,ACC_NORMAL_330,5996.0,2026-07-05 02:00:00
TXN002389,ACC_NORMAL_348,ACC_NORMAL_546,9028.0,2026-05-02 13:00:00
TXN002390,ACC_NORMAL_115,ACC_NORMAL_252,5207.0,2026-04-23 06:00:00
TXN002391,ACC_NORMAL_205,ACC_NORMAL_609,8719.0,2026-05-03 21:00:00
TXN002392,ACC_NORMAL_411,ACC_NORMAL_667,8715.0,2026-06-30 00:00:00
TXN002393,ACC_NORMAL_248,ACC_NORMAL_821,9798.0,2026-06-27 16:00:00
TXN002394,ACC_NORMAL_92,ACC_NORMAL_42,1379.0,2026-03-28 10:00:00
TXN002395,ACC_NORMAL_512,ACC_NORMAL_224,6881.0,2026-05-01 08:00:00
TXN002396,ACC_NORMAL_504,ACC_NORMAL_523,5969.0,2026-06-26 06:00:00
TXN002397,ACC_NORMAL_658,ACC_NORMAL_624,2780.0,2026-05-24 20:00:00
TXN002398,ACC_NORMAL_970,ACC_NORMAL_486,2943.0,2026-05-24 02:00:00
TXN002399,ACC_NORMAL_320,ACC_NORMAL_632,2514.0,2026-03-19 18:00:00
TXN002400,ACC_NORMAL_342,ACC_NORMAL_76,5810.0,2026-04-29 10:00:00
TXN002401,ACC_NORMAL_402,ACC_NORMAL_405,5076.0,2026-06-06 12:00:00
TXN002402,ACC_NORMAL_393,ACC_NORMAL_663,8529.0,2026-05-23 20:00:00
TXN002403,ACC_NORMAL_170,ACC_NORMAL_518,1029.0,2026-03-07 14:00:00
TXN002404,ACC_NORMAL_21,ACC_NORMAL_106,5689.0,2026-06-22 04:00:00
TXN002405,ACC_NORMAL_158,ACC_NORMAL_734,9122.0,2026-07-04 23:00:00
TXN002406,ACC_NORMAL_787,ACC_NORMAL_110,3850.0,2026-06-18 05:00:00
TXN002407,ACC_NORMAL_320,ACC_NORMAL_257,7786.0,2026-05-24 04:00:00
TXN002408,ACC_NORMAL_576,ACC_NORMAL_200,7053.0,2026-04-07 01:00:00
TXN002409,ACC_NORMAL_763,ACC_NORMAL_933,2450.0,2026-04-09 01:00:00
TXN002410,ACC_NORMAL_819,ACC_NORMAL_415,3669.0,2026-07-15 00:00:00
TXN002411,ACC_NORMAL_335,ACC_NORMAL_274,7779.0,2026-04-08 17:00:00
TXN002412,ACC_NORMAL_812,ACC_NORMAL_823,7858.0,2026-04-29 19:00:00
TXN002413,ACC_NORMAL_419,ACC_NORMAL_741,2870.0,2026-06-18 19:00:00
TXN002414,ACC_NORMAL_431,ACC_NORMAL_55,6614.0,2026-03-07 15:00:00
TXN002415,ACC_NORMAL_21,ACC_NORMAL_322,8435.0,2026-04-18 17:00:00
TXN002416,ACC_NORMAL_660,ACC_NORMAL_263,6263.0,2026-06-30 23:00:00
TXN002417,ACC_NORMAL_640,ACC_NORMAL_908,3546.0,2026-07-20 00:00:00
TXN002418,ACC_NORMAL_893,ACC_NORMAL_951,2776.0,2026-05-16 17:00:00
TXN002419,ACC_NORMAL_885,ACC_NORMAL_140,6132.0,2026-07-28 05:00:00
TXN002420,ACC_NORMAL_337,ACC_NORMAL_457,670.0,2026-03-18 07:00:00
TXN002421,ACC_NORMAL_681,ACC_NORMAL_350,7628.0,2026-04-09 10:00:00
TXN002422,ACC_NORMAL_979,ACC_NORMAL_871,9416.0,2026-07-25 17:00:00
TXN002423,ACC_NORMAL_80,ACC_NORMAL_305,1701.0,2026-04-30 04:00:00
TXN002424,ACC_NORMAL_161,ACC_NORMAL_998,1503.0,2026-04-03 02:00:00
TXN002425,ACC_NORMAL_625,ACC_NORMAL_432,4483.0,2026-07-25 09:00:00
TXN002426,ACC_NORMAL_583,ACC_NORMAL_20,1678.0,2026-07-18 12:00:00
TXN002427,ACC_NORMAL_232,ACC_NORMAL_438,7462.0,2026-03-05 22:00:00
TXN002428,ACC_NORMAL_914,ACC_NORMAL_931,2869.0,2026-06-06 22:00:00
TXN002429,ACC_NORMAL_534,ACC_NORMAL_596,9007.0,2026-07-12 14:00:00
TXN002430,ACC_NORMAL_412,ACC_NORMAL_375,7097.0,2026-04-16 00:00:00
TXN002431,ACC_NORMAL_582,ACC_NORMAL_576,2707.0,2026-04-09 03:00:00
TXN002432,ACC_NORMAL_347,ACC_NORMAL_534,7018.0,2026-06-30 14:00:00
TXN002433,ACC_NORMAL_760,ACC_NORMAL_826,6824.0,2026-06-27 15:00:00
TXN002434,ACC_NORMAL_357,ACC_NORMAL_573,1619.0,2026-07-10 13:00:00
TXN002435,ACC_NORMAL_299,ACC_NORMAL_224,6226.0,2026-06-26 17:00:00
TXN002436,ACC_NORMAL_626,ACC_NORMAL_359,1968.0,2026-05-07 23:00:00
TXN002437,ACC_NORMAL_603,ACC_NORMAL_85,1312.0,2026-05-13 03:00:00
TXN002438,ACC_NORMAL_419,ACC_NORMAL_974,4779.0,2026-05-23 12:00:00
TXN002439,ACC_NORMAL_144,ACC_NORMAL_553,1337.0,2026-04-24 00:00:00
TXN002440,ACC_NORMAL_970,ACC_NORMAL_938,8182.0,2026-06-09 19:00:00
TXN002441,ACC_NORMAL_28,ACC_NORMAL_944,1646.0,2026-06-12 07:00:00
TXN002442,ACC_NORMAL_986,ACC_NORMAL_672,7994.0,2026-03-28 21:00:00
TXN002443,ACC_NORMAL_444,ACC_NORMAL_26,6514.0,2026-03-20 18:00:00
TXN002444,ACC_NORMAL_257,ACC_NORMAL_1000,9072.0,2026-06-18 05:00:00
TXN002445,ACC_NORMAL_775,ACC_NORMAL_929,8195.0,2026-04-22 01:00:00
TXN002446,ACC_NORMAL_362,ACC_NORMAL_332,7926.0,2026-04-20 14:00:00
TXN002447,ACC_NORMAL_158,ACC_NORMAL_71,4393.0,2026-06-09 19:00:00
TXN002448,ACC_NORMAL_70,ACC_NORMAL_548,5093.0,2026-05-08 20:00:00
TXN002449,ACC_NORMAL_337,ACC_NORMAL_485,8828.0,2026-03-17 09:00:00
TXN002450,ACC_NORMAL_311,ACC_NORMAL_381,612.0,2026-03-24 06:00:00
TXN002451,ACC_NORMAL_128,ACC_NORMAL_806,1572.0,2026-03-08 20:00:00
TXN002452,ACC_NORMAL_373,ACC_NORMAL_550,1035.0,2026-07-18 09:00:00
TXN002453,ACC_NORMAL_394,ACC_NORMAL_202,1602.0,2026-05-05 16:00:00
TXN002454,ACC_NORMAL_644,ACC_NORMAL_265,3092.0,2026-05-01 18:00:00
TXN002455,ACC_NORMAL_805,ACC_NORMAL_975,663.0,2026-04-22 22:00:00
TXN002456,ACC_NORMAL_78,ACC_NORMAL_148,3509.0,2026-04-03 16:00:00
TXN002457,ACC_NORMAL_570,ACC_NORMAL_537,4480.0,2026-06-27 06:00:00
TXN002458,ACC_NORMAL_46,ACC_NORMAL_61,4036.0,2026-03-31 16:00:00
TXN002459,ACC_NORMAL_712,ACC_NORMAL_628,3783.0,2026-03-27 18:00:00
TXN002460,ACC_NORMAL_692,ACC_NORMAL_559,8491.0,2026-04-18 05:00:00
TXN002461,ACC_NORMAL_532,ACC_NORMAL_639,7594.0,2026-03-09 04:00:00
TXN002462,ACC_NORMAL_932,ACC_NORMAL_538,2835.0,2026-06-18 14:00:00
TXN002463,ACC_NORMAL_805,ACC_NORMAL_165,9349.0,2026-06-17 20:00:00
TXN002464,ACC_NORMAL_509,ACC_NORMAL_678,6893.0,2026-05-05 10:00:00
TXN002465,ACC_NORMAL_302,ACC_NORMAL_532,9400.0,2026-05-16 18:00:00
TXN002466,ACC_NORMAL_688,ACC_NORMAL_612,4414.0,2026-05-21 06:00:00
TXN002467,ACC_NORMAL_554,ACC_NORMAL_842,4432.0,2026-07-19 20:00:00
TXN002468,ACC_NORMAL_43,ACC_NORMAL_582,6493.0,2026-07-21 21:00:00
TXN002469,ACC_NORMAL_53,ACC_NORMAL_852,152.0,2026-05-19 09:00:00
TXN002470,ACC_NORMAL_775,ACC_NORMAL_481,897.0,2026-03-10 12:00:00
TXN002471,ACC_NORMAL_512,ACC_NORMAL_336,9452.0,2026-05-11 22:00:00
TXN002472,ACC_NORMAL_175,ACC_NORMAL_878,1923.0,2026-04-14 18:00:00
TXN002473,ACC_NORMAL_380,ACC_NORMAL_244,7058.0,2026-07-09 19:00:00
TXN002474,ACC_NORMAL_658,ACC_NORMAL_143,7740.0,2026-05-18 21:00:00
TXN002475,ACC_NORMAL_920,ACC_NORMAL_74,517.0,2026-06-18 12:00:00
TXN002476,ACC_NORMAL_18,ACC_NORMAL_941,9522.0,2026-03-25 10:00:00
TXN002477,ACC_NORMAL_412,ACC_NORMAL_901,1398.0,2026-04-24 22:00:00
TXN002478,ACC_NORMAL_239,ACC_NORMAL_796,5482.0,2026-04-17 23:00:00
TXN002479,ACC_NORMAL_445,ACC_NORMAL_631,3632.0,2026-03-18 06:00:00
TXN002480,ACC_NORMAL_807,ACC_NORMAL_246,1307.0,2026-04-06 21:00:00
TXN002481,ACC_NORMAL_362,ACC_NORMAL_974,185.0,2026-04-10 08:00:00
TXN002482,ACC_NORMAL_829,ACC_NORMAL_711,1837.0,2026-05-30 03:00:00
TXN002483,ACC_NORMAL_220,ACC_NORMAL_424,3718.0,2026-03-07 11:00:00
TXN002484,ACC_NORMAL_793,ACC_NORMAL_400,6361.0,2026-05-24 04:00:00
TXN002485,ACC_NORMAL_80,ACC_NORMAL_528,5429.0,2026-05-20 07:00:00
TXN002486,ACC_NORMAL_2,ACC_NORMAL_307,6015.0,2026-04-12 04:00:00
TXN002487,ACC_NORMAL_924,ACC_NORMAL_723,3259.0,2026-06-27 07:00:00
TXN002488,ACC_NORMAL_211,ACC_NORMAL_647,4705.0,2026-03-09 12:00:00
TXN002489,ACC_NORMAL_537,ACC_NORMAL_672,8977.0,2026-06-01 17:00:00
TXN002490,ACC_NORMAL_271,ACC_NORMAL_351,3836.0,2026-05-14 22:00:00
TXN002491,ACC_NORMAL_409,ACC_NORMAL_508,1965.0,2026-04-02 21:00:00
TXN002492,ACC_NORMAL_952,ACC_NORMAL_9,8690.0,2026-06-20 15:00:00
TXN002493,ACC_NORMAL_996,ACC_NORMAL_264,2045.0,2026-03-12 04:00:00
TXN002494,ACC_NORMAL_835,ACC_NORMAL_953,2082.0,2026-07-09 04:00:00
TXN002495,ACC_NORMAL_902,ACC_NORMAL_119,6786.0,2026-05-16 08:00:00
TXN002496,ACC_NORMAL_333,ACC_NORMAL_736,9077.0,2026-03-13 02:00:00
TXN002497,ACC_NORMAL_727,ACC_NORMAL_889,9174.0,2026-06-08 21:00:00
TXN002498,ACC_NORMAL_776,ACC_NORMAL_838,4810.0,2026-05-29 20:00:00
TXN002499,ACC_NORMAL_307,ACC_NORMAL_672,3394.0,2026-03-20 20:00:00
TXN002500,ACC_NORMAL_450,ACC_NORMAL_449,1364.0,2026-07-12 02:00:00
TXN002501,ACC_NORMAL_67,ACC_NORMAL_134,4079.0,2026-04-23 01:00:00
TXN002502,ACC_NORMAL_574,ACC_NORMAL_406,8855.0,2026-05-30 12:00:00
TXN002503,ACC_NORMAL_318,ACC_NORMAL_486,8955.0,2026-06-02 02:00:00
TXN002504,ACC_NORMAL_584,ACC_NORMAL_102,8555.0,2026-07-27 23:00:00
TXN002505,ACC_NORMAL_97,ACC_NORMAL_676,7709.0,2026-04-30 12:00:00
TXN002506,ACC_NORMAL_1,ACC_NORMAL_444,8469.0,2026-04-24 14:00:00
TXN002507,ACC_NORMAL_604,ACC_NORMAL_708,9836.0,2026-04-08 12:00:00
TXN002508,ACC_NORMAL_515,ACC_NORMAL_153,2580.0,2026-06-22 12:00:00
TXN002509,ACC_NORMAL_424,ACC_NORMAL_365,9932.0,2026-06-03 02:00:00
TXN002510,ACC_NORMAL_923,ACC_NORMAL_680,4365.0,2026-06-01 23:00:00
TXN002511,ACC_NORMAL_420,ACC_NORMAL_412,4199.0,2026-04-23 09:00:00
TXN002512,ACC_NORMAL_566,ACC_NORMAL_950,4472.0,2026-05-08 03:00:00
TXN002513,ACC_NORMAL_747,ACC_NORMAL_664,9339.0,2026-04-11 10:00:00
TXN002514,ACC_NORMAL_649,ACC_NORMAL_926,5984.0,2026-04-30 02:00:00
TXN002515,ACC_NORMAL_620,ACC_NORMAL_660,3994.0,2026-04-15 20:00:00
TXN002516,ACC_NORMAL_67,ACC_NORMAL_992,1752.0,2026-05-18 16:00:00
TXN002517,ACC_NORMAL_386,ACC_NORMAL_451,3710.0,2026-07-22 15:00:00
TXN002518,ACC_NORMAL_964,ACC_NORMAL_209,2533.0,2026-05-08 12:00:00
TXN002519,ACC_NORMAL_231,ACC_NORMAL_761,9795.0,2026-06-13 09:00:00
TXN002520,ACC_NORMAL_230,ACC_NORMAL_689,5837.0,2026-03-16 00:00:00
TXN002521,ACC_NORMAL_497,ACC_NORMAL_621,9172.0,2026-07-16 13:00:00
TXN002522,ACC_NORMAL_999,ACC_NORMAL_857,4473.0,2026-07-25 00:00:00
TXN002523,ACC_NORMAL_128,ACC_NORMAL_222,4448.0,2026-06-22 21:00:00
TXN002524,ACC_NORMAL_81,ACC_NORMAL_762,6367.0,2026-07-10 18:00:00
TXN002525,ACC_NORMAL_835,ACC_NORMAL_106,1625.0,2026-06-21 06:00:00
TXN002526,ACC_NORMAL_218,ACC_NORMAL_613,7943.0,2026-07-07 18:00:00
TXN002527,ACC_NORMAL_435,ACC_NORMAL_215,5831.0,2026-03-25 10:00:00
TXN002528,ACC_NORMAL_383,ACC_NORMAL_563,2669.0,2026-04-28 00:00:00
TXN002529,ACC_NORMAL_542,ACC_NORMAL_46,3082.0,2026-07-18 04:00:00
TXN002530,ACC_NORMAL_929,ACC_NORMAL_724,5754.0,2026-04-14 00:00:00
TXN002531,ACC_NORMAL_915,ACC_NORMAL_409,9363.0,2026-05-18 01:00:00
TXN002532,ACC_NORMAL_798,ACC_NORMAL_677,1962.0,2026-07-23 06:00:00
TXN002533,ACC_NORMAL_146,ACC_NORMAL_811,2096.0,2026-06-19 03:00:00
TXN002534,ACC_NORMAL_272,ACC_NORMAL_845,2342.0,2026-03-31 02:00:00
TXN002535,ACC_NORMAL_169,ACC_NORMAL_412,901.0,2026-03-21 00:00:00
TXN002536,ACC_NORMAL_101,ACC_NORMAL_106,1280.0,2026-04-18 15:00:00
TXN002537,ACC_NORMAL_431,ACC_NORMAL_963,5145.0,2026-04-29 18:00:00
TXN002538,ACC_NORMAL_894,ACC_NORMAL_950,1538.0,2026-04-25 00:00:00
TXN002539,ACC_NORMAL_499,ACC_NORMAL_909,5561.0,2026-04-17 23:00:00
TXN002540,ACC_NORMAL_14,ACC_NORMAL_874,7912.0,2026-04-02 03:00:00
TXN002541,ACC_NORMAL_519,ACC_NORMAL_458,4001.0,2026-03-18 07:00:00
TXN002542,ACC_NORMAL_189,ACC_NORMAL_425,457.0,2026-04-26 20:00:00
TXN002543,ACC_NORMAL_163,ACC_NORMAL_544,5089.0,2026-03-18 01:00:00
TXN002544,ACC_NORMAL_379,ACC_NORMAL_579,1951.0,2026-04-08 23:00:00
TXN002545,ACC_NORMAL_56,ACC_NORMAL_995,8315.0,2026-04-30 15:00:00
TXN002546,ACC_NORMAL_971,ACC_NORMAL_675,6437.0,2026-05-25 16:00:00
TXN002547,ACC_NORMAL_110,ACC_NORMAL_849,9458.0,2026-06-22 16:00:00
TXN002548,ACC_NORMAL_767,ACC_NORMAL_672,328.0,2026-06-20 02:00:00
TXN002549,ACC_NORMAL_118,ACC_NORMAL_682,9228.0,2026-07-17 07:00:00
TXN002550,ACC_NORMAL_290,ACC_NORMAL_392,2081.0,2026-07-21 06:00:00
TXN002551,ACC_NORMAL_722,ACC_NORMAL_699,2063.0,2026-05-06 18:00:00
TXN002552,ACC_NORMAL_866,ACC_NORMAL_953,7985.0,2026-03-21 16:00:00
TXN002553,ACC_NORMAL_420,ACC_NORMAL_234,128.0,2026-07-16 13:00:00
TXN002554,ACC_NORMAL_228,ACC_NORMAL_919,4617.0,2026-03-23 03:00:00
TXN002555,ACC_NORMAL_332,ACC_NORMAL_884,8303.0,2026-06-23 20:00:00
TXN002556,ACC_NORMAL_8,ACC_NORMAL_421,639.0,2026-05-18 06:00:00
TXN002557,ACC_NORMAL_153,ACC_NORMAL_118,9536.0,2026-03-20 09:00:00
TXN002558,ACC_NORMAL_815,ACC_NORMAL_365,8026.0,2026-03-14 21:00:00
TXN002559,ACC_NORMAL_575,ACC_NORMAL_807,2145.0,2026-05-09 03:00:00
TXN002560,ACC_NORMAL_282,ACC_NORMAL_538,8996.0,2026-06-15 16:00:00
TXN002561,ACC_NORMAL_732,ACC_NORMAL_736,9586.0,2026-06-20 20:00:00
TXN002562,ACC_NORMAL_189,ACC_NORMAL_619,6819.0,2026-04-09 02:00:00
TXN002563,ACC_NORMAL_8,ACC_NORMAL_621,9944.0,2026-06-22 22:00:00
TXN002564,ACC_NORMAL_107,ACC_NORMAL_659,1438.0,2026-06-07 23:00:00
TXN002565,ACC_NORMAL_628,ACC_NORMAL_497,4330.0,2026-05-10 00:00:00
TXN002566,ACC_NORMAL_867,ACC_NORMAL_330,9149.0,2026-07-18 19:00:00
TXN002567,ACC_NORMAL_977,ACC_NORMAL_893,6304.0,2026-04-05 00:00:00
TXN002568,ACC_NORMAL_137,ACC_NORMAL_576,358.0,2026-05-28 23:00:00
TXN002569,ACC_NORMAL_21,ACC_NORMAL_798,504.0,2026-04-18 03:00:00
TXN002570,ACC_NORMAL_302,ACC_NORMAL_401,554.0,2026-04-14 10:00:00
TXN002571,ACC_NORMAL_301,ACC_NORMAL_82,1750.0,2026-06-11 17:00:00
TXN002572,ACC_NORMAL_706,ACC_NORMAL_262,7230.0,2026-04-05 18:00:00
TXN002573,ACC_NORMAL_174,ACC_NORMAL_810,2492.0,2026-03-13 00:00:00
TXN002574,ACC_NORMAL_502,ACC_NORMAL_171,1255.0,2026-04-12 09:00:00
TXN002575,ACC_NORMAL_193,ACC_NORMAL_797,3334.0,2026-05-22 01:00:00
TXN002576,ACC_NORMAL_821,ACC_NORMAL_684,6448.0,2026-03-20 20:00:00
TXN002577,ACC_NORMAL_777,ACC_NORMAL_243,5332.0,2026-04-17 08:00:00
TXN002578,ACC_NORMAL_369,ACC_NORMAL_619,2495.0,2026-06-20 23:00:00
TXN002579,ACC_NORMAL_671,ACC_NORMAL_440,664.0,2026-03-06 13:00:00
TXN002580,ACC_NORMAL_301,ACC_NORMAL_591,8463.0,2026-04-24 19:00:00
TXN002581,ACC_NORMAL_136,ACC_NORMAL_348,7211.0,2026-03-14 12:00:00
TXN002582,ACC_NORMAL_16,ACC_NORMAL_495,9959.0,2026-03-13 23:00:00
TXN002583,ACC_NORMAL_407,ACC_NORMAL_399,5943.0,2026-05-25 07:00:00
TXN002584,ACC_NORMAL_62,ACC_NORMAL_58,4159.0,2026-06-24 14:00:00
TXN002585,ACC_NORMAL_642,ACC_NORMAL_95,4792.0,2026-03-18 07:00:00
TXN002586,ACC_NORMAL_209,ACC_NORMAL_416,7504.0,2026-05-17 20:00:00
TXN002587,ACC_NORMAL_925,ACC_NORMAL_72,6731.0,2026-06-15 21:00:00
TXN002588,ACC_NORMAL_402,ACC_NORMAL_770,9490.0,2026-06-24 05:00:00
TXN002589,ACC_NORMAL_971,ACC_NORMAL_201,8861.0,2026-04-27 04:00:00
TXN002590,ACC_NORMAL_809,ACC_NORMAL_218,505.0,2026-03-29 22:00:00
TXN002591,ACC_NORMAL_882,ACC_NORMAL_60,5626.0,2026-04-02 12:00:00
TXN002592,ACC_NORMAL_240,ACC_NORMAL_345,3197.0,2026-06-02 18:00:00
TXN002593,ACC_NORMAL_355,ACC_NORMAL_293,9860.0,2026-05-11 01:00:00
TXN002594,ACC_NORMAL_778,ACC_NORMAL_820,940.0,2026-05-23 03:00:00
TXN002595,ACC_NORMAL_17,ACC_NORMAL_399,2828.0,2026-04-12 02:00:00
TXN002596,ACC_NORMAL_884,ACC_NORMAL_532,897.0,2026-03-27 17:00:00
TXN002597,ACC_NORMAL_666,ACC_NORMAL_42,2412.0,2026-05-30 08:00:00
TXN002598,ACC_NORMAL_277,ACC_NORMAL_670,6863.0,2026-07-01 22:00:00
TXN002599,ACC_NORMAL_631,ACC_NORMAL_71,6761.0,2026-03-31 03:00:00
TXN002600,ACC_NORMAL_122,ACC_NORMAL_623,2243.0,2026-03-05 23:00:00
TXN002601,ACC_NORMAL_946,ACC_NORMAL_596,1683.0,2026-06-02 04:00:00
TXN002602,ACC_NORMAL_892,ACC_NORMAL_237,6652.0,2026-05-25 09:00:00
TXN002603,ACC_NORMAL_344,ACC_NORMAL_604,5416.0,2026-04-14 01:00:00
TXN002604,ACC_NORMAL_209,ACC_NORMAL_77,870.0,2026-07-15 03:00:00
TXN002605,ACC_NORMAL_853,ACC_NORMAL_738,1587.0,2026-04-24 08:00:00
TXN002606,ACC_NORMAL_909,ACC_NORMAL_530,767.0,2026-07-08 08:00:00
TXN002607,ACC_NORMAL_573,ACC_NORMAL_330,5019.0,2026-04-23 00:00:00
TXN002608,ACC_NORMAL_144,ACC_NORMAL_736,2374.0,2026-06-04 09:00:00
TXN002609,ACC_NORMAL_258,ACC_NORMAL_820,8405.0,2026-06-26 04:00:00
TXN002610,ACC_NORMAL_848,ACC_NORMAL_872,5812.0,2026-03-07 01:00:00
TXN002611,ACC_NORMAL_719,ACC_NORMAL_641,393.0,2026-07-27 15:00:00
TXN002612,ACC_NORMAL_263,ACC_NORMAL_236,5110.0,2026-06-06 03:00:00
TXN002613,ACC_NORMAL_122,ACC_NORMAL_569,5825.0,2026-05-29 21:00:00
TXN002614,ACC_NORMAL_174,ACC_NORMAL_665,8651.0,2026-04-15 13:00:00
TXN002615,ACC_NORMAL_790,ACC_NORMAL_466,8648.0,2026-06-06 00:00:00
TXN002616,ACC_NORMAL_22,ACC_NORMAL_430,1030.0,2026-04-07 10:00:00
TXN002617,ACC_NORMAL_707,ACC_NORMAL_294,4212.0,2026-04-20 17:00:00
TXN002618,ACC_NORMAL_292,ACC_NORMAL_684,9305.0,2026-06-21 16:00:00
TXN002619,ACC_NORMAL_632,ACC_NORMAL_461,7955.0,2026-03-23 12:00:00
TXN002620,ACC_NORMAL_556,ACC_NORMAL_868,4717.0,2026-07-06 17:00:00
TXN002621,ACC_NORMAL_263,ACC_NORMAL_169,7678.0,2026-06-29 20:00:00
TXN002622,ACC_NORMAL_386,ACC_NORMAL_974,2950.0,2026-06-15 08:00:00
TXN002623,ACC_NORMAL_300,ACC_NORMAL_957,3473.0,2026-04-11 02:00:00
TXN002624,ACC_NORMAL_295,ACC_NORMAL_745,7724.0,2026-04-11 04:00:00
TXN002625,ACC_NORMAL_89,ACC_NORMAL_706,3894.0,2026-03-25 02:00:00
TXN002626,ACC_NORMAL_567,ACC_NORMAL_977,2231.0,2026-05-16 23:00:00
TXN002627,ACC_NORMAL_946,ACC_NORMAL_941,4797.0,2026-07-14 16:00:00
TXN002628,ACC_NORMAL_923,ACC_NORMAL_305,4325.0,2026-05-01 23:00:00
TXN002629,ACC_NORMAL_494,ACC_NORMAL_373,6545.0,2026-06-19 18:00:00
TXN002630,ACC_NORMAL_559,ACC_NORMAL_561,4633.0,2026-03-29 08:00:00
TXN002631,ACC_NORMAL_247,ACC_NORMAL_502,4166.0,2026-06-17 08:00:00
TXN002632,ACC_NORMAL_598,ACC_NORMAL_842,4666.0,2026-04-12 20:00:00
TXN002633,ACC_NORMAL_770,ACC_NORMAL_824,9300.0,2026-07-15 01:00:00
TXN002634,ACC_NORMAL_945,ACC_NORMAL_896,5154.0,2026-06-16 08:00:00
TXN002635,ACC_NORMAL_795,ACC_NORMAL_919,7735.0,2026-05-16 04:00:00
TXN002636,ACC_NORMAL_775,ACC_NORMAL_815,7321.0,2026-06-28 00:00:00
TXN002637,ACC_NORMAL_318,ACC_NORMAL_774,4764.0,2026-05-13 18:00:00
TXN002638,ACC_NORMAL_914,ACC_NORMAL_753,2649.0,2026-04-09 08:00:00
TXN002639,ACC_NORMAL_186,ACC_NORMAL_859,9020.0,2026-06-07 11:00:00
TXN002640,ACC_NORMAL_730,ACC_NORMAL_240,6674.0,2026-05-27 17:00:00
TXN002641,ACC_NORMAL_382,ACC_NORMAL_339,4459.0,2026-07-09 18:00:00
TXN002642,ACC_NORMAL_237,ACC_NORMAL_999,7241.0,2026-07-21 06:00:00
TXN002643,ACC_NORMAL_278,ACC_NORMAL_735,2046.0,2026-06-14 18:00:00
TXN002644,ACC_NORMAL_996,ACC_NORMAL_457,7089.0,2026-04-14 15:00:00
TXN002645,ACC_NORMAL_817,ACC_NORMAL_691,9281.0,2026-06-15 06:00:00
TXN002646,ACC_NORMAL_860,ACC_NORMAL_179,9426.0,2026-04-26 00:00:00
TXN002647,ACC_NORMAL_909,ACC_NORMAL_277,6786.0,2026-05-03 18:00:00
TXN002648,ACC_NORMAL_469,ACC_NORMAL_41,4599.0,2026-07-20 16:00:00
TXN002649,ACC_NORMAL_146,ACC_NORMAL_579,4103.0,2026-03-09 02:00:00
TXN002650,ACC_NORMAL_186,ACC_NORMAL_33,2774.0,2026-05-27 17:00:00
TXN002651,ACC_NORMAL_532,ACC_NORMAL_506,4601.0,2026-05-07 12:00:00
TXN002652,ACC_NORMAL_29,ACC_NORMAL_465,4614.0,2026-03-22 12:00:00
TXN002653,ACC_NORMAL_869,ACC_NORMAL_963,6816.0,2026-07-21 02:00:00
TXN002654,ACC_NORMAL_120,ACC_NORMAL_632,6397.0,2026-05-03 02:00:00
TXN002655,ACC_NORMAL_214,ACC_NORMAL_572,3366.0,2026-06-07 21:00:00
TXN002656,ACC_NORMAL_533,ACC_NORMAL_22,6815.0,2026-07-20 11:00:00
TXN002657,ACC_NORMAL_661,ACC_NORMAL_4,5117.0,2026-04-17 04:00:00
TXN002658,ACC_NORMAL_630,ACC_NORMAL_34,8104.0,2026-05-02 18:00:00
TXN002659,ACC_NORMAL_734,ACC_NORMAL_330,2149.0,2026-03-30 15:00:00
TXN002660,ACC_NORMAL_700,ACC_NORMAL_235,3359.0,2026-04-29 15:00:00
TXN002661,ACC_NORMAL_324,ACC_NORMAL_110,767.0,2026-06-19 16:00:00
TXN002662,ACC_NORMAL_233,ACC_NORMAL_150,7837.0,2026-05-04 14:00:00
TXN002663,ACC_NORMAL_222,ACC_NORMAL_648,9562.0,2026-06-07 17:00:00
TXN002664,ACC_NORMAL_840,ACC_NORMAL_739,473.0,2026-07-01 07:00:00
TXN002665,ACC_NORMAL_65,ACC_NORMAL_402,543.0,2026-04-20 14:00:00
TXN002666,ACC_NORMAL_505,ACC_NORMAL_581,4888.0,2026-04-03 04:00:00
TXN002667,ACC_NORMAL_164,ACC_NORMAL_19,3138.0,2026-03-25 09:00:00
TXN002668,ACC_NORMAL_279,ACC_NORMAL_690,4749.0,2026-05-17 15:00:00
TXN002669,ACC_NORMAL_87,ACC_NORMAL_58,3814.0,2026-06-21 09:00:00
TXN002670,ACC_NORMAL_772,ACC_NORMAL_288,1771.0,2026-05-24 19:00:00
TXN002671,ACC_NORMAL_221,ACC_NORMAL_805,6365.0,2026-06-09 04:00:00
TXN002672,ACC_NORMAL_819,ACC_NORMAL_937,6730.0,2026-04-15 03:00:00
TXN002673,ACC_NORMAL_608,ACC_NORMAL_837,1272.0,2026-04-28 23:00:00
TXN002674,ACC_NORMAL_638,ACC_NORMAL_895,9199.0,2026-06-22 21:00:00
TXN002675,ACC_NORMAL_543,ACC_NORMAL_948,5655.0,2026-05-24 16:00:00
TXN002676,ACC_NORMAL_255,ACC_NORMAL_535,2772.0,2026-07-05 22:00:00
TXN002677,ACC_NORMAL_766,ACC_NORMAL_658,5821.0,2026-07-27 12:00:00
TXN002678,ACC_NORMAL_203,ACC_NORMAL_79,9043.0,2026-04-03 12:00:00
TXN002679,ACC_NORMAL_248,ACC_NORMAL_333,5050.0,2026-05-16 03:00:00
TXN002680,ACC_NORMAL_826,ACC_NORMAL_477,5138.0,2026-05-08 19:00:00
TXN002681,ACC_NORMAL_462,ACC_NORMAL_988,2066.0,2026-04-13 19:00:00
TXN002682,ACC_NORMAL_760,ACC_NORMAL_714,8983.0,2026-05-22 23:00:00
TXN002683,ACC_NORMAL_639,ACC_NORMAL_72,6397.0,2026-05-03 19:00:00
TXN002684,ACC_NORMAL_818,ACC_NORMAL_839,3345.0,2026-06-17 11:00:00
TXN002685,ACC_NORMAL_49,ACC_NORMAL_568,2975.0,2026-06-13 10:00:00
TXN002686,ACC_NORMAL_718,ACC_NORMAL_620,6557.0,2026-07-09 12:00:00
TXN002687,ACC_NORMAL_216,ACC_NORMAL_394,9109.0,2026-03-30 14:00:00
TXN002688,ACC_NORMAL_346,ACC_NORMAL_567,2240.0,2026-05-14 11:00:00
TXN002689,ACC_NORMAL_544,ACC_NORMAL_64,9308.0,2026-05-03 14:00:00
TXN002690,ACC_NORMAL_422,ACC_NORMAL_655,824.0,2026-03-16 08:00:00
TXN002691,ACC_NORMAL_759,ACC_NORMAL_600,4713.0,2026-06-24 10:00:00
TXN002692,ACC_NORMAL_141,ACC_NORMAL_879,807.0,2026-07-01 12:00:00
TXN002693,ACC_NORMAL_170,ACC_NORMAL_275,4620.0,2026-07-22 18:00:00
TXN002694,ACC_NORMAL_911,ACC_NORMAL_186,9515.0,2026-05-12 13:00:00
TXN002695,ACC_NORMAL_874,ACC_NORMAL_677,1973.0,2026-04-18 17:00:00
TXN002696,ACC_NORMAL_941,ACC_NORMAL_484,8651.0,2026-07-10 00:00:00
TXN002697,ACC_NORMAL_568,ACC_NORMAL_130,2448.0,2026-03-21 02:00:00
TXN002698,ACC_NORMAL_798,ACC_NORMAL_806,2057.0,2026-06-12 16:00:00
TXN002699,ACC_NORMAL_134,ACC_NORMAL_553,4737.0,2026-07-20 09:00:00
TXN002700,ACC_NORMAL_860,ACC_NORMAL_265,3402.0,2026-07-19 17:00:00
TXN002701,ACC_NORMAL_415,ACC_NORMAL_252,1815.0,2026-04-06 04:00:00
TXN002702,ACC_NORMAL_828,ACC_NORMAL_761,8600.0,2026-04-21 04:00:00
TXN002703,ACC_NORMAL_776,ACC_NORMAL_247,2576.0,2026-06-22 11:00:00
TXN002704,ACC_NORMAL_700,ACC_NORMAL_692,8454.0,2026-05-23 18:00:00
TXN002705,ACC_NORMAL_559,ACC_NORMAL_385,2423.0,2026-06-17 11:00:00
TXN002706,ACC_NORMAL_462,ACC_NORMAL_248,2072.0,2026-05-21 08:00:00
TXN002707,ACC_NORMAL_454,ACC_NORMAL_559,8519.0,2026-07-13 14:00:00
TXN002708,ACC_NORMAL_305,ACC_NORMAL_506,1984.0,2026-05-14 14:00:00
TXN002709,ACC_NORMAL_681,ACC_NORMAL_582,788.0,2026-05-07 11:00:00
TXN002710,ACC_NORMAL_998,ACC_NORMAL_771,6022.0,2026-04-03 07:00:00
TXN002711,ACC_NORMAL_368,ACC_NORMAL_397,6497.0,2026-07-09 16:00:00
TXN002712,ACC_NORMAL_932,ACC_NORMAL_580,6634.0,2026-06-04 01:00:00
TXN002713,ACC_NORMAL_118,ACC_NORMAL_756,9729.0,2026-05-27 14:00:00
TXN002714,ACC_NORMAL_253,ACC_NORMAL_598,3899.0,2026-03-11 16:00:00
TXN002715,ACC_NORMAL_915,ACC_NORMAL_756,6539.0,2026-05-16 05:00:00
TXN002716,ACC_NORMAL_751,ACC_NORMAL_466,1842.0,2026-05-02 08:00:00
TXN002717,ACC_NORMAL_209,ACC_NORMAL_102,6927.0,2026-04-08 12:00:00
TXN002718,ACC_NORMAL_106,ACC_NORMAL_804,4168.0,2026-05-21 13:00:00
TXN002719,ACC_NORMAL_834,ACC_NORMAL_46,1750.0,2026-05-12 08:00:00
TXN002720,ACC_NORMAL_772,ACC_NORMAL_665,9187.0,2026-03-12 03:00:00
TXN002721,ACC_NORMAL_50,ACC_NORMAL_510,3038.0,2026-05-17 00:00:00
TXN002722,ACC_NORMAL_79,ACC_NORMAL_268,260.0,2026-04-28 15:00:00
TXN002723,ACC_NORMAL_539,ACC_NORMAL_508,1362.0,2026-06-12 10:00:00
TXN002724,ACC_NORMAL_944,ACC_NORMAL_963,438.0,2026-04-12 08:00:00
TXN002725,ACC_NORMAL_955,ACC_NORMAL_553,7889.0,2026-06-19 08:00:00
TXN002726,ACC_NORMAL_78,ACC_NORMAL_496,7850.0,2026-06-27 10:00:00
TXN002727,ACC_NORMAL_329,ACC_NORMAL_623,3859.0,2026-06-01 06:00:00
TXN002728,ACC_NORMAL_630,ACC_NORMAL_744,1904.0,2026-03-07 01:00:00
TXN002729,ACC_NORMAL_894,ACC_NORMAL_329,7018.0,2026-05-24 00:00:00
TXN002730,ACC_NORMAL_36,ACC_NORMAL_920,8135.0,2026-03-06 00:00:00
TXN002731,ACC_NORMAL_28,ACC_NORMAL_601,5926.0,2026-03-17 16:00:00
TXN002732,ACC_NORMAL_99,ACC_NORMAL_961,7540.0,2026-06-16 09:00:00
TXN002733,ACC_NORMAL_870,ACC_NORMAL_546,1005.0,2026-07-03 00:00:00
TXN002734,ACC_NORMAL_205,ACC_NORMAL_824,564.0,2026-07-11 17:00:00
TXN002735,ACC_NORMAL_164,ACC_NORMAL_46,8111.0,2026-05-13 09:00:00
TXN002736,ACC_NORMAL_225,ACC_NORMAL_431,3110.0,2026-05-06 14:00:00
TXN002737,ACC_NORMAL_812,ACC_NORMAL_640,2690.0,2026-03-21 23:00:00
TXN002738,ACC_NORMAL_782,ACC_NORMAL_875,8487.0,2026-07-16 12:00:00
TXN002739,ACC_NORMAL_428,ACC_NORMAL_544,7680.0,2026-06-17 12:00:00
TXN002740,ACC_NORMAL_876,ACC_NORMAL_385,2607.0,2026-06-14 03:00:00
TXN002741,ACC_NORMAL_18,ACC_NORMAL_312,1015.0,2026-05-09 12:00:00
TXN002742,ACC_NORMAL_271,ACC_NORMAL_33,9009.0,2026-03-16 11:00:00
TXN002743,ACC_NORMAL_213,ACC_NORMAL_248,6863.0,2026-05-05 11:00:00
TXN002744,ACC_NORMAL_153,ACC_NORMAL_552,8557.0,2026-05-11 15:00:00
TXN002745,ACC_NORMAL_353,ACC_NORMAL_335,2102.0,2026-06-09 22:00:00
TXN002746,ACC_NORMAL_23,ACC_NORMAL_197,8810.0,2026-03-30 02:00:00
TXN002747,ACC_NORMAL_832,ACC_NORMAL_830,3198.0,2026-03-27 12:00:00
TXN002748,ACC_NORMAL_291,ACC_NORMAL_144,3720.0,2026-06-15 18:00:00
TXN002749,ACC_NORMAL_111,ACC_NORMAL_699,2731.0,2026-03-09 17:00:00
TXN002750,ACC_NORMAL_879,ACC_NORMAL_796,7429.0,2026-04-11 21:00:00
TXN002751,ACC_NORMAL_472,ACC_NORMAL_958,2931.0,2026-06-09 19:00:00
TXN002752,ACC_NORMAL_264,ACC_NORMAL_720,6188.0,2026-06-12 07:00:00
TXN002753,ACC_NORMAL_937,ACC_NORMAL_142,777.0,2026-06-18 11:00:00
TXN002754,ACC_NORMAL_467,ACC_NORMAL_740,5153.0,2026-05-11 07:00:00
TXN002755,ACC_NORMAL_642,ACC_NORMAL_526,1338.0,2026-07-21 18:00:00
TXN002756,ACC_NORMAL_982,ACC_NORMAL_652,6598.0,2026-04-23 14:00:00
TXN002757,ACC_NORMAL_276,ACC_NORMAL_372,5096.0,2026-03-18 23:00:00
TXN002758,ACC_NORMAL_960,ACC_NORMAL_56,4293.0,2026-07-27 12:00:00
TXN002759,ACC_NORMAL_505,ACC_NORMAL_312,1514.0,2026-07-17 13:00:00
TXN002760,ACC_NORMAL_740,ACC_NORMAL_846,569.0,2026-06-01 23:00:00
TXN002761,ACC_NORMAL_316,ACC_NORMAL_794,1609.0,2026-07-08 22:00:00
TXN002762,ACC_NORMAL_917,ACC_NORMAL_947,2751.0,2026-04-19 03:00:00
TXN002763,ACC_NORMAL_951,ACC_NORMAL_767,4640.0,2026-07-13 22:00:00
TXN002764,ACC_NORMAL_820,ACC_NORMAL_583,8017.0,2026-04-23 02:00:00
TXN002765,ACC_NORMAL_316,ACC_NORMAL_362,1527.0,2026-04-24 05:00:00
TXN002766,ACC_NORMAL_133,ACC_NORMAL_191,2665.0,2026-05-26 12:00:00
TXN002767,ACC_NORMAL_99,ACC_NORMAL_307,8306.0,2026-07-24 12:00:00
TXN002768,ACC_NORMAL_380,ACC_NORMAL_815,1236.0,2026-03-26 08:00:00
TXN002769,ACC_NORMAL_444,ACC_NORMAL_43,2904.0,2026-03-28 12:00:00
TXN002770,ACC_NORMAL_156,ACC_NORMAL_434,2137.0,2026-04-27 16:00:00
TXN002771,ACC_NORMAL_79,ACC_NORMAL_133,1371.0,2026-04-15 13:00:00
TXN002772,ACC_NORMAL_263,ACC_NORMAL_819,9054.0,2026-06-02 08:00:00
TXN002773,ACC_NORMAL_151,ACC_NORMAL_770,360.0,2026-06-08 23:00:00
TXN002774,ACC_NORMAL_713,ACC_NORMAL_661,6124.0,2026-04-22 18:00:00
TXN002775,ACC_NORMAL_271,ACC_NORMAL_765,4120.0,2026-07-05 08:00:00
TXN002776,ACC_NORMAL_415,ACC_NORMAL_703,1608.0,2026-03-09 09:00:00
TXN002777,ACC_NORMAL_459,ACC_NORMAL_978,9487.0,2026-06-21 21:00:00
TXN002778,ACC_NORMAL_445,ACC_NORMAL_23,1568.0,2026-07-05 04:00:00
TXN002779,ACC_NORMAL_198,ACC_NORMAL_56,7294.0,2026-07-08 06:00:00
TXN002780,ACC_NORMAL_224,ACC_NORMAL_346,870.0,2026-07-11 00:00:00
TXN002781,ACC_NORMAL_465,ACC_NORMAL_107,7407.0,2026-03-16 23:00:00
TXN002782,ACC_NORMAL_540,ACC_NORMAL_313,1190.0,2026-05-19 20:00:00
TXN002783,ACC_NORMAL_280,ACC_NORMAL_861,3551.0,2026-03-14 21:00:00
TXN002784,ACC_NORMAL_85,ACC_NORMAL_240,7424.0,2026-05-20 08:00:00
TXN002785,ACC_NORMAL_760,ACC_NORMAL_622,9182.0,2026-05-03 17:00:00
TXN002786,ACC_NORMAL_119,ACC_NORMAL_298,994.0,2026-07-08 07:00:00
TXN002787,ACC_NORMAL_645,ACC_NORMAL_312,2899.0,2026-03-19 01:00:00
TXN002788,ACC_NORMAL_635,ACC_NORMAL_138,9856.0,2026-04-09 14:00:00
TXN002789,ACC_NORMAL_621,ACC_NORMAL_555,6176.0,2026-05-23 04:00:00
TXN002790,ACC_NORMAL_483,ACC_NORMAL_848,3655.0,2026-05-08 22:00:00
TXN002791,ACC_NORMAL_443,ACC_NORMAL_998,8880.0,2026-06-16 14:00:00
TXN002792,ACC_NORMAL_912,ACC_NORMAL_171,1999.0,2026-07-19 00:00:00
TXN002793,ACC_NORMAL_700,ACC_NORMAL_910,5320.0,2026-06-25 17:00:00
TXN002794,ACC_NORMAL_385,ACC_NORMAL_494,2206.0,2026-06-12 18:00:00
TXN002795,ACC_NORMAL_759,ACC_NORMAL_1,8741.0,2026-06-04 20:00:00
TXN002796,ACC_NORMAL_715,ACC_NORMAL_646,3044.0,2026-07-08 21:00:00
TXN002797,ACC_NORMAL_553,ACC_NORMAL_822,1568.0,2026-05-11 18:00:00
TXN002798,ACC_NORMAL_710,ACC_NORMAL_67,5725.0,2026-04-02 11:00:00
TXN002799,ACC_NORMAL_155,ACC_NORMAL_876,1405.0,2026-05-19 01:00:00
TXN002800,ACC_NORMAL_220,ACC_NORMAL_207,3855.0,2026-04-18 12:00:00
TXN002801,ACC_NORMAL_149,ACC_NORMAL_371,6579.0,2026-07-06 10:00:00
TXN002802,ACC_NORMAL_585,ACC_NORMAL_612,3286.0,2026-06-26 09:00:00
TXN002803,ACC_NORMAL_608,ACC_NORMAL_7,431.0,2026-04-02 13:00:00
TXN002804,ACC_NORMAL_409,ACC_NORMAL_133,574.0,2026-06-08 10:00:00
TXN002805,ACC_NORMAL_854,ACC_NORMAL_395,6462.0,2026-05-30 22:00:00
TXN002806,ACC_NORMAL_893,ACC_NORMAL_79,7873.0,2026-03-12 10:00:00
TXN002807,ACC_NORMAL_729,ACC_NORMAL_460,5465.0,2026-06-07 05:00:00
TXN002808,ACC_NORMAL_353,ACC_NORMAL_35,6133.0,2026-05-20 22:00:00
TXN002809,ACC_NORMAL_828,ACC_NORMAL_737,5723.0,2026-06-25 00:00:00
TXN002810,ACC_NORMAL_230,ACC_NORMAL_506,3591.0,2026-05-27 14:00:00
TXN002811,ACC_NORMAL_202,ACC_NORMAL_150,1935.0,2026-04-04 14:00:00
TXN002812,ACC_NORMAL_58,ACC_NORMAL_378,7892.0,2026-04-25 19:00:00
TXN002813,ACC_NORMAL_50,ACC_NORMAL_808,7717.0,2026-04-27 14:00:00
TXN002814,ACC_NORMAL_497,ACC_NORMAL_792,2930.0,2026-07-02 09:00:00
TXN002815,ACC_NORMAL_576,ACC_NORMAL_515,1785.0,2026-04-13 00:00:00
TXN002816,ACC_NORMAL_406,ACC_NORMAL_27,8808.0,2026-05-20 14:00:00
TXN002817,ACC_NORMAL_999,ACC_NORMAL_884,3992.0,2026-05-18 17:00:00
TXN002818,ACC_NORMAL_209,ACC_NORMAL_713,135.0,2026-06-06 23:00:00
TXN002819,ACC_NORMAL_230,ACC_NORMAL_757,1862.0,2026-03-25 15:00:00
TXN002820,ACC_NORMAL_753,ACC_NORMAL_841,7226.0,2026-07-06 05:00:00
TXN002821,ACC_NORMAL_954,ACC_NORMAL_191,1577.0,2026-07-03 09:00:00
TXN002822,ACC_NORMAL_388,ACC_NORMAL_292,7625.0,2026-07-14 10:00:00
TXN002823,ACC_NORMAL_516,ACC_NORMAL_515,2045.0,2026-07-27 08:00:00
TXN002824,ACC_NORMAL_900,ACC_NORMAL_511,3790.0,2026-03-12 19:00:00
TXN002825,ACC_NORMAL_922,ACC_NORMAL_157,5889.0,2026-03-30 19:00:00
TXN002826,ACC_NORMAL_738,ACC_NORMAL_186,443.0,2026-04-09 05:00:00
TXN002827,ACC_NORMAL_243,ACC_NORMAL_432,200.0,2026-07-19 08:00:00
TXN002828,ACC_NORMAL_459,ACC_NORMAL_669,1203.0,2026-06-22 20:00:00
TXN002829,ACC_NORMAL_303,ACC_NORMAL_471,9986.0,2026-06-21 10:00:00
TXN002830,ACC_NORMAL_964,ACC_NORMAL_384,7997.0,2026-05-01 10:00:00
TXN002831,ACC_NORMAL_727,ACC_NORMAL_116,1219.0,2026-06-12 23:00:00
TXN002832,ACC_NORMAL_816,ACC_NORMAL_591,6500.0,2026-06-26 21:00:00
TXN002833,ACC_NORMAL_199,ACC_NORMAL_154,5631.0,2026-03-16 15:00:00
TXN002834,ACC_NORMAL_576,ACC_NORMAL_564,2400.0,2026-06-27 12:00:00
TXN002835,ACC_NORMAL_208,ACC_NORMAL_261,8386.0,2026-07-16 13:00:00
TXN002836,ACC_NORMAL_14,ACC_NORMAL_532,5331.0,2026-06-08 10:00:00
TXN002837,ACC_NORMAL_978,ACC_NORMAL_938,441.0,2026-03-14 06:00:00
TXN002838,ACC_NORMAL_831,ACC_NORMAL_286,5819.0,2026-04-28 11:00:00
TXN002839,ACC_NORMAL_961,ACC_NORMAL_827,5246.0,2026-06-29 22:00:00
TXN002840,ACC_NORMAL_800,ACC_NORMAL_111,4472.0,2026-04-16 09:00:00
TXN002841,ACC_NORMAL_133,ACC_NORMAL_134,538.0,2026-04-12 16:00:00
TXN002842,ACC_NORMAL_470,ACC_NORMAL_769,5768.0,2026-07-04 15:00:00
TXN002843,ACC_NORMAL_915,ACC_NORMAL_73,1800.0,2026-04-05 06:00:00
TXN002844,ACC_NORMAL_525,ACC_NORMAL_675,7408.0,2026-04-24 18:00:00
TXN002845,ACC_NORMAL_227,ACC_NORMAL_132,8118.0,2026-06-21 21:00:00
TXN002846,ACC_NORMAL_668,ACC_NORMAL_143,7537.0,2026-03-20 01:00:00
TXN002847,ACC_NORMAL_715,ACC_NORMAL_665,3271.0,2026-06-16 17:00:00
TXN002848,ACC_NORMAL_178,ACC_NORMAL_734,5004.0,2026-05-31 05:00:00
TXN002849,ACC_NORMAL_590,ACC_NORMAL_632,7962.0,2026-04-18 21:00:00
TXN002850,ACC_NORMAL_651,ACC_NORMAL_905,6308.0,2026-04-02 12:00:00
TXN002851,ACC_NORMAL_884,ACC_NORMAL_355,1216.0,2026-04-26 12:00:00
TXN002852,ACC_NORMAL_783,ACC_NORMAL_301,2895.0,2026-04-28 09:00:00
TXN002853,ACC_NORMAL_807,ACC_NORMAL_163,3360.0,2026-04-04 06:00:00
TXN002854,ACC_NORMAL_706,ACC_NORMAL_887,1872.0,2026-05-29 23:00:00
TXN002855,ACC_NORMAL_127,ACC_NORMAL_447,5381.0,2026-04-17 20:00:00
TXN002856,ACC_NORMAL_700,ACC_NORMAL_847,2015.0,2026-03-17 01:00:00
TXN002857,ACC_NORMAL_97,ACC_NORMAL_755,5130.0,2026-05-06 02:00:00
TXN002858,ACC_NORMAL_739,ACC_NORMAL_913,6347.0,2026-07-26 16:00:00
TXN002859,ACC_NORMAL_474,ACC_NORMAL_998,1669.0,2026-06-03 11:00:00
TXN002860,ACC_NORMAL_326,ACC_NORMAL_448,2959.0,2026-07-26 14:00:00
TXN002861,ACC_NORMAL_416,ACC_NORMAL_156,2477.0,2026-04-18 21:00:00
TXN002862,ACC_NORMAL_316,ACC_NORMAL_566,4677.0,2026-07-21 19:00:00
TXN002863,ACC_NORMAL_347,ACC_NORMAL_729,591.0,2026-07-17 00:00:00
TXN002864,ACC_NORMAL_905,ACC_NORMAL_69,2581.0,2026-04-30 01:00:00
TXN002865,ACC_NORMAL_134,ACC_NORMAL_379,2881.0,2026-06-26 19:00:00
TXN002866,ACC_NORMAL_338,ACC_NORMAL_221,8321.0,2026-05-11 11:00:00
TXN002867,ACC_NORMAL_585,ACC_NORMAL_233,8095.0,2026-03-21 01:00:00
TXN002868,ACC_NORMAL_265,ACC_NORMAL_111,616.0,2026-04-13 12:00:00
TXN002869,ACC_NORMAL_152,ACC_NORMAL_337,9020.0,2026-05-06 23:00:00
TXN002870,ACC_NORMAL_483,ACC_NORMAL_661,9670.0,2026-07-05 04:00:00
TXN002871,ACC_NORMAL_504,ACC_NORMAL_982,9570.0,2026-05-08 05:00:00
TXN002872,ACC_NORMAL_969,ACC_NORMAL_307,2415.0,2026-07-19 15:00:00
TXN002873,ACC_NORMAL_490,ACC_NORMAL_130,7981.0,2026-04-02 11:00:00
TXN002874,ACC_NORMAL_745,ACC_NORMAL_942,1561.0,2026-04-02 23:00:00
TXN002875,ACC_NORMAL_289,ACC_NORMAL_73,5870.0,2026-04-24 16:00:00
TXN002876,ACC_NORMAL_434,ACC_NORMAL_221,8073.0,2026-03-28 17:00:00
TXN002877,ACC_NORMAL_708,ACC_NORMAL_618,3219.0,2026-07-02 10:00:00
TXN002878,ACC_NORMAL_612,ACC_NORMAL_912,4366.0,2026-04-08 05:00:00
TXN002879,ACC_NORMAL_297,ACC_NORMAL_682,7718.0,2026-04-17 13:00:00
TXN002880,ACC_NORMAL_972,ACC_NORMAL_368,8863.0,2026-07-21 13:00:00
TXN002881,ACC_NORMAL_851,ACC_NORMAL_264,596.0,2026-07-10 17:00:00
TXN002882,ACC_NORMAL_472,ACC_NORMAL_699,5865.0,2026-05-26 15:00:00
TXN002883,ACC_NORMAL_840,ACC_NORMAL_753,6605.0,2026-07-24 07:00:00
TXN002884,ACC_NORMAL_599,ACC_NORMAL_998,5395.0,2026-04-25 00:00:00
TXN002885,ACC_NORMAL_930,ACC_NORMAL_714,6461.0,2026-03-17 10:00:00
TXN002886,ACC_NORMAL_567,ACC_NORMAL_377,4555.0,2026-03-11 16:00:00
TXN002887,ACC_NORMAL_470,ACC_NORMAL_689,6416.0,2026-07-27 05:00:00
TXN002888,ACC_NORMAL_955,ACC_NORMAL_152,8505.0,2026-07-19 13:00:00
TXN002889,ACC_NORMAL_309,ACC_NORMAL_508,3265.0,2026-05-05 07:00:00
TXN002890,ACC_NORMAL_931,ACC_NORMAL_49,4704.0,2026-05-10 11:00:00
TXN002891,ACC_NORMAL_525,ACC_NORMAL_879,2676.0,2026-05-26 18:00:00
TXN002892,ACC_NORMAL_186,ACC_NORMAL_499,2060.0,2026-05-26 07:00:00
TXN002893,ACC_NORMAL_858,ACC_NORMAL_453,9823.0,2026-04-06 17:00:00
TXN002894,ACC_NORMAL_569,ACC_NORMAL_579,9981.0,2026-06-13 08:00:00
TXN002895,ACC_NORMAL_729,ACC_NORMAL_340,5012.0,2026-04-10 04:00:00
TXN002896,ACC_NORMAL_508,ACC_NORMAL_231,839.0,2026-06-06 16:00:00
TXN002897,ACC_NORMAL_359,ACC_NORMAL_221,569.0,2026-06-29 06:00:00
TXN002898,ACC_NORMAL_608,ACC_NORMAL_829,9687.0,2026-04-28 03:00:00
TXN002899,ACC_NORMAL_259,ACC_NORMAL_339,1608.0,2026-06-30 04:00:00
TXN002900,ACC_NORMAL_390,ACC_NORMAL_452,2119.0,2026-07-21 04:00:00
TXN002901,ACC_NORMAL_285,ACC_NORMAL_585,4469.0,2026-04-22 21:00:00
TXN002902,ACC_NORMAL_81,ACC_NORMAL_100,2770.0,2026-07-13 18:00:00
TXN002903,ACC_NORMAL_935,ACC_NORMAL_417,9648.0,2026-06-12 12:00:00
TXN002904,ACC_NORMAL_74,ACC_NORMAL_624,4960.0,2026-05-05 23:00:00
TXN002905,ACC_NORMAL_81,ACC_NORMAL_621,8846.0,2026-06-07 19:00:00
TXN002906,ACC_NORMAL_701,ACC_NORMAL_280,1672.0,2026-07-04 21:00:00
TXN002907,ACC_NORMAL_596,ACC_NORMAL_555,7525.0,2026-07-27 18:00:00
TXN002908,ACC_NORMAL_150,ACC_NORMAL_162,9950.0,2026-03-09 04:00:00
TXN002909,ACC_NORMAL_238,ACC_NORMAL_921,3551.0,2026-07-17 14:00:00
TXN002910,ACC_NORMAL_431,ACC_NORMAL_299,8635.0,2026-05-17 23:00:00
TXN002911,ACC_NORMAL_991,ACC_NORMAL_605,5353.0,2026-03-29 05:00:00
TXN002912,ACC_NORMAL_177,ACC_NORMAL_104,101.0,2026-04-20 11:00:00
TXN002913,ACC_NORMAL_527,ACC_NORMAL_429,960.0,2026-06-04 20:00:00
TXN002914,ACC_NORMAL_815,ACC_NORMAL_465,5505.0,2026-04-02 20:00:00
TXN002915,ACC_NORMAL_835,ACC_NORMAL_131,5267.0,2026-05-12 06:00:00
TXN002916,ACC_NORMAL_393,ACC_NORMAL_240,3886.0,2026-06-26 22:00:00
TXN002917,ACC_NORMAL_214,ACC_NORMAL_333,5149.0,2026-04-04 07:00:00
TXN002918,ACC_NORMAL_67,ACC_NORMAL_569,7632.0,2026-06-29 03:00:00
TXN002919,ACC_NORMAL_144,ACC_NORMAL_912,9799.0,2026-05-02 12:00:00
TXN002920,ACC_NORMAL_504,ACC_NORMAL_40,2604.0,2026-05-03 21:00:00
TXN002921,ACC_NORMAL_83,ACC_NORMAL_519,7763.0,2026-06-02 11:00:00
TXN002922,ACC_NORMAL_849,ACC_NORMAL_76,3764.0,2026-06-30 04:00:00
TXN002923,ACC_NORMAL_876,ACC_NORMAL_676,198.0,2026-05-22 12:00:00
TXN002924,ACC_NORMAL_366,ACC_NORMAL_479,3504.0,2026-03-29 09:00:00
TXN002925,ACC_NORMAL_338,ACC_NORMAL_179,3334.0,2026-07-26 19:00:00
TXN002926,ACC_NORMAL_391,ACC_NORMAL_991,6764.0,2026-06-13 16:00:00
TXN002927,ACC_NORMAL_457,ACC_NORMAL_883,2605.0,2026-05-20 13:00:00
TXN002928,ACC_NORMAL_393,ACC_NORMAL_770,9934.0,2026-06-14 20:00:00
TXN002929,ACC_NORMAL_548,ACC_NORMAL_533,1737.0,2026-07-18 12:00:00
TXN002930,ACC_NORMAL_772,ACC_NORMAL_144,6288.0,2026-07-01 10:00:00
TXN002931,ACC_NORMAL_26,ACC_NORMAL_23,9835.0,2026-06-27 09:00:00
TXN002932,ACC_NORMAL_551,ACC_NORMAL_368,8776.0,2026-04-17 21:00:00
TXN002933,ACC_NORMAL_78,ACC_NORMAL_812,2632.0,2026-04-28 00:00:00
TXN002934,ACC_NORMAL_607,ACC_NORMAL_106,5739.0,2026-06-26 10:00:00
TXN002935,ACC_NORMAL_122,ACC_NORMAL_459,4816.0,2026-04-11 03:00:00
TXN002936,ACC_NORMAL_175,ACC_NORMAL_231,6479.0,2026-05-21 20:00:00
TXN002937,ACC_NORMAL_923,ACC_NORMAL_314,1968.0,2026-06-27 08:00:00
TXN002938,ACC_NORMAL_290,ACC_NORMAL_503,3540.0,2026-06-11 23:00:00
TXN002939,ACC_NORMAL_199,ACC_NORMAL_286,2500.0,2026-07-23 01:00:00
TXN002940,ACC_NORMAL_212,ACC_NORMAL_699,7362.0,2026-04-04 00:00:00
TXN002941,ACC_NORMAL_228,ACC_NORMAL_334,6193.0,2026-07-14 04:00:00
TXN002942,ACC_NORMAL_414,ACC_NORMAL_860,5133.0,2026-04-22 21:00:00
TXN002943,ACC_NORMAL_320,ACC_NORMAL_280,1613.0,2026-04-22 23:00:00
TXN002944,ACC_NORMAL_120,ACC_NORMAL_296,6187.0,2026-05-16 03:00:00
TXN002945,ACC_NORMAL_850,ACC_NORMAL_714,7932.0,2026-03-14 08:00:00
TXN002946,ACC_NORMAL_625,ACC_NORMAL_663,2115.0,2026-07-07 20:00:00
TXN002947,ACC_NORMAL_280,ACC_NORMAL_832,620.0,2026-04-10 11:00:00
TXN002948,ACC_NORMAL_475,ACC_NORMAL_756,1650.0,2026-04-25 18:00:00
TXN002949,ACC_NORMAL_825,ACC_NORMAL_925,2806.0,2026-07-09 00:00:00
TXN002950,ACC_NORMAL_562,ACC_NORMAL_682,5971.0,2026-05-14 12:00:00
TXN002951,ACC_NORMAL_945,ACC_NORMAL_731,1479.0,2026-07-20 19:00:00
TXN002952,ACC_NORMAL_992,ACC_NORMAL_308,5657.0,2026-06-22 18:00:00
TXN002953,ACC_NORMAL_630,ACC_NORMAL_115,9224.0,2026-07-07 13:00:00
TXN002954,ACC_NORMAL_135,ACC_NORMAL_967,9079.0,2026-03-15 01:00:00
TXN002955,ACC_NORMAL_283,ACC_NORMAL_266,1970.0,2026-07-05 04:00:00
TXN002956,ACC_NORMAL_951,ACC_NORMAL_349,2235.0,2026-06-29 21:00:00
TXN002957,ACC_NORMAL_106,ACC_NORMAL_916,3559.0,2026-03-09 20:00:00
TXN002958,ACC_NORMAL_478,ACC_NORMAL_789,2180.0,2026-03-07 13:00:00
TXN002959,ACC_NORMAL_1000,ACC_NORMAL_159,8469.0,2026-03-31 01:00:00
TXN002960,ACC_NORMAL_107,ACC_NORMAL_258,260.0,2026-07-26 19:00:00
TXN002961,ACC_NORMAL_507,ACC_NORMAL_781,2071.0,2026-03-10 12:00:00
TXN002962,ACC_NORMAL_74,ACC_NORMAL_493,1206.0,2026-03-27 16:00:00
TXN002963,ACC_NORMAL_590,ACC_NORMAL_484,1126.0,2026-03-31 18:00:00
TXN002964,ACC_NORMAL_673,ACC_NORMAL_595,174.0,2026-05-06 18:00:00
TXN002965,ACC_NORMAL_836,ACC_NORMAL_941,3434.0,2026-07-11 15:00:00
TXN002966,ACC_NORMAL_672,ACC_NORMAL_453,6858.0,2026-06-28 15:00:00
TXN002967,ACC_NORMAL_190,ACC_NORMAL_320,7905.0,2026-03-12 23:00:00
TXN002968,ACC_NORMAL_229,ACC_NORMAL_886,7760.0,2026-04-06 10:00:00
TXN002969,ACC_NORMAL_231,ACC_NORMAL_928,5520.0,2026-03-13 10:00:00
TXN002970,ACC_NORMAL_650,ACC_NORMAL_475,8828.0,2026-06-29 06:00:00
TXN002971,ACC_NORMAL_918,ACC_NORMAL_994,8477.0,2026-07-01 17:00:00
TXN002972,ACC_NORMAL_188,ACC_NORMAL_89,4223.0,2026-04-26 22:00:00
TXN002973,ACC_NORMAL_682,ACC_NORMAL_935,5353.0,2026-04-18 21:00:00
TXN002974,ACC_NORMAL_575,ACC_NORMAL_193,1448.0,2026-07-20 18:00:00
TXN002975,ACC_NORMAL_798,ACC_NORMAL_741,9014.0,2026-07-06 15:00:00
TXN002976,ACC_NORMAL_551,ACC_NORMAL_722,950.0,2026-03-09 02:00:00
TXN002977,ACC_NORMAL_336,ACC_NORMAL_166,9489.0,2026-03-15 00:00:00
TXN002978,ACC_NORMAL_55,ACC_NORMAL_497,4439.0,2026-06-07 18:00:00
TXN002979,ACC_NORMAL_197,ACC_NORMAL_826,2245.0,2026-04-17 20:00:00
TXN002980,ACC_NORMAL_18,ACC_NORMAL_978,184.0,2026-05-04 06:00:00
TXN002981,ACC_NORMAL_733,ACC_NORMAL_928,3355.0,2026-03-30 00:00:00
TXN002982,ACC_NORMAL_792,ACC_NORMAL_502,9149.0,2026-03-05 09:00:00
TXN002983,ACC_NORMAL_324,ACC_NORMAL_816,2748.0,2026-05-16 05:00:00
TXN002984,ACC_NORMAL_153,ACC_NORMAL_769,2844.0,2026-07-02 09:00:00
TXN002985,ACC_NORMAL_809,ACC_NORMAL_393,6221.0,2026-05-26 20:00:00
TXN002986,ACC_NORMAL_853,ACC_NORMAL_859,2917.0,2026-05-06 15:00:00
TXN002987,ACC_NORMAL_289,ACC_NORMAL_212,8385.0,2026-07-28 07:00:00
TXN002988,ACC_NORMAL_908,ACC_NORMAL_338,6846.0,2026-07-15 18:00:00
TXN002989,ACC_NORMAL_337,ACC_NORMAL_232,1773.0,2026-07-04 16:00:00
TXN002990,ACC_NORMAL_539,ACC_NORMAL_628,4580.0,2026-07-11 03:00:00
TXN002991,ACC_NORMAL_807,ACC_NORMAL_611,4631.0,2026-05-14 17:00:00
TXN002992,ACC_NORMAL_688,ACC_NORMAL_907,9092.0,2026-04-05 15:00:00
TXN002993,ACC_NORMAL_795,ACC_NORMAL_529,7401.0,2026-03-12 04:00:00
TXN002994,ACC_NORMAL_199,ACC_NORMAL_63,2772.0,2026-07-02 17:00:00
TXN002995,ACC_NORMAL_756,ACC_NORMAL_183,3617.0,2026-06-16 18:00:00
TXN002996,ACC_NORMAL_418,ACC_NORMAL_40,8568.0,2026-06-14 13:00:00
TXN002997,ACC_NORMAL_349,ACC_NORMAL_206,3291.0,2026-04-15 18:00:00
TXN002998,ACC_NORMAL_974,ACC_NORMAL_482,7511.0,2026-06-22 16:00:00
TXN002999,ACC_NORMAL_528,ACC_NORMAL_44,8855.0,2026-07-19 00:00:00
TXN003000,ACC_NORMAL_497,ACC_NORMAL_387,3231.0,2026-04-23 03:00:00
TXN003001,ACC_NORMAL_54,ACC_NORMAL_395,5504.0,2026-07-23 13:00:00
TXN003002,ACC_NORMAL_472,ACC_NORMAL_135,9012.0,2026-06-30 22:00:00
TXN003003,ACC_NORMAL_349,ACC_NORMAL_947,8872.0,2026-07-27 08:00:00
TXN003004,ACC_NORMAL_216,ACC_NORMAL_626,5765.0,2026-06-08 06:00:00
TXN003005,ACC_NORMAL_728,ACC_NORMAL_442,3077.0,2026-05-14 15:00:00
TXN003006,ACC_NORMAL_260,ACC_NORMAL_973,8827.0,2026-07-16 14:00:00
TXN003007,ACC_NORMAL_813,ACC_NORMAL_945,1170.0,2026-06-21 06:00:00
TXN003008,ACC_NORMAL_585,ACC_NORMAL_755,6971.0,2026-04-22 13:00:00
TXN003009,ACC_NORMAL_295,ACC_NORMAL_224,7571.0,2026-05-02 06:00:00
TXN003010,ACC_NORMAL_384,ACC_NORMAL_318,2094.0,2026-07-11 03:00:00
TXN003011,ACC_NORMAL_37,ACC_NORMAL_337,2097.0,2026-06-08 22:00:00
TXN003012,ACC_NORMAL_742,ACC_NORMAL_689,1910.0,2026-05-27 18:00:00
TXN003013,ACC_NORMAL_551,ACC_NORMAL_355,1967.0,2026-04-04 04:00:00
TXN003014,ACC_NORMAL_134,ACC_NORMAL_419,1879.0,2026-06-23 07:00:00
TXN003015,ACC_NORMAL_346,ACC_NORMAL_264,7013.0,2026-07-06 05:00:00
TXN003016,ACC_NORMAL_602,ACC_NORMAL_167,2142.0,2026-07-13 19:00:00
TXN003017,ACC_NORMAL_871,ACC_NORMAL_330,8515.0,2026-03-22 13:00:00
TXN003018,ACC_NORMAL_132,ACC_NORMAL_457,9023.0,2026-06-07 08:00:00
TXN003019,ACC_NORMAL_396,ACC_NORMAL_621,7039.0,2026-03-23 20:00:00
TXN003020,ACC_NORMAL_161,ACC_NORMAL_674,6431.0,2026-05-13 05:00:00
TXN003021,ACC_NORMAL_813,ACC_NORMAL_890,1007.0,2026-05-28 09:00:00
TXN003022,ACC_NORMAL_941,ACC_NORMAL_908,2250.0,2026-05-04 05:00:00
TXN003023,ACC_NORMAL_829,ACC_NORMAL_73,5495.0,2026-07-21 10:00:00
TXN003024,ACC_NORMAL_454,ACC_NORMAL_7,5750.0,2026-06-27 22:00:00
TXN003025,ACC_NORMAL_778,ACC_NORMAL_674,1978.0,2026-06-24 13:00:00
TXN003026,ACC_NORMAL_940,ACC_NORMAL_876,8411.0,2026-04-20 04:00:00
TXN003027,ACC_NORMAL_815,ACC_NORMAL_448,525.0,2026-04-26 18:00:00
TXN003028,ACC_NORMAL_934,ACC_NORMAL_643,491.0,2026-06-30 03:00:00
TXN003029,ACC_NORMAL_491,ACC_NORMAL_575,723.0,2026-06-04 11:00:00
TXN003030,ACC_NORMAL_305,ACC_NORMAL_626,1648.0,2026-04-17 18:00:00
TXN003031,ACC_NORMAL_442,ACC_NORMAL_566,5660.0,2026-03-07 13:00:00
TXN003032,ACC_NORMAL_831,ACC_NORMAL_141,9614.0,2026-04-22 02:00:00
TXN003033,ACC_NORMAL_571,ACC_NORMAL_154,9792.0,2026-04-13 00:00:00
TXN003034,ACC_NORMAL_951,ACC_NORMAL_281,3744.0,2026-07-04 11:00:00
TXN003035,ACC_NORMAL_605,ACC_NORMAL_699,9620.0,2026-03-11 08:00:00
TXN003036,ACC_NORMAL_882,ACC_NORMAL_165,5567.0,2026-05-13 05:00:00
TXN003037,ACC_NORMAL_233,ACC_NORMAL_939,5848.0,2026-03-26 03:00:00
TXN003038,ACC_NORMAL_829,ACC_NORMAL_949,9864.0,2026-03-28 15:00:00
TXN003039,ACC_NORMAL_110,ACC_NORMAL_930,4486.0,2026-04-13 22:00:00
TXN003040,ACC_NORMAL_760,ACC_NORMAL_475,6770.0,2026-05-12 04:00:00
TXN003041,ACC_NORMAL_873,ACC_NORMAL_967,2708.0,2026-07-14 17:00:00
TXN003042,ACC_NORMAL_846,ACC_NORMAL_328,4349.0,2026-05-24 01:00:00
TXN003043,ACC_NORMAL_398,ACC_NORMAL_945,7875.0,2026-05-17 13:00:00
TXN003044,ACC_NORMAL_869,ACC_NORMAL_331,8978.0,2026-03-08 16:00:00
TXN003045,ACC_NORMAL_253,ACC_NORMAL_360,3282.0,2026-07-26 03:00:00
TXN003046,ACC_NORMAL_874,ACC_NORMAL_148,5925.0,2026-04-13 06:00:00
TXN003047,ACC_NORMAL_39,ACC_NORMAL_513,1103.0,2026-04-05 17:00:00
TXN003048,ACC_NORMAL_230,ACC_NORMAL_913,2507.0,2026-03-06 04:00:00
TXN003049,ACC_NORMAL_221,ACC_NORMAL_317,3935.0,2026-03-12 00:00:00
TXN003050,ACC_NORMAL_854,ACC_NORMAL_8,3915.0,2026-03-27 16:00:00
TXN003051,ACC_NORMAL_669,ACC_NORMAL_575,6475.0,2026-07-02 03:00:00
TXN003052,ACC_NORMAL_547,ACC_NORMAL_640,8628.0,2026-07-26 22:00:00
TXN003053,ACC_NORMAL_122,ACC_NORMAL_780,6119.0,2026-05-04 05:00:00
TXN003054,ACC_NORMAL_919,ACC_NORMAL_97,4287.0,2026-04-06 17:00:00
TXN003055,ACC_NORMAL_415,ACC_NORMAL_332,7273.0,2026-03-05 11:00:00
TXN003056,ACC_NORMAL_692,ACC_NORMAL_613,6469.0,2026-05-18 10:00:00
TXN003057,ACC_NORMAL_33,ACC_NORMAL_517,6016.0,2026-03-11 18:00:00
TXN003058,ACC_NORMAL_953,ACC_NORMAL_315,3910.0,2026-04-28 16:00:00
TXN003059,ACC_NORMAL_633,ACC_NORMAL_297,2700.0,2026-05-03 01:00:00
TXN003060,ACC_NORMAL_809,ACC_NORMAL_146,7802.0,2026-07-24 23:00:00
TXN003061,ACC_NORMAL_336,ACC_NORMAL_702,509.0,2026-04-16 19:00:00
TXN003062,ACC_NORMAL_735,ACC_NORMAL_263,8671.0,2026-03-31 22:00:00
TXN003063,ACC_NORMAL_220,ACC_NORMAL_867,8744.0,2026-05-30 09:00:00
TXN003064,ACC_NORMAL_304,ACC_NORMAL_964,9440.0,2026-03-21 23:00:00
TXN003065,ACC_NORMAL_993,ACC_NORMAL_88,7362.0,2026-06-27 10:00:00
TXN003066,ACC_NORMAL_871,ACC_NORMAL_285,3137.0,2026-07-20 05:00:00
TXN003067,ACC_NORMAL_696,ACC_NORMAL_385,9883.0,2026-06-09 23:00:00
TXN003068,ACC_NORMAL_111,ACC_NORMAL_814,4221.0,2026-06-06 09:00:00
TXN003069,ACC_NORMAL_760,ACC_NORMAL_547,5558.0,2026-03-19 18:00:00
TXN003070,ACC_NORMAL_429,ACC_NORMAL_772,8921.0,2026-06-02 22:00:00
TXN003071,ACC_NORMAL_906,ACC_NORMAL_363,1311.0,2026-05-30 17:00:00
TXN003072,ACC_NORMAL_855,ACC_NORMAL_964,336.0,2026-06-20 04:00:00
TXN003073,ACC_NORMAL_897,ACC_NORMAL_315,5680.0,2026-06-29 05:00:00
TXN003074,ACC_NORMAL_86,ACC_NORMAL_902,9373.0,2026-04-23 18:00:00
TXN003075,ACC_NORMAL_715,ACC_NORMAL_848,9680.0,2026-03-21 22:00:00
TXN003076,ACC_NORMAL_185,ACC_NORMAL_523,8240.0,2026-06-14 09:00:00
TXN003077,ACC_NORMAL_164,ACC_NORMAL_91,3906.0,2026-06-14 14:00:00
TXN003078,ACC_NORMAL_294,ACC_NORMAL_641,8790.0,2026-07-05 05:00:00
TXN003079,ACC_NORMAL_246,ACC_NORMAL_174,5010.0,2026-06-27 12:00:00
TXN003080,ACC_NORMAL_655,ACC_NORMAL_7,8843.0,2026-04-25 22:00:00
TXN003081,ACC_NORMAL_655,ACC_NORMAL_418,9720.0,2026-07-24 19:00:00
TXN003082,ACC_NORMAL_151,ACC_NORMAL_990,398.0,2026-03-13 03:00:00
TXN003083,ACC_NORMAL_679,ACC_NORMAL_865,3531.0,2026-06-15 12:00:00
TXN003084,ACC_NORMAL_805,ACC_NORMAL_521,1443.0,2026-05-06 07:00:00
TXN003085,ACC_NORMAL_202,ACC_NORMAL_567,1802.0,2026-03-28 21:00:00
TXN003086,ACC_NORMAL_887,ACC_NORMAL_687,9664.0,2026-07-15 11:00:00
TXN003087,ACC_NORMAL_782,ACC_NORMAL_161,3223.0,2026-06-02 23:00:00
TXN003088,ACC_NORMAL_266,ACC_NORMAL_332,1313.0,2026-06-14 22:00:00
TXN003089,ACC_NORMAL_221,ACC_NORMAL_501,9354.0,2026-06-13 09:00:00
TXN003090,ACC_NORMAL_656,ACC_NORMAL_396,4680.0,2026-07-24 14:00:00
TXN003091,ACC_NORMAL_932,ACC_NORMAL_401,9436.0,2026-03-07 21:00:00
TXN003092,ACC_NORMAL_312,ACC_NORMAL_197,1396.0,2026-07-19 07:00:00
TXN003093,ACC_NORMAL_479,ACC_NORMAL_45,9157.0,2026-05-23 01:00:00
TXN003094,ACC_NORMAL_411,ACC_NORMAL_34,2053.0,2026-03-23 01:00:00
TXN003095,ACC_NORMAL_116,ACC_NORMAL_55,8418.0,2026-05-04 23:00:00
TXN003096,ACC_NORMAL_704,ACC_NORMAL_644,8635.0,2026-03-22 03:00:00
TXN003097,ACC_NORMAL_256,ACC_NORMAL_223,580.0,2026-06-23 04:00:00
TXN003098,ACC_NORMAL_458,ACC_NORMAL_832,1966.0,2026-03-17 20:00:00
TXN003099,ACC_NORMAL_24,ACC_NORMAL_860,705.0,2026-03-05 14:00:00
TXN003100,ACC_NORMAL_361,ACC_NORMAL_652,2160.0,2026-03-06 12:00:00
TXN003101,ACC_NORMAL_561,ACC_NORMAL_912,6970.0,2026-03-20 07:00:00
TXN003102,ACC_NORMAL_912,ACC_NORMAL_665,1064.0,2026-07-19 20:00:00
TXN003103,ACC_NORMAL_995,ACC_NORMAL_850,5759.0,2026-06-23 04:00:00
TXN003104,ACC_NORMAL_805,ACC_NORMAL_494,4161.0,2026-05-22 01:00:00
TXN003105,ACC_NORMAL_858,ACC_NORMAL_526,9448.0,2026-04-21 01:00:00
TXN003106,ACC_NORMAL_78,ACC_NORMAL_954,2613.0,2026-07-27 11:00:00
TXN003107,ACC_NORMAL_173,ACC_NORMAL_58,2663.0,2026-07-19 09:00:00
TXN003108,ACC_NORMAL_108,ACC_NORMAL_332,4332.0,2026-04-20 03:00:00
TXN003109,ACC_NORMAL_844,ACC_NORMAL_362,2255.0,2026-05-04 04:00:00
TXN003110,ACC_NORMAL_398,ACC_NORMAL_743,5487.0,2026-05-05 16:00:00
TXN003111,ACC_NORMAL_80,ACC_NORMAL_346,9342.0,2026-03-05 23:00:00
TXN003112,ACC_NORMAL_699,ACC_NORMAL_974,4992.0,2026-07-15 14:00:00
TXN003113,ACC_NORMAL_803,ACC_NORMAL_914,8114.0,2026-07-18 04:00:00
TXN003114,ACC_NORMAL_540,ACC_NORMAL_782,4117.0,2026-07-06 00:00:00
TXN003115,ACC_NORMAL_313,ACC_NORMAL_447,4354.0,2026-04-24 12:00:00
TXN003116,ACC_NORMAL_633,ACC_NORMAL_887,6561.0,2026-07-05 14:00:00
TXN003117,ACC_NORMAL_604,ACC_NORMAL_995,5695.0,2026-05-23 20:00:00
TXN003118,ACC_NORMAL_93,ACC_NORMAL_412,3882.0,2026-03-19 18:00:00
TXN003119,ACC_NORMAL_313,ACC_NORMAL_156,1003.0,2026-04-22 10:00:00
TXN003120,ACC_NORMAL_315,ACC_NORMAL_901,6249.0,2026-06-27 00:00:00
TXN003121,ACC_NORMAL_117,ACC_NORMAL_772,6568.0,2026-05-26 07:00:00
TXN003122,ACC_NORMAL_349,ACC_NORMAL_658,3888.0,2026-06-16 12:00:00
TXN003123,ACC_NORMAL_792,ACC_NORMAL_31,1434.0,2026-07-20 14:00:00
TXN003124,ACC_NORMAL_258,ACC_NORMAL_846,7104.0,2026-06-12 10:00:00
TXN003125,ACC_NORMAL_181,ACC_NORMAL_78,4146.0,2026-05-02 19:00:00
TXN003126,ACC_NORMAL_471,ACC_NORMAL_741,4657.0,2026-04-23 07:00:00
TXN003127,ACC_NORMAL_763,ACC_NORMAL_762,8755.0,2026-05-10 17:00:00
TXN003128,ACC_NORMAL_387,ACC_NORMAL_250,3959.0,2026-04-07 20:00:00
TXN003129,ACC_NORMAL_125,ACC_NORMAL_805,3223.0,2026-05-06 04:00:00
TXN003130,ACC_NORMAL_747,ACC_NORMAL_405,8734.0,2026-04-12 12:00:00
TXN003131,ACC_NORMAL_414,ACC_NORMAL_524,1504.0,2026-07-14 13:00:00
TXN003132,ACC_NORMAL_976,ACC_NORMAL_160,1908.0,2026-06-23 08:00:00
TXN003133,ACC_NORMAL_493,ACC_NORMAL_876,7838.0,2026-05-04 08:00:00
TXN003134,ACC_NORMAL_320,ACC_NORMAL_347,1017.0,2026-06-14 22:00:00
TXN003135,ACC_NORMAL_825,ACC_NORMAL_38,3519.0,2026-05-20 11:00:00
TXN003136,ACC_NORMAL_450,ACC_NORMAL_887,4405.0,2026-07-17 07:00:00
TXN003137,ACC_NORMAL_529,ACC_NORMAL_457,545.0,2026-05-30 17:00:00
TXN003138,ACC_NORMAL_295,ACC_NORMAL_613,2745.0,2026-06-28 16:00:00
TXN003139,ACC_NORMAL_992,ACC_NORMAL_142,9228.0,2026-03-21 18:00:00
TXN003140,ACC_NORMAL_737,ACC_NORMAL_243,5366.0,2026-06-09 18:00:00
TXN003141,ACC_NORMAL_963,ACC_NORMAL_474,957.0,2026-07-28 00:00:00
TXN003142,ACC_NORMAL_666,ACC_NORMAL_667,8766.0,2026-04-01 06:00:00
TXN003143,ACC_NORMAL_683,ACC_NORMAL_588,5713.0,2026-03-21 14:00:00
TXN003144,ACC_NORMAL_771,ACC_NORMAL_31,2094.0,2026-07-24 13:00:00
TXN003145,ACC_NORMAL_247,ACC_NORMAL_992,5716.0,2026-04-11 17:00:00
TXN003146,ACC_NORMAL_659,ACC_NORMAL_471,9220.0,2026-04-27 15:00:00
TXN003147,ACC_NORMAL_88,ACC_NORMAL_145,8789.0,2026-07-08 05:00:00
TXN003148,ACC_NORMAL_281,ACC_NORMAL_557,3327.0,2026-07-17 11:00:00
TXN003149,ACC_NORMAL_802,ACC_NORMAL_881,6096.0,2026-05-11 12:00:00
TXN003150,ACC_NORMAL_531,ACC_NORMAL_329,4479.0,2026-05-13 23:00:00
TXN003151,ACC_NORMAL_957,ACC_NORMAL_796,8347.0,2026-06-13 14:00:00
TXN003152,ACC_NORMAL_563,ACC_NORMAL_850,7238.0,2026-06-26 09:00:00
TXN003153,ACC_NORMAL_185,ACC_NORMAL_465,5176.0,2026-04-26 23:00:00
TXN003154,ACC_NORMAL_295,ACC_NORMAL_783,1835.0,2026-06-12 09:00:00
TXN003155,ACC_NORMAL_513,ACC_NORMAL_329,4410.0,2026-07-04 07:00:00
TXN003156,ACC_NORMAL_963,ACC_NORMAL_579,3007.0,2026-05-13 14:00:00
TXN003157,ACC_NORMAL_468,ACC_NORMAL_394,5992.0,2026-06-19 08:00:00
TXN003158,ACC_NORMAL_314,ACC_NORMAL_715,4208.0,2026-03-23 19:00:00
TXN003159,ACC_NORMAL_502,ACC_NORMAL_63,3117.0,2026-04-19 20:00:00
TXN003160,ACC_NORMAL_448,ACC_NORMAL_649,1322.0,2026-04-19 03:00:00
TXN003161,ACC_NORMAL_444,ACC_NORMAL_785,939.0,2026-04-04 02:00:00
TXN003162,ACC_NORMAL_285,ACC_NORMAL_803,3165.0,2026-05-17 06:00:00
TXN003163,ACC_NORMAL_299,ACC_NORMAL_337,4436.0,2026-05-11 21:00:00
TXN003164,ACC_NORMAL_13,ACC_NORMAL_418,1919.0,2026-04-30 23:00:00
TXN003165,ACC_NORMAL_133,ACC_NORMAL_601,1574.0,2026-07-25 12:00:00
TXN003166,ACC_NORMAL_994,ACC_NORMAL_35,7548.0,2026-03-13 19:00:00
TXN003167,ACC_NORMAL_993,ACC_NORMAL_642,8066.0,2026-03-19 15:00:00
TXN003168,ACC_NORMAL_732,ACC_NORMAL_4,5823.0,2026-03-10 14:00:00
TXN003169,ACC_NORMAL_2,ACC_NORMAL_567,7303.0,2026-03-21 03:00:00
TXN003170,ACC_NORMAL_915,ACC_NORMAL_576,6591.0,2026-03-29 17:00:00
TXN003171,ACC_NORMAL_749,ACC_NORMAL_875,3100.0,2026-06-25 12:00:00
TXN003172,ACC_NORMAL_314,ACC_NORMAL_402,7373.0,2026-04-09 09:00:00
TXN003173,ACC_NORMAL_784,ACC_NORMAL_661,3174.0,2026-07-16 07:00:00
TXN003174,ACC_NORMAL_932,ACC_NORMAL_351,9370.0,2026-05-03 02:00:00
TXN003175,ACC_NORMAL_717,ACC_NORMAL_698,6797.0,2026-05-01 23:00:00
TXN003176,ACC_NORMAL_417,ACC_NORMAL_962,255.0,2026-04-05 18:00:00
TXN003177,ACC_NORMAL_879,ACC_NORMAL_281,5218.0,2026-03-31 05:00:00
TXN003178,ACC_NORMAL_932,ACC_NORMAL_218,4300.0,2026-05-12 18:00:00
TXN003179,ACC_NORMAL_113,ACC_NORMAL_846,4123.0,2026-04-20 08:00:00
TXN003180,ACC_NORMAL_764,ACC_NORMAL_712,2909.0,2026-06-17 08:00:00
TXN003181,ACC_NORMAL_909,ACC_NORMAL_18,3632.0,2026-05-01 22:00:00
TXN003182,ACC_NORMAL_521,ACC_NORMAL_525,9139.0,2026-04-12 08:00:00
TXN003183,ACC_NORMAL_266,ACC_NORMAL_379,1435.0,2026-07-26 16:00:00
TXN003184,ACC_NORMAL_777,ACC_NORMAL_636,3157.0,2026-04-10 11:00:00
TXN003185,ACC_NORMAL_340,ACC_NORMAL_373,6032.0,2026-03-16 11:00:00
TXN003186,ACC_NORMAL_675,ACC_NORMAL_995,643.0,2026-04-24 14:00:00
TXN003187,ACC_NORMAL_568,ACC_NORMAL_210,7921.0,2026-07-15 04:00:00
TXN003188,ACC_NORMAL_131,ACC_NORMAL_157,2557.0,2026-04-18 14:00:00
TXN003189,ACC_NORMAL_392,ACC_NORMAL_8,7335.0,2026-03-16 00:00:00
TXN003190,ACC_NORMAL_994,ACC_NORMAL_562,6510.0,2026-05-17 16:00:00
TXN003191,ACC_NORMAL_413,ACC_NORMAL_610,5381.0,2026-04-13 01:00:00
TXN003192,ACC_NORMAL_604,ACC_NORMAL_881,6262.0,2026-06-03 23:00:00
TXN003193,ACC_NORMAL_477,ACC_NORMAL_71,5917.0,2026-06-28 20:00:00
TXN003194,ACC_NORMAL_307,ACC_NORMAL_95,781.0,2026-06-27 11:00:00
TXN003195,ACC_NORMAL_227,ACC_NORMAL_268,9994.0,2026-03-31 21:00:00
TXN003196,ACC_NORMAL_121,ACC_NORMAL_76,9783.0,2026-05-31 23:00:00
TXN003197,ACC_NORMAL_72,ACC_NORMAL_8,2544.0,2026-07-09 09:00:00
TXN003198,ACC_NORMAL_321,ACC_NORMAL_73,9618.0,2026-03-11 17:00:00
TXN003199,ACC_NORMAL_851,ACC_NORMAL_479,5794.0,2026-05-02 19:00:00
TXN003200,ACC_NORMAL_326,ACC_NORMAL_395,8923.0,2026-05-15 20:00:00
TXN003201,ACC_NORMAL_138,ACC_NORMAL_124,3227.0,2026-03-08 12:00:00
TXN003202,ACC_NORMAL_278,ACC_NORMAL_535,415.0,2026-06-17 16:00:00
TXN003203,ACC_NORMAL_799,ACC_NORMAL_710,3600.0,2026-06-02 13:00:00
TXN003204,ACC_NORMAL_998,ACC_NORMAL_409,5486.0,2026-05-24 11:00:00
TXN003205,ACC_NORMAL_395,ACC_NORMAL_435,8718.0,2026-07-21 20:00:00
TXN003206,ACC_NORMAL_260,ACC_NORMAL_240,7698.0,2026-03-31 02:00:00
TXN003207,ACC_NORMAL_738,ACC_NORMAL_379,4640.0,2026-07-01 13:00:00
TXN003208,ACC_NORMAL_519,ACC_NORMAL_246,9856.0,2026-07-19 08:00:00
TXN003209,ACC_NORMAL_321,ACC_NORMAL_148,4098.0,2026-07-04 05:00:00
TXN003210,ACC_NORMAL_915,ACC_NORMAL_71,4902.0,2026-04-01 21:00:00
TXN003211,ACC_NORMAL_837,ACC_NORMAL_129,6833.0,2026-05-30 18:00:00
TXN003212,ACC_NORMAL_849,ACC_NORMAL_360,2564.0,2026-05-28 12:00:00
TXN003213,ACC_NORMAL_724,ACC_NORMAL_322,6590.0,2026-05-07 14:00:00
TXN003214,ACC_NORMAL_508,ACC_NORMAL_444,9988.0,2026-07-27 15:00:00
TXN003215,ACC_NORMAL_155,ACC_NORMAL_914,2518.0,2026-03-14 21:00:00
TXN003216,ACC_NORMAL_567,ACC_NORMAL_23,8722.0,2026-05-03 02:00:00
TXN003217,ACC_NORMAL_673,ACC_NORMAL_360,679.0,2026-04-12 00:00:00
TXN003218,ACC_NORMAL_499,ACC_NORMAL_808,1968.0,2026-07-01 14:00:00
TXN003219,ACC_NORMAL_273,ACC_NORMAL_968,1964.0,2026-07-18 05:00:00
TXN003220,ACC_NORMAL_33,ACC_NORMAL_655,7727.0,2026-04-06 09:00:00
TXN003221,ACC_NORMAL_220,ACC_NORMAL_845,2940.0,2026-06-25 05:00:00
TXN003222,ACC_NORMAL_593,ACC_NORMAL_77,7393.0,2026-04-24 15:00:00
TXN003223,ACC_NORMAL_115,ACC_NORMAL_481,9986.0,2026-06-05 19:00:00
TXN003224,ACC_NORMAL_648,ACC_NORMAL_767,6045.0,2026-04-07 02:00:00
TXN003225,ACC_NORMAL_68,ACC_NORMAL_37,4646.0,2026-06-02 07:00:00
TXN003226,ACC_NORMAL_291,ACC_NORMAL_506,8860.0,2026-04-30 16:00:00
TXN003227,ACC_NORMAL_941,ACC_NORMAL_840,4429.0,2026-04-28 10:00:00
TXN003228,ACC_NORMAL_613,ACC_NORMAL_684,6395.0,2026-07-13 04:00:00
TXN003229,ACC_NORMAL_523,ACC_NORMAL_779,4085.0,2026-07-27 15:00:00
TXN003230,ACC_NORMAL_209,ACC_NORMAL_60,3839.0,2026-04-16 20:00:00
TXN003231,ACC_NORMAL_934,ACC_NORMAL_877,5488.0,2026-06-10 22:00:00
TXN003232,ACC_NORMAL_964,ACC_NORMAL_742,5696.0,2026-04-30 10:00:00
TXN003233,ACC_NORMAL_57,ACC_NORMAL_543,1537.0,2026-03-13 03:00:00
TXN003234,ACC_NORMAL_806,ACC_NORMAL_528,8522.0,2026-05-05 00:00:00
TXN003235,ACC_NORMAL_701,ACC_NORMAL_821,1916.0,2026-05-31 22:00:00
TXN003236,ACC_NORMAL_747,ACC_NORMAL_788,6501.0,2026-04-28 03:00:00
TXN003237,ACC_NORMAL_976,ACC_NORMAL_931,8464.0,2026-05-09 23:00:00
TXN003238,ACC_NORMAL_461,ACC_NORMAL_493,5669.0,2026-04-10 08:00:00
TXN003239,ACC_NORMAL_774,ACC_NORMAL_6,8375.0,2026-04-17 07:00:00
TXN003240,ACC_NORMAL_547,ACC_NORMAL_685,2083.0,2026-06-13 18:00:00
TXN003241,ACC_NORMAL_486,ACC_NORMAL_7,9703.0,2026-03-27 21:00:00
TXN003242,ACC_NORMAL_850,ACC_NORMAL_274,3888.0,2026-05-28 21:00:00
TXN003243,ACC_NORMAL_808,ACC_NORMAL_487,4114.0,2026-05-21 04:00:00
TXN003244,ACC_NORMAL_81,ACC_NORMAL_628,6405.0,2026-05-22 23:00:00
TXN003245,ACC_NORMAL_932,ACC_NORMAL_920,7523.0,2026-04-23 13:00:00
TXN003246,ACC_NORMAL_263,ACC_NORMAL_939,8595.0,2026-07-06 07:00:00
TXN003247,ACC_NORMAL_318,ACC_NORMAL_472,1075.0,2026-03-19 21:00:00
TXN003248,ACC_NORMAL_142,ACC_NORMAL_194,2752.0,2026-04-23 14:00:00
TXN003249,ACC_NORMAL_831,ACC_NORMAL_511,2505.0,2026-05-17 16:00:00
TXN003250,ACC_NORMAL_472,ACC_NORMAL_516,1023.0,2026-07-10 18:00:00
TXN003251,ACC_NORMAL_523,ACC_NORMAL_391,7064.0,2026-05-28 22:00:00
TXN003252,ACC_NORMAL_428,ACC_NORMAL_467,599.0,2026-04-28 02:00:00
TXN003253,ACC_NORMAL_118,ACC_NORMAL_332,8389.0,2026-07-03 05:00:00
TXN003254,ACC_NORMAL_378,ACC_NORMAL_307,1243.0,2026-07-07 20:00:00
TXN003255,ACC_NORMAL_827,ACC_NORMAL_540,7529.0,2026-03-05 06:00:00
TXN003256,ACC_NORMAL_52,ACC_NORMAL_576,3868.0,2026-04-15 09:00:00
TXN003257,ACC_NORMAL_503,ACC_NORMAL_588,6635.0,2026-07-19 06:00:00
TXN003258,ACC_NORMAL_849,ACC_NORMAL_980,9101.0,2026-03-18 01:00:00
TXN003259,ACC_NORMAL_901,ACC_NORMAL_537,4744.0,2026-05-30 17:00:00
TXN003260,ACC_NORMAL_624,ACC_NORMAL_368,6658.0,2026-04-21 07:00:00
TXN003261,ACC_NORMAL_157,ACC_NORMAL_647,5323.0,2026-07-12 05:00:00
TXN003262,ACC_NORMAL_63,ACC_NORMAL_843,7337.0,2026-05-28 20:00:00
TXN003263,ACC_NORMAL_778,ACC_NORMAL_815,3306.0,2026-03-14 21:00:00
TXN003264,ACC_NORMAL_885,ACC_NORMAL_780,3195.0,2026-05-16 13:00:00
TXN003265,ACC_NORMAL_76,ACC_NORMAL_953,2370.0,2026-05-18 22:00:00
TXN003266,ACC_NORMAL_967,ACC_NORMAL_646,651.0,2026-04-06 03:00:00
TXN003267,ACC_NORMAL_617,ACC_NORMAL_248,8037.0,2026-06-13 20:00:00
TXN003268,ACC_NORMAL_163,ACC_NORMAL_231,9779.0,2026-06-22 12:00:00
TXN003269,ACC_NORMAL_489,ACC_NORMAL_725,3330.0,2026-06-04 02:00:00
TXN003270,ACC_NORMAL_739,ACC_NORMAL_716,1031.0,2026-03-15 15:00:00
TXN003271,ACC_NORMAL_808,ACC_NORMAL_925,4741.0,2026-07-23 14:00:00
TXN003272,ACC_NORMAL_325,ACC_NORMAL_424,9983.0,2026-06-17 04:00:00
TXN003273,ACC_NORMAL_618,ACC_NORMAL_16,5643.0,2026-07-09 12:00:00
TXN003274,ACC_NORMAL_653,ACC_NORMAL_203,9633.0,2026-06-30 09:00:00
TXN003275,ACC_NORMAL_464,ACC_NORMAL_623,1771.0,2026-03-31 02:00:00
TXN003276,ACC_NORMAL_143,ACC_NORMAL_947,171.0,2026-03-16 15:00:00
TXN003277,ACC_NORMAL_83,ACC_NORMAL_223,661.0,2026-05-10 17:00:00
TXN003278,ACC_NORMAL_804,ACC_NORMAL_684,4456.0,2026-06-21 23:00:00
TXN003279,ACC_NORMAL_614,ACC_NORMAL_948,3599.0,2026-07-06 02:00:00
TXN003280,ACC_NORMAL_912,ACC_NORMAL_257,1554.0,2026-04-05 04:00:00
TXN003281,ACC_NORMAL_234,ACC_NORMAL_81,9643.0,2026-04-04 02:00:00
TXN003282,ACC_NORMAL_795,ACC_NORMAL_44,7176.0,2026-05-14 04:00:00
TXN003283,ACC_NORMAL_163,ACC_NORMAL_16,6786.0,2026-03-06 10:00:00
TXN003284,ACC_NORMAL_975,ACC_NORMAL_661,8542.0,2026-05-05 06:00:00
TXN003285,ACC_NORMAL_799,ACC_NORMAL_63,6995.0,2026-03-31 06:00:00
TXN003286,ACC_NORMAL_709,ACC_NORMAL_554,8044.0,2026-06-07 16:00:00
TXN003287,ACC_NORMAL_26,ACC_NORMAL_727,192.0,2026-05-11 00:00:00
TXN003288,ACC_NORMAL_595,ACC_NORMAL_846,9251.0,2026-05-13 00:00:00
TXN003289,ACC_NORMAL_324,ACC_NORMAL_243,425.0,2026-04-29 15:00:00
TXN003290,ACC_NORMAL_919,ACC_NORMAL_137,6592.0,2026-06-30 03:00:00
TXN003291,ACC_NORMAL_445,ACC_NORMAL_513,455.0,2026-07-11 02:00:00
TXN003292,ACC_NORMAL_896,ACC_NORMAL_577,7084.0,2026-07-02 21:00:00
TXN003293,ACC_NORMAL_817,ACC_NORMAL_198,8411.0,2026-05-02 12:00:00
TXN003294,ACC_NORMAL_992,ACC_NORMAL_751,5112.0,2026-03-11 20:00:00
TXN003295,ACC_NORMAL_939,ACC_NORMAL_942,2485.0,2026-06-10 18:00:00
TXN003296,ACC_NORMAL_922,ACC_NORMAL_933,4177.0,2026-04-09 10:00:00
TXN003297,ACC_NORMAL_528,ACC_NORMAL_886,7618.0,2026-06-30 04:00:00
TXN003298,ACC_NORMAL_206,ACC_NORMAL_98,1092.0,2026-03-24 12:00:00
TXN003299,ACC_NORMAL_387,ACC_NORMAL_568,9033.0,2026-04-07 20:00:00
TXN003300,ACC_NORMAL_403,ACC_NORMAL_629,7840.0,2026-03-24 15:00:00
TXN003301,ACC_NORMAL_374,ACC_NORMAL_118,5533.0,2026-03-23 09:00:00
TXN003302,ACC_NORMAL_53,ACC_NORMAL_889,6459.0,2026-04-03 18:00:00
TXN003303,ACC_NORMAL_992,ACC_NORMAL_923,8711.0,2026-03-05 14:00:00
TXN003304,ACC_NORMAL_51,ACC_NORMAL_244,4414.0,2026-03-30 14:00:00
TXN003305,ACC_NORMAL_339,ACC_NORMAL_372,7921.0,2026-05-14 00:00:00
TXN003306,ACC_NORMAL_743,ACC_NORMAL_704,2492.0,2026-03-27 13:00:00
TXN003307,ACC_NORMAL_328,ACC_NORMAL_819,2073.0,2026-05-24 19:00:00
TXN003308,ACC_NORMAL_392,ACC_NORMAL_464,240.0,2026-03-24 07:00:00
TXN003309,ACC_NORMAL_584,ACC_NORMAL_249,9772.0,2026-05-30 12:00:00
TXN003310,ACC_NORMAL_220,ACC_NORMAL_184,1294.0,2026-04-05 06:00:00
TXN003311,ACC_NORMAL_100,ACC_NORMAL_52,8914.0,2026-07-20 13:00:00
TXN003312,ACC_NORMAL_326,ACC_NORMAL_885,8251.0,2026-03-26 01:00:00
TXN003313,ACC_NORMAL_226,ACC_NORMAL_21,4984.0,2026-06-28 12:00:00
TXN003314,ACC_NORMAL_571,ACC_NORMAL_174,4456.0,2026-07-01 14:00:00
TXN003315,ACC_NORMAL_656,ACC_NORMAL_992,3476.0,2026-06-29 06:00:00
TXN003316,ACC_NORMAL_939,ACC_NORMAL_665,6444.0,2026-04-09 06:00:00
TXN003317,ACC_NORMAL_180,ACC_NORMAL_77,4544.0,2026-05-18 02:00:00
TXN003318,ACC_NORMAL_175,ACC_NORMAL_998,5371.0,2026-03-10 19:00:00
TXN003319,ACC_NORMAL_593,ACC_NORMAL_257,4203.0,2026-07-06 23:00:00
TXN003320,ACC_NORMAL_127,ACC_NORMAL_998,8196.0,2026-05-12 00:00:00
TXN003321,ACC_NORMAL_191,ACC_NORMAL_385,2017.0,2026-05-18 04:00:00
TXN003322,ACC_NORMAL_351,ACC_NORMAL_763,250.0,2026-06-04 14:00:00
TXN003323,ACC_NORMAL_103,ACC_NORMAL_92,5552.0,2026-06-08 10:00:00
TXN003324,ACC_NORMAL_560,ACC_NORMAL_961,6287.0,2026-04-25 14:00:00
TXN003325,ACC_NORMAL_926,ACC_NORMAL_609,2645.0,2026-04-24 23:00:00
TXN003326,ACC_NORMAL_789,ACC_NORMAL_751,6082.0,2026-03-28 03:00:00
TXN003327,ACC_NORMAL_91,ACC_NORMAL_717,141.0,2026-05-05 10:00:00
TXN003328,ACC_NORMAL_936,ACC_NORMAL_734,5040.0,2026-05-23 03:00:00
TXN003329,ACC_NORMAL_608,ACC_NORMAL_876,1942.0,2026-04-17 03:00:00
TXN003330,ACC_NORMAL_781,ACC_NORMAL_647,2629.0,2026-07-27 12:00:00
TXN003331,ACC_NORMAL_338,ACC_NORMAL_658,768.0,2026-05-11 23:00:00
TXN003332,ACC_NORMAL_747,ACC_NORMAL_527,1205.0,2026-05-04 10:00:00
TXN003333,ACC_NORMAL_792,ACC_NORMAL_209,7363.0,2026-06-02 01:00:00
TXN003334,ACC_NORMAL_615,ACC_NORMAL_882,3410.0,2026-05-18 22:00:00
TXN003335,ACC_NORMAL_579,ACC_NORMAL_446,3586.0,2026-04-27 01:00:00
TXN003336,ACC_NORMAL_928,ACC_NORMAL_534,3382.0,2026-07-04 04:00:00
TXN003337,ACC_NORMAL_290,ACC_NORMAL_370,3028.0,2026-07-28 05:00:00
TXN003338,ACC_NORMAL_814,ACC_NORMAL_232,7599.0,2026-06-29 05:00:00
TXN003339,ACC_NORMAL_113,ACC_NORMAL_262,4989.0,2026-05-04 12:00:00
TXN003340,ACC_NORMAL_930,ACC_NORMAL_822,9302.0,2026-03-14 13:00:00
TXN003341,ACC_NORMAL_411,ACC_NORMAL_508,9836.0,2026-04-22 19:00:00
TXN003342,ACC_NORMAL_421,ACC_NORMAL_839,2749.0,2026-07-03 19:00:00
TXN003343,ACC_NORMAL_723,ACC_NORMAL_989,4431.0,2026-03-07 20:00:00
TXN003344,ACC_NORMAL_508,ACC_NORMAL_424,9730.0,2026-06-19 07:00:00
TXN003345,ACC_NORMAL_88,ACC_NORMAL_480,6710.0,2026-03-06 15:00:00
TXN003346,ACC_NORMAL_253,ACC_NORMAL_971,3071.0,2026-05-07 11:00:00
TXN003347,ACC_NORMAL_362,ACC_NORMAL_377,8450.0,2026-07-13 07:00:00
TXN003348,ACC_NORMAL_391,ACC_NORMAL_615,4840.0,2026-07-14 14:00:00
TXN003349,ACC_NORMAL_171,ACC_NORMAL_368,8738.0,2026-04-13 09:00:00
TXN003350,ACC_NORMAL_427,ACC_NORMAL_945,4990.0,2026-06-16 13:00:00
TXN003351,ACC_NORMAL_825,ACC_NORMAL_909,3055.0,2026-07-13 05:00:00
TXN003352,ACC_NORMAL_95,ACC_NORMAL_408,3092.0,2026-06-09 13:00:00
TXN003353,ACC_NORMAL_770,ACC_NORMAL_767,371.0,2026-03-24 20:00:00
TXN003354,ACC_NORMAL_124,ACC_NORMAL_613,7084.0,2026-05-18 00:00:00
TXN003355,ACC_NORMAL_353,ACC_NORMAL_435,4076.0,2026-03-21 00:00:00
TXN003356,ACC_NORMAL_290,ACC_NORMAL_491,270.0,2026-03-26 05:00:00
TXN003357,ACC_NORMAL_369,ACC_NORMAL_578,2048.0,2026-03-11 04:00:00
TXN003358,ACC_NORMAL_387,ACC_NORMAL_220,6681.0,2026-05-01 14:00:00
TXN003359,ACC_NORMAL_937,ACC_NORMAL_843,1666.0,2026-03-08 02:00:00
TXN003360,ACC_NORMAL_665,ACC_NORMAL_607,7342.0,2026-07-12 01:00:00
TXN003361,ACC_NORMAL_483,ACC_NORMAL_920,7996.0,2026-07-23 22:00:00
TXN003362,ACC_NORMAL_142,ACC_NORMAL_756,7203.0,2026-04-21 11:00:00
TXN003363,ACC_NORMAL_679,ACC_NORMAL_866,5316.0,2026-07-18 14:00:00
TXN003364,ACC_NORMAL_234,ACC_NORMAL_785,8158.0,2026-05-19 07:00:00
TXN003365,ACC_NORMAL_635,ACC_NORMAL_988,6444.0,2026-05-18 10:00:00
TXN003366,ACC_NORMAL_582,ACC_NORMAL_63,4667.0,2026-03-24 12:00:00
TXN003367,ACC_NORMAL_248,ACC_NORMAL_848,5251.0,2026-07-05 03:00:00
TXN003368,ACC_NORMAL_340,ACC_NORMAL_529,2384.0,2026-05-17 04:00:00
TXN003369,ACC_NORMAL_184,ACC_NORMAL_643,3621.0,2026-03-10 23:00:00
TXN003370,ACC_NORMAL_993,ACC_NORMAL_594,8065.0,2026-03-05 10:00:00
TXN003371,ACC_NORMAL_564,ACC_NORMAL_712,4775.0,2026-07-05 02:00:00
TXN003372,ACC_NORMAL_132,ACC_NORMAL_382,8829.0,2026-03-29 03:00:00
TXN003373,ACC_NORMAL_964,ACC_NORMAL_225,2173.0,2026-03-04 20:00:00
TXN003374,ACC_NORMAL_792,ACC_NORMAL_604,879.0,2026-07-02 22:00:00
TXN003375,ACC_NORMAL_814,ACC_NORMAL_526,5247.0,2026-07-25 15:00:00
TXN003376,ACC_NORMAL_157,ACC_NORMAL_917,4747.0,2026-05-07 16:00:00
TXN003377,ACC_NORMAL_175,ACC_NORMAL_52,3934.0,2026-03-27 18:00:00
TXN003378,ACC_NORMAL_750,ACC_NORMAL_981,5097.0,2026-05-29 16:00:00
TXN003379,ACC_NORMAL_984,ACC_NORMAL_478,9562.0,2026-07-14 21:00:00
TXN003380,ACC_NORMAL_370,ACC_NORMAL_106,6645.0,2026-04-29 09:00:00
TXN003381,ACC_NORMAL_42,ACC_NORMAL_279,7875.0,2026-06-20 05:00:00
TXN003382,ACC_NORMAL_701,ACC_NORMAL_240,2645.0,2026-03-11 08:00:00
TXN003383,ACC_NORMAL_626,ACC_NORMAL_646,2166.0,2026-04-22 14:00:00
TXN003384,ACC_NORMAL_677,ACC_NORMAL_181,9987.0,2026-03-28 04:00:00
TXN003385,ACC_NORMAL_460,ACC_NORMAL_436,3657.0,2026-06-12 03:00:00
TXN003386,ACC_NORMAL_707,ACC_NORMAL_77,4555.0,2026-05-24 11:00:00
TXN003387,ACC_NORMAL_940,ACC_NORMAL_232,3539.0,2026-06-16 09:00:00
TXN003388,ACC_NORMAL_871,ACC_NORMAL_83,2499.0,2026-06-21 13:00:00
TXN003389,ACC_NORMAL_577,ACC_NORMAL_129,2833.0,2026-06-16 22:00:00
TXN003390,ACC_NORMAL_925,ACC_NORMAL_565,798.0,2026-06-15 08:00:00
TXN003391,ACC_NORMAL_372,ACC_NORMAL_70,9171.0,2026-05-06 02:00:00
TXN003392,ACC_NORMAL_80,ACC_NORMAL_11,4107.0,2026-03-25 07:00:00
TXN003393,ACC_NORMAL_580,ACC_NORMAL_91,301.0,2026-07-13 15:00:00
TXN003394,ACC_NORMAL_211,ACC_NORMAL_823,389.0,2026-05-19 17:00:00
TXN003395,ACC_NORMAL_841,ACC_NORMAL_654,6470.0,2026-05-05 20:00:00
TXN003396,ACC_NORMAL_498,ACC_NORMAL_883,3031.0,2026-04-17 06:00:00
TXN003397,ACC_NORMAL_953,ACC_NORMAL_937,7876.0,2026-04-08 14:00:00
TXN003398,ACC_NORMAL_66,ACC_NORMAL_997,3897.0,2026-07-07 05:00:00
TXN003399,ACC_NORMAL_877,ACC_NORMAL_163,6373.0,2026-06-09 23:00:00
TXN003400,ACC_NORMAL_726,ACC_NORMAL_609,366.0,2026-03-21 20:00:00
TXN003401,ACC_NORMAL_653,ACC_NORMAL_169,3794.0,2026-03-09 21:00:00
TXN003402,ACC_NORMAL_690,ACC_NORMAL_600,8050.0,2026-03-08 20:00:00
TXN003403,ACC_NORMAL_441,ACC_NORMAL_589,7915.0,2026-04-08 23:00:00
TXN003404,ACC_NORMAL_481,ACC_NORMAL_626,5535.0,2026-03-30 17:00:00
TXN003405,ACC_NORMAL_488,ACC_NORMAL_250,341.0,2026-03-12 02:00:00
TXN003406,ACC_NORMAL_510,ACC_NORMAL_249,875.0,2026-05-18 15:00:00
TXN003407,ACC_NORMAL_352,ACC_NORMAL_408,4876.0,2026-06-24 03:00:00
TXN003408,ACC_NORMAL_413,ACC_NORMAL_252,2990.0,2026-03-26 16:00:00
TXN003409,ACC_NORMAL_365,ACC_NORMAL_580,3641.0,2026-05-11 09:00:00
TXN003410,ACC_NORMAL_639,ACC_NORMAL_258,1369.0,2026-05-17 05:00:00
TXN003411,ACC_NORMAL_22,ACC_NORMAL_797,2466.0,2026-04-22 10:00:00
TXN003412,ACC_NORMAL_561,ACC_NORMAL_848,6417.0,2026-04-17 02:00:00
TXN003413,ACC_NORMAL_958,ACC_NORMAL_636,5546.0,2026-03-06 12:00:00
TXN003414,ACC_NORMAL_832,ACC_NORMAL_841,9931.0,2026-07-17 01:00:00
TXN003415,ACC_NORMAL_349,ACC_NORMAL_815,9382.0,2026-05-15 10:00:00
TXN003416,ACC_NORMAL_989,ACC_NORMAL_427,6287.0,2026-05-27 20:00:00
TXN003417,ACC_NORMAL_452,ACC_NORMAL_196,1274.0,2026-04-18 17:00:00
TXN003418,ACC_NORMAL_157,ACC_NORMAL_732,322.0,2026-07-17 20:00:00
TXN003419,ACC_NORMAL_481,ACC_NORMAL_161,5140.0,2026-06-28 06:00:00
TXN003420,ACC_NORMAL_287,ACC_NORMAL_357,7659.0,2026-05-23 20:00:00
TXN003421,ACC_NORMAL_442,ACC_NORMAL_586,216.0,2026-06-08 23:00:00
TXN003422,ACC_NORMAL_614,ACC_NORMAL_79,5448.0,2026-04-05 11:00:00
TXN003423,ACC_NORMAL_899,ACC_NORMAL_159,6762.0,2026-07-12 16:00:00
TXN003424,ACC_NORMAL_598,ACC_NORMAL_832,4604.0,2026-04-06 14:00:00
TXN003425,ACC_NORMAL_287,ACC_NORMAL_426,294.0,2026-03-29 15:00:00
TXN003426,ACC_NORMAL_812,ACC_NORMAL_122,9712.0,2026-04-29 16:00:00
TXN003427,ACC_NORMAL_265,ACC_NORMAL_405,4559.0,2026-07-13 08:00:00
TXN003428,ACC_NORMAL_487,ACC_NORMAL_73,2168.0,2026-06-18 16:00:00
TXN003429,ACC_NORMAL_30,ACC_NORMAL_889,5772.0,2026-05-13 10:00:00
TXN003430,ACC_NORMAL_851,ACC_NORMAL_900,6641.0,2026-04-25 09:00:00
TXN003431,ACC_NORMAL_148,ACC_NORMAL_612,9664.0,2026-05-31 15:00:00
TXN003432,ACC_NORMAL_132,ACC_NORMAL_331,4489.0,2026-05-09 03:00:00
TXN003433,ACC_NORMAL_353,ACC_NORMAL_730,9081.0,2026-07-05 04:00:00
TXN003434,ACC_NORMAL_34,ACC_NORMAL_286,3551.0,2026-06-05 13:00:00
TXN003435,ACC_NORMAL_421,ACC_NORMAL_157,4554.0,2026-07-15 03:00:00
TXN003436,ACC_NORMAL_285,ACC_NORMAL_472,7715.0,2026-07-16 13:00:00
TXN003437,ACC_NORMAL_200,ACC_NORMAL_249,8451.0,2026-07-05 15:00:00
TXN003438,ACC_NORMAL_936,ACC_NORMAL_456,4133.0,2026-04-25 06:00:00
TXN003439,ACC_NORMAL_932,ACC_NORMAL_411,2001.0,2026-04-06 09:00:00
TXN003440,ACC_NORMAL_121,ACC_NORMAL_55,3454.0,2026-04-08 01:00:00
TXN003441,ACC_NORMAL_88,ACC_NORMAL_422,4502.0,2026-03-17 02:00:00
TXN003442,ACC_NORMAL_202,ACC_NORMAL_933,6902.0,2026-05-16 04:00:00
TXN003443,ACC_NORMAL_405,ACC_NORMAL_292,4912.0,2026-03-20 15:00:00
TXN003444,ACC_NORMAL_138,ACC_NORMAL_273,6023.0,2026-04-26 19:00:00
TXN003445,ACC_NORMAL_604,ACC_NORMAL_244,3077.0,2026-07-26 05:00:00
TXN003446,ACC_NORMAL_180,ACC_NORMAL_548,4685.0,2026-04-22 05:00:00
TXN003447,ACC_NORMAL_94,ACC_NORMAL_544,7692.0,2026-07-05 17:00:00
TXN003448,ACC_NORMAL_472,ACC_NORMAL_743,366.0,2026-05-04 18:00:00
TXN003449,ACC_NORMAL_390,ACC_NORMAL_222,4460.0,2026-07-08 01:00:00
TXN003450,ACC_NORMAL_751,ACC_NORMAL_736,2392.0,2026-03-16 22:00:00
TXN003451,ACC_NORMAL_132,ACC_NORMAL_406,8847.0,2026-04-24 13:00:00
TXN003452,ACC_NORMAL_168,ACC_NORMAL_272,7508.0,2026-04-28 10:00:00
TXN003453,ACC_NORMAL_940,ACC_NORMAL_702,2728.0,2026-04-27 19:00:00
TXN003454,ACC_NORMAL_125,ACC_NORMAL_57,8163.0,2026-05-29 20:00:00
TXN003455,ACC_NORMAL_985,ACC_NORMAL_612,6541.0,2026-04-29 17:00:00
TXN003456,ACC_NORMAL_310,ACC_NORMAL_3,1794.0,2026-06-19 15:00:00
TXN003457,ACC_NORMAL_559,ACC_NORMAL_792,5624.0,2026-06-16 20:00:00
TXN003458,ACC_NORMAL_580,ACC_NORMAL_646,4640.0,2026-05-05 03:00:00
TXN003459,ACC_NORMAL_46,ACC_NORMAL_418,1660.0,2026-05-24 15:00:00
TXN003460,ACC_NORMAL_577,ACC_NORMAL_425,4477.0,2026-07-12 19:00:00
TXN003461,ACC_NORMAL_446,ACC_NORMAL_539,4176.0,2026-04-10 13:00:00
TXN003462,ACC_NORMAL_114,ACC_NORMAL_726,8649.0,2026-03-17 14:00:00
TXN003463,ACC_NORMAL_993,ACC_NORMAL_451,9524.0,2026-04-06 18:00:00
TXN003464,ACC_NORMAL_473,ACC_NORMAL_21,1739.0,2026-03-25 06:00:00
TXN003465,ACC_NORMAL_627,ACC_NORMAL_504,5979.0,2026-07-12 21:00:00
TXN003466,ACC_NORMAL_66,ACC_NORMAL_487,6982.0,2026-04-08 10:00:00
TXN003467,ACC_NORMAL_4,ACC_NORMAL_421,499.0,2026-03-28 22:00:00
TXN003468,ACC_NORMAL_464,ACC_NORMAL_66,805.0,2026-05-27 09:00:00
TXN003469,ACC_NORMAL_183,ACC_NORMAL_34,5504.0,2026-06-20 16:00:00
TXN003470,ACC_NORMAL_581,ACC_NORMAL_103,7933.0,2026-03-19 05:00:00
TXN003471,ACC_NORMAL_46,ACC_NORMAL_564,3326.0,2026-06-20 17:00:00
TXN003472,ACC_NORMAL_349,ACC_NORMAL_111,465.0,2026-05-07 13:00:00
TXN003473,ACC_NORMAL_362,ACC_NORMAL_153,4630.0,2026-05-19 02:00:00
TXN003474,ACC_NORMAL_511,ACC_NORMAL_95,167.0,2026-05-22 08:00:00
TXN003475,ACC_NORMAL_136,ACC_NORMAL_315,9204.0,2026-07-08 19:00:00
TXN003476,ACC_NORMAL_323,ACC_NORMAL_441,8021.0,2026-06-30 05:00:00
TXN003477,ACC_NORMAL_412,ACC_NORMAL_556,6953.0,2026-06-11 03:00:00
TXN003478,ACC_NORMAL_440,ACC_NORMAL_943,5172.0,2026-03-26 02:00:00
TXN003479,ACC_NORMAL_813,ACC_NORMAL_701,5640.0,2026-07-17 13:00:00
TXN003480,ACC_NORMAL_207,ACC_NORMAL_203,7794.0,2026-06-27 10:00:00
TXN003481,ACC_NORMAL_529,ACC_NORMAL_883,6794.0,2026-07-20 10:00:00
TXN003482,ACC_NORMAL_939,ACC_NORMAL_289,7815.0,2026-04-27 15:00:00
TXN003483,ACC_NORMAL_175,ACC_NORMAL_477,8198.0,2026-07-21 07:00:00
TXN003484,ACC_NORMAL_504,ACC_NORMAL_63,1743.0,2026-05-23 11:00:00
TXN003485,ACC_NORMAL_379,ACC_NORMAL_400,9677.0,2026-05-09 08:00:00
TXN003486,ACC_NORMAL_938,ACC_NORMAL_677,5789.0,2026-05-05 03:00:00
TXN003487,ACC_NORMAL_883,ACC_NORMAL_821,6834.0,2026-04-07 05:00:00
TXN003488,ACC_NORMAL_826,ACC_NORMAL_639,402.0,2026-05-09 19:00:00
TXN003489,ACC_NORMAL_735,ACC_NORMAL_991,603.0,2026-03-12 09:00:00
TXN003490,ACC_NORMAL_643,ACC_NORMAL_18,2838.0,2026-03-09 22:00:00
TXN003491,ACC_NORMAL_418,ACC_NORMAL_442,2798.0,2026-03-12 05:00:00
TXN003492,ACC_NORMAL_60,ACC_NORMAL_511,745.0,2026-04-23 05:00:00
TXN003493,ACC_NORMAL_730,ACC_NORMAL_207,6894.0,2026-06-02 15:00:00
TXN003494,ACC_NORMAL_60,ACC_NORMAL_251,6808.0,2026-06-27 10:00:00
TXN003495,ACC_NORMAL_415,ACC_NORMAL_840,2279.0,2026-04-05 08:00:00
TXN003496,ACC_NORMAL_702,ACC_NORMAL_136,9148.0,2026-04-12 17:00:00
TXN003497,ACC_NORMAL_86,ACC_NORMAL_252,9879.0,2026-07-01 15:00:00
TXN003498,ACC_NORMAL_264,ACC_NORMAL_117,8338.0,2026-07-27 04:00:00
TXN003499,ACC_NORMAL_187,ACC_NORMAL_940,583.0,2026-05-21 05:00:00
TXN003500,ACC_NORMAL_473,ACC_NORMAL_820,8653.0,2026-06-04 03:00:00
TXN003501,ACC_NORMAL_744,ACC_NORMAL_15,1181.0,2026-05-10 18:00:00
TXN003502,ACC_NORMAL_408,ACC_NORMAL_957,2062.0,2026-07-05 04:00:00
TXN003503,ACC_NORMAL_254,ACC_NORMAL_247,1768.0,2026-05-31 14:00:00
TXN003504,ACC_NORMAL_881,ACC_NORMAL_430,2777.0,2026-04-29 21:00:00
TXN003505,ACC_NORMAL_881,ACC_NORMAL_405,6048.0,2026-03-19 14:00:00
TXN003506,ACC_NORMAL_316,ACC_NORMAL_937,1649.0,2026-03-05 01:00:00
TXN003507,ACC_NORMAL_341,ACC_NORMAL_178,4966.0,2026-06-25 01:00:00
TXN003508,ACC_NORMAL_51,ACC_NORMAL_681,3291.0,2026-04-30 23:00:00
TXN003509,ACC_NORMAL_635,ACC_NORMAL_235,794.0,2026-04-08 05:00:00
TXN003510,ACC_NORMAL_379,ACC_NORMAL_698,7723.0,2026-04-05 23:00:00
TXN003511,ACC_NORMAL_78,ACC_NORMAL_169,2017.0,2026-06-29 01:00:00
TXN003512,ACC_NORMAL_81,ACC_NORMAL_696,2509.0,2026-07-07 12:00:00
TXN003513,ACC_NORMAL_576,ACC_NORMAL_367,9923.0,2026-03-07 17:00:00
TXN003514,ACC_NORMAL_971,ACC_NORMAL_196,6451.0,2026-04-08 01:00:00
TXN003515,ACC_NORMAL_213,ACC_NORMAL_419,419.0,2026-04-05 07:00:00
TXN003516,ACC_NORMAL_420,ACC_NORMAL_935,8046.0,2026-03-21 00:00:00
TXN003517,ACC_NORMAL_641,ACC_NORMAL_243,905.0,2026-05-10 00:00:00
TXN003518,ACC_NORMAL_560,ACC_NORMAL_277,4065.0,2026-03-09 13:00:00
TXN003519,ACC_NORMAL_307,ACC_NORMAL_719,8625.0,2026-05-29 17:00:00
TXN003520,ACC_NORMAL_549,ACC_NORMAL_312,9499.0,2026-05-04 02:00:00
TXN003521,ACC_NORMAL_452,ACC_NORMAL_564,6047.0,2026-05-19 00:00:00
TXN003522,ACC_NORMAL_313,ACC_NORMAL_260,5269.0,2026-04-27 13:00:00
TXN003523,ACC_NORMAL_846,ACC_NORMAL_255,6151.0,2026-07-03 20:00:00
TXN003524,ACC_NORMAL_680,ACC_NORMAL_149,8835.0,2026-05-31 18:00:00
TXN003525,ACC_NORMAL_771,ACC_NORMAL_495,3045.0,2026-04-11 09:00:00
TXN003526,ACC_NORMAL_888,ACC_NORMAL_840,5147.0,2026-04-25 00:00:00
TXN003527,ACC_NORMAL_837,ACC_NORMAL_547,5759.0,2026-07-19 15:00:00
TXN003528,ACC_NORMAL_946,ACC_NORMAL_174,6625.0,2026-06-04 22:00:00
TXN003529,ACC_NORMAL_232,ACC_NORMAL_119,950.0,2026-07-14 18:00:00
TXN003530,ACC_NORMAL_191,ACC_NORMAL_814,1481.0,2026-07-25 10:00:00
TXN003531,ACC_NORMAL_542,ACC_NORMAL_598,340.0,2026-06-08 19:00:00
TXN003532,ACC_NORMAL_339,ACC_NORMAL_591,2697.0,2026-07-01 14:00:00
TXN003533,ACC_NORMAL_197,ACC_NORMAL_655,4681.0,2026-06-03 15:00:00
TXN003534,ACC_NORMAL_720,ACC_NORMAL_32,503.0,2026-04-07 15:00:00
TXN003535,ACC_NORMAL_450,ACC_NORMAL_326,4642.0,2026-05-09 20:00:00
TXN003536,ACC_NORMAL_801,ACC_NORMAL_667,4032.0,2026-04-10 02:00:00
TXN003537,ACC_NORMAL_563,ACC_NORMAL_86,854.0,2026-03-07 04:00:00
TXN003538,ACC_NORMAL_91,ACC_NORMAL_601,5631.0,2026-05-08 19:00:00
TXN003539,ACC_NORMAL_32,ACC_NORMAL_989,4542.0,2026-03-10 12:00:00
TXN003540,ACC_NORMAL_73,ACC_NORMAL_515,4146.0,2026-05-27 15:00:00
TXN003541,ACC_NORMAL_140,ACC_NORMAL_33,8262.0,2026-06-23 09:00:00
TXN003542,ACC_NORMAL_17,ACC_NORMAL_917,7175.0,2026-04-01 06:00:00
TXN003543,ACC_NORMAL_773,ACC_NORMAL_168,7961.0,2026-04-16 05:00:00
TXN003544,ACC_NORMAL_335,ACC_NORMAL_807,2255.0,2026-06-18 00:00:00
TXN003545,ACC_NORMAL_441,ACC_NORMAL_796,7117.0,2026-06-03 16:00:00
TXN003546,ACC_NORMAL_932,ACC_NORMAL_85,5916.0,2026-04-08 03:00:00
TXN003547,ACC_NORMAL_676,ACC_NORMAL_298,6608.0,2026-06-24 13:00:00
TXN003548,ACC_NORMAL_39,ACC_NORMAL_424,3425.0,2026-07-08 08:00:00
TXN003549,ACC_NORMAL_139,ACC_NORMAL_102,8220.0,2026-04-22 21:00:00
TXN003550,ACC_NORMAL_392,ACC_NORMAL_29,9337.0,2026-06-12 17:00:00
TXN003551,ACC_NORMAL_920,ACC_NORMAL_721,1451.0,2026-03-08 19:00:00
TXN003552,ACC_NORMAL_618,ACC_NORMAL_104,6795.0,2026-04-04 01:00:00
TXN003553,ACC_NORMAL_617,ACC_NORMAL_785,8224.0,2026-06-15 23:00:00
TXN003554,ACC_NORMAL_917,ACC_NORMAL_946,9604.0,2026-03-21 22:00:00
TXN003555,ACC_NORMAL_74,ACC_NORMAL_821,9279.0,2026-03-04 16:00:00
TXN003556,ACC_NORMAL_749,ACC_NORMAL_253,2189.0,2026-03-10 16:00:00
TXN003557,ACC_NORMAL_789,ACC_NORMAL_671,384.0,2026-05-15 08:00:00
TXN003558,ACC_NORMAL_210,ACC_NORMAL_517,7682.0,2026-07-10 15:00:00
TXN003559,ACC_NORMAL_779,ACC_NORMAL_782,6516.0,2026-06-02 22:00:00
TXN003560,ACC_NORMAL_877,ACC_NORMAL_37,9005.0,2026-04-14 05:00:00
TXN003561,ACC_NORMAL_695,ACC_NORMAL_216,4593.0,2026-07-07 23:00:00
TXN003562,ACC_NORMAL_442,ACC_NORMAL_548,3006.0,2026-04-17 14:00:00
TXN003563,ACC_NORMAL_524,ACC_NORMAL_472,8658.0,2026-07-11 18:00:00
TXN003564,ACC_NORMAL_60,ACC_NORMAL_955,9622.0,2026-03-30 00:00:00
TXN003565,ACC_NORMAL_931,ACC_NORMAL_37,8814.0,2026-03-21 18:00:00
TXN003566,ACC_NORMAL_126,ACC_NORMAL_112,6551.0,2026-04-24 16:00:00
TXN003567,ACC_NORMAL_351,ACC_NORMAL_84,8808.0,2026-07-15 11:00:00
TXN003568,ACC_NORMAL_729,ACC_NORMAL_87,6729.0,2026-04-25 06:00:00
TXN003569,ACC_NORMAL_565,ACC_NORMAL_849,2656.0,2026-06-01 02:00:00
TXN003570,ACC_NORMAL_565,ACC_NORMAL_681,4458.0,2026-04-27 07:00:00
TXN003571,ACC_NORMAL_771,ACC_NORMAL_619,9801.0,2026-06-04 10:00:00
TXN003572,ACC_NORMAL_981,ACC_NORMAL_948,2902.0,2026-05-06 10:00:00
TXN003573,ACC_NORMAL_469,ACC_NORMAL_246,7312.0,2026-05-28 05:00:00
TXN003574,ACC_NORMAL_465,ACC_NORMAL_634,1411.0,2026-05-29 15:00:00
TXN003575,ACC_NORMAL_371,ACC_NORMAL_854,4331.0,2026-06-14 06:00:00
TXN003576,ACC_NORMAL_793,ACC_NORMAL_970,6708.0,2026-07-18 15:00:00
TXN003577,ACC_NORMAL_602,ACC_NORMAL_610,2360.0,2026-03-14 22:00:00
TXN003578,ACC_NORMAL_14,ACC_NORMAL_367,791.0,2026-06-19 17:00:00
TXN003579,ACC_NORMAL_772,ACC_NORMAL_579,7206.0,2026-04-10 22:00:00
TXN003580,ACC_NORMAL_632,ACC_NORMAL_789,5137.0,2026-03-16 15:00:00
TXN003581,ACC_NORMAL_308,ACC_NORMAL_468,6269.0,2026-05-29 18:00:00
TXN003582,ACC_NORMAL_795,ACC_NORMAL_191,8085.0,2026-05-25 09:00:00
TXN003583,ACC_NORMAL_564,ACC_NORMAL_540,2130.0,2026-03-17 18:00:00
TXN003584,ACC_NORMAL_105,ACC_NORMAL_12,9221.0,2026-07-19 14:00:00
TXN003585,ACC_NORMAL_853,ACC_NORMAL_540,1199.0,2026-03-25 14:00:00
TXN003586,ACC_NORMAL_891,ACC_NORMAL_529,9788.0,2026-07-16 09:00:00
TXN003587,ACC_NORMAL_471,ACC_NORMAL_613,8750.0,2026-05-27 07:00:00
TXN003588,ACC_NORMAL_73,ACC_NORMAL_995,2721.0,2026-05-07 17:00:00
TXN003589,ACC_NORMAL_655,ACC_NORMAL_624,1507.0,2026-05-09 23:00:00
TXN003590,ACC_NORMAL_770,ACC_NORMAL_623,8553.0,2026-04-20 09:00:00
TXN003591,ACC_NORMAL_178,ACC_NORMAL_478,4747.0,2026-05-30 19:00:00
TXN003592,ACC_NORMAL_900,ACC_NORMAL_806,2060.0,2026-06-25 16:00:00
TXN003593,ACC_NORMAL_606,ACC_NORMAL_579,7597.0,2026-06-10 10:00:00
TXN003594,ACC_NORMAL_127,ACC_NORMAL_700,899.0,2026-04-01 07:00:00
TXN003595,ACC_NORMAL_722,ACC_NORMAL_493,8009.0,2026-06-27 06:00:00
TXN003596,ACC_NORMAL_809,ACC_NORMAL_647,4442.0,2026-04-18 04:00:00
TXN003597,ACC_NORMAL_264,ACC_NORMAL_287,9172.0,2026-07-19 12:00:00
TXN003598,ACC_NORMAL_825,ACC_NORMAL_31,9785.0,2026-05-27 20:00:00
TXN003599,ACC_NORMAL_348,ACC_NORMAL_912,6709.0,2026-05-27 01:00:00
TXN003600,ACC_NORMAL_139,ACC_NORMAL_269,7739.0,2026-05-31 22:00:00
TXN003601,ACC_NORMAL_178,ACC_NORMAL_653,5607.0,2026-03-22 07:00:00
TXN003602,ACC_NORMAL_893,ACC_NORMAL_552,6067.0,2026-04-13 13:00:00
TXN003603,ACC_NORMAL_47,ACC_NORMAL_983,2622.0,2026-06-07 00:00:00
TXN003604,ACC_NORMAL_689,ACC_NORMAL_905,7613.0,2026-06-30 14:00:00
TXN003605,ACC_NORMAL_112,ACC_NORMAL_23,2294.0,2026-07-27 19:00:00
TXN003606,ACC_NORMAL_587,ACC_NORMAL_789,4686.0,2026-03-13 00:00:00
TXN003607,ACC_NORMAL_722,ACC_NORMAL_853,9041.0,2026-07-27 11:00:00
TXN003608,ACC_NORMAL_75,ACC_NORMAL_543,4111.0,2026-03-28 09:00:00
TXN003609,ACC_NORMAL_98,ACC_NORMAL_139,341.0,2026-04-27 11:00:00
TXN003610,ACC_NORMAL_576,ACC_NORMAL_733,8914.0,2026-07-25 08:00:00
TXN003611,ACC_NORMAL_186,ACC_NORMAL_10,7043.0,2026-03-18 10:00:00
TXN003612,ACC_NORMAL_514,ACC_NORMAL_983,4654.0,2026-05-22 10:00:00
TXN003613,ACC_NORMAL_432,ACC_NORMAL_872,4280.0,2026-06-25 06:00:00
TXN003614,ACC_NORMAL_243,ACC_NORMAL_472,3070.0,2026-03-23 06:00:00
TXN003615,ACC_NORMAL_984,ACC_NORMAL_1,5290.0,2026-03-10 20:00:00
TXN003616,ACC_NORMAL_635,ACC_NORMAL_962,8051.0,2026-06-23 16:00:00
TXN003617,ACC_NORMAL_415,ACC_NORMAL_120,2145.0,2026-07-18 16:00:00
TXN003618,ACC_NORMAL_846,ACC_NORMAL_422,1315.0,2026-03-28 00:00:00
TXN003619,ACC_NORMAL_373,ACC_NORMAL_218,3349.0,2026-03-09 02:00:00
TXN003620,ACC_NORMAL_496,ACC_NORMAL_830,8963.0,2026-03-11 15:00:00
TXN003621,ACC_NORMAL_800,ACC_NORMAL_168,7148.0,2026-07-27 22:00:00
TXN003622,ACC_NORMAL_606,ACC_NORMAL_478,5315.0,2026-06-26 17:00:00
TXN003623,ACC_NORMAL_132,ACC_NORMAL_916,5524.0,2026-06-12 21:00:00
TXN003624,ACC_NORMAL_308,ACC_NORMAL_168,9032.0,2026-04-19 15:00:00
TXN003625,ACC_NORMAL_671,ACC_NORMAL_445,5981.0,2026-04-22 02:00:00
TXN003626,ACC_NORMAL_834,ACC_NORMAL_347,7108.0,2026-06-02 09:00:00
TXN003627,ACC_NORMAL_582,ACC_NORMAL_551,8142.0,2026-06-20 08:00:00
TXN003628,ACC_NORMAL_574,ACC_NORMAL_145,8886.0,2026-05-05 18:00:00
TXN003629,ACC_NORMAL_466,ACC_NORMAL_611,8934.0,2026-06-25 11:00:00
TXN003630,ACC_NORMAL_106,ACC_NORMAL_217,5062.0,2026-06-26 18:00:00
TXN003631,ACC_NORMAL_409,ACC_NORMAL_448,2427.0,2026-06-12 12:00:00
TXN003632,ACC_NORMAL_83,ACC_NORMAL_80,8644.0,2026-03-14 10:00:00
TXN003633,ACC_NORMAL_298,ACC_NORMAL_157,6796.0,2026-06-01 05:00:00
TXN003634,ACC_NORMAL_86,ACC_NORMAL_128,9109.0,2026-06-25 02:00:00
TXN003635,ACC_NORMAL_74,ACC_NORMAL_213,1732.0,2026-06-15 12:00:00
TXN003636,ACC_NORMAL_406,ACC_NORMAL_628,1705.0,2026-07-12 17:00:00
TXN003637,ACC_NORMAL_168,ACC_NORMAL_186,2378.0,2026-07-27 02:00:00
TXN003638,ACC_NORMAL_596,ACC_NORMAL_168,8753.0,2026-04-15 18:00:00
TXN003639,ACC_NORMAL_3,ACC_NORMAL_487,5843.0,2026-06-17 03:00:00
TXN003640,ACC_NORMAL_564,ACC_NORMAL_572,6919.0,2026-03-09 05:00:00
TXN003641,ACC_NORMAL_160,ACC_NORMAL_956,3361.0,2026-04-17 02:00:00
TXN003642,ACC_NORMAL_608,ACC_NORMAL_779,7016.0,2026-03-24 08:00:00
TXN003643,ACC_NORMAL_344,ACC_NORMAL_417,5328.0,2026-07-24 09:00:00
TXN003644,ACC_NORMAL_411,ACC_NORMAL_43,9922.0,2026-06-07 03:00:00
TXN003645,ACC_NORMAL_667,ACC_NORMAL_221,1741.0,2026-07-17 17:00:00
TXN003646,ACC_NORMAL_943,ACC_NORMAL_408,4303.0,2026-06-16 03:00:00
TXN003647,ACC_NORMAL_710,ACC_NORMAL_242,9796.0,2026-03-22 02:00:00
TXN003648,ACC_NORMAL_766,ACC_NORMAL_719,2484.0,2026-07-06 02:00:00
TXN003649,ACC_NORMAL_680,ACC_NORMAL_706,9732.0,2026-05-04 09:00:00
TXN003650,ACC_NORMAL_483,ACC_NORMAL_686,5501.0,2026-03-10 23:00:00
TXN003651,ACC_NORMAL_681,ACC_NORMAL_922,7336.0,2026-03-29 19:00:00
TXN003652,ACC_NORMAL_7,ACC_NORMAL_353,2638.0,2026-07-06 14:00:00
TXN003653,ACC_NORMAL_241,ACC_NORMAL_443,6336.0,2026-07-03 20:00:00
TXN003654,ACC_NORMAL_430,ACC_NORMAL_811,1342.0,2026-05-30 11:00:00
TXN003655,ACC_NORMAL_870,ACC_NORMAL_746,7385.0,2026-05-30 05:00:00
TXN003656,ACC_NORMAL_11,ACC_NORMAL_45,6365.0,2026-07-23 06:00:00
TXN003657,ACC_NORMAL_248,ACC_NORMAL_740,3671.0,2026-07-20 14:00:00
TXN003658,ACC_NORMAL_592,ACC_NORMAL_478,8313.0,2026-06-21 10:00:00
TXN003659,ACC_NORMAL_931,ACC_NORMAL_916,4020.0,2026-04-10 07:00:00
TXN003660,ACC_NORMAL_435,ACC_NORMAL_314,3124.0,2026-03-29 21:00:00
TXN003661,ACC_NORMAL_11,ACC_NORMAL_598,4374.0,2026-04-07 00:00:00
TXN003662,ACC_NORMAL_903,ACC_NORMAL_410,3308.0,2026-07-20 21:00:00
TXN003663,ACC_NORMAL_710,ACC_NORMAL_433,9826.0,2026-03-28 05:00:00
TXN003664,ACC_NORMAL_460,ACC_NORMAL_810,703.0,2026-04-16 22:00:00
TXN003665,ACC_NORMAL_580,ACC_NORMAL_999,1646.0,2026-05-07 07:00:00
TXN003666,ACC_NORMAL_149,ACC_NORMAL_309,3476.0,2026-06-27 19:00:00
TXN003667,ACC_NORMAL_356,ACC_NORMAL_994,6052.0,2026-05-17 01:00:00
TXN003668,ACC_NORMAL_698,ACC_NORMAL_339,7020.0,2026-03-22 18:00:00
TXN003669,ACC_NORMAL_789,ACC_NORMAL_768,963.0,2026-05-30 00:00:00
TXN003670,ACC_NORMAL_784,ACC_NORMAL_39,2349.0,2026-06-07 15:00:00
TXN003671,ACC_NORMAL_863,ACC_NORMAL_241,4471.0,2026-06-28 16:00:00
TXN003672,ACC_NORMAL_609,ACC_NORMAL_524,7969.0,2026-06-09 19:00:00
TXN003673,ACC_NORMAL_647,ACC_NORMAL_924,9099.0,2026-05-21 23:00:00
TXN003674,ACC_NORMAL_870,ACC_NORMAL_774,2155.0,2026-04-15 03:00:00
TXN003675,ACC_NORMAL_821,ACC_NORMAL_805,3776.0,2026-06-29 00:00:00
TXN003676,ACC_NORMAL_361,ACC_NORMAL_67,7465.0,2026-05-16 12:00:00
TXN003677,ACC_NORMAL_448,ACC_NORMAL_998,6471.0,2026-03-27 10:00:00
TXN003678,ACC_NORMAL_493,ACC_NORMAL_64,4288.0,2026-07-24 15:00:00
TXN003679,ACC_NORMAL_818,ACC_NORMAL_965,836.0,2026-06-18 10:00:00
TXN003680,ACC_NORMAL_65,ACC_NORMAL_916,7834.0,2026-03-08 15:00:00
TXN003681,ACC_NORMAL_23,ACC_NORMAL_32,2007.0,2026-05-08 09:00:00
TXN003682,ACC_NORMAL_915,ACC_NORMAL_565,5885.0,2026-03-06 05:00:00
TXN003683,ACC_NORMAL_854,ACC_NORMAL_722,8016.0,2026-05-26 18:00:00
TXN003684,ACC_NORMAL_47,ACC_NORMAL_29,766.0,2026-04-03 14:00:00
TXN003685,ACC_NORMAL_753,ACC_NORMAL_809,605.0,2026-07-14 04:00:00
TXN003686,ACC_NORMAL_944,ACC_NORMAL_959,5708.0,2026-05-18 08:00:00
TXN003687,ACC_NORMAL_634,ACC_NORMAL_337,6108.0,2026-04-25 09:00:00
TXN003688,ACC_NORMAL_337,ACC_NORMAL_88,2949.0,2026-06-15 15:00:00
TXN003689,ACC_NORMAL_194,ACC_NORMAL_567,4695.0,2026-06-16 06:00:00
TXN003690,ACC_NORMAL_894,ACC_NORMAL_110,619.0,2026-06-10 11:00:00
TXN003691,ACC_NORMAL_754,ACC_NORMAL_516,1785.0,2026-06-03 22:00:00
TXN003692,ACC_NORMAL_235,ACC_NORMAL_369,8780.0,2026-05-13 03:00:00
TXN003693,ACC_NORMAL_821,ACC_NORMAL_779,4091.0,2026-04-24 16:00:00
TXN003694,ACC_NORMAL_616,ACC_NORMAL_207,3344.0,2026-06-25 12:00:00
TXN003695,ACC_NORMAL_952,ACC_NORMAL_443,444.0,2026-06-09 23:00:00
TXN003696,ACC_NORMAL_826,ACC_NORMAL_762,4087.0,2026-05-29 16:00:00
TXN003697,ACC_NORMAL_333,ACC_NORMAL_313,6770.0,2026-04-08 14:00:00
TXN003698,ACC_NORMAL_366,ACC_NORMAL_101,8616.0,2026-06-09 23:00:00
TXN003699,ACC_NORMAL_936,ACC_NORMAL_600,743.0,2026-05-09 22:00:00
TXN003700,ACC_NORMAL_988,ACC_NORMAL_741,431.0,2026-05-10 15:00:00
TXN003701,ACC_NORMAL_125,ACC_NORMAL_65,8209.0,2026-05-08 14:00:00
TXN003702,ACC_NORMAL_913,ACC_NORMAL_679,6641.0,2026-06-06 01:00:00
TXN003703,ACC_NORMAL_635,ACC_NORMAL_116,3793.0,2026-04-06 21:00:00
TXN003704,ACC_NORMAL_54,ACC_NORMAL_230,6259.0,2026-06-23 18:00:00
TXN003705,ACC_NORMAL_281,ACC_NORMAL_131,4092.0,2026-04-15 05:00:00
TXN003706,ACC_NORMAL_86,ACC_NORMAL_473,667.0,2026-05-01 12:00:00
TXN003707,ACC_NORMAL_15,ACC_NORMAL_960,7230.0,2026-07-03 15:00:00
TXN003708,ACC_NORMAL_216,ACC_NORMAL_518,2733.0,2026-04-09 23:00:00
TXN003709,ACC_NORMAL_309,ACC_NORMAL_501,7955.0,2026-05-22 22:00:00
TXN003710,ACC_NORMAL_313,ACC_NORMAL_891,8948.0,2026-07-11 00:00:00
TXN003711,ACC_NORMAL_640,ACC_NORMAL_266,8702.0,2026-05-11 23:00:00
TXN003712,ACC_NORMAL_860,ACC_NORMAL_7,5983.0,2026-04-08 04:00:00
TXN003713,ACC_NORMAL_592,ACC_NORMAL_232,6264.0,2026-06-04 08:00:00
TXN003714,ACC_NORMAL_384,ACC_NORMAL_164,532.0,2026-06-03 13:00:00
TXN003715,ACC_NORMAL_945,ACC_NORMAL_810,2121.0,2026-05-10 00:00:00
TXN003716,ACC_NORMAL_106,ACC_NORMAL_148,722.0,2026-05-18 17:00:00
TXN003717,ACC_NORMAL_969,ACC_NORMAL_335,1199.0,2026-06-11 06:00:00
TXN003718,ACC_NORMAL_939,ACC_NORMAL_351,9685.0,2026-07-05 10:00:00
TXN003719,ACC_NORMAL_751,ACC_NORMAL_762,887.0,2026-06-14 13:00:00
TXN003720,ACC_NORMAL_897,ACC_NORMAL_72,8447.0,2026-05-22 20:00:00
TXN003721,ACC_NORMAL_940,ACC_NORMAL_503,300.0,2026-05-14 15:00:00
TXN003722,ACC_NORMAL_131,ACC_NORMAL_416,6827.0,2026-05-23 15:00:00
TXN003723,ACC_NORMAL_633,ACC_NORMAL_798,4280.0,2026-06-14 14:00:00
TXN003724,ACC_NORMAL_268,ACC_NORMAL_850,1124.0,2026-06-08 02:00:00
TXN003725,ACC_NORMAL_351,ACC_NORMAL_814,3099.0,2026-05-27 06:00:00
TXN003726,ACC_NORMAL_415,ACC_NORMAL_136,5999.0,2026-06-06 19:00:00
TXN003727,ACC_NORMAL_214,ACC_NORMAL_418,7655.0,2026-06-06 15:00:00
TXN003728,ACC_NORMAL_960,ACC_NORMAL_358,6799.0,2026-03-31 10:00:00
TXN003729,ACC_NORMAL_435,ACC_NORMAL_597,1184.0,2026-04-23 07:00:00
TXN003730,ACC_NORMAL_38,ACC_NORMAL_930,9934.0,2026-04-05 15:00:00
TXN003731,ACC_NORMAL_48,ACC_NORMAL_823,9096.0,2026-03-15 21:00:00
TXN003732,ACC_NORMAL_797,ACC_NORMAL_488,1287.0,2026-06-22 00:00:00
TXN003733,ACC_NORMAL_72,ACC_NORMAL_29,1929.0,2026-03-17 09:00:00
TXN003734,ACC_NORMAL_207,ACC_NORMAL_1000,4126.0,2026-06-25 03:00:00
TXN003735,ACC_NORMAL_373,ACC_NORMAL_973,1284.0,2026-07-14 22:00:00
TXN003736,ACC_NORMAL_480,ACC_NORMAL_932,4784.0,2026-07-22 09:00:00
TXN003737,ACC_NORMAL_134,ACC_NORMAL_243,7434.0,2026-03-11 15:00:00
TXN003738,ACC_NORMAL_946,ACC_NORMAL_76,4284.0,2026-07-17 19:00:00
TXN003739,ACC_NORMAL_662,ACC_NORMAL_360,8761.0,2026-06-27 22:00:00
TXN003740,ACC_NORMAL_99,ACC_NORMAL_999,1799.0,2026-04-28 18:00:00
TXN003741,ACC_NORMAL_163,ACC_NORMAL_245,8446.0,2026-04-16 02:00:00
TXN003742,ACC_NORMAL_227,ACC_NORMAL_959,9360.0,2026-07-12 15:00:00
TXN003743,ACC_NORMAL_129,ACC_NORMAL_380,5051.0,2026-03-07 14:00:00
TXN003744,ACC_NORMAL_594,ACC_NORMAL_294,7220.0,2026-04-10 16:00:00
TXN003745,ACC_NORMAL_11,ACC_NORMAL_562,2738.0,2026-06-18 06:00:00
TXN003746,ACC_NORMAL_391,ACC_NORMAL_940,9047.0,2026-06-21 17:00:00
TXN003747,ACC_NORMAL_235,ACC_NORMAL_299,6021.0,2026-07-16 08:00:00
TXN003748,ACC_NORMAL_697,ACC_NORMAL_348,5134.0,2026-04-05 11:00:00
TXN003749,ACC_NORMAL_947,ACC_NORMAL_82,8404.0,2026-07-16 18:00:00
TXN003750,ACC_NORMAL_28,ACC_NORMAL_996,1635.0,2026-05-04 02:00:00
TXN003751,ACC_NORMAL_983,ACC_NORMAL_558,1874.0,2026-04-17 19:00:00
TXN003752,ACC_NORMAL_100,ACC_NORMAL_646,2416.0,2026-06-29 09:00:00
TXN003753,ACC_NORMAL_280,ACC_NORMAL_5,5249.0,2026-06-01 23:00:00
TXN003754,ACC_NORMAL_372,ACC_NORMAL_725,2536.0,2026-05-24 19:00:00
TXN003755,ACC_NORMAL_347,ACC_NORMAL_481,820.0,2026-07-06 15:00:00
TXN003756,ACC_NORMAL_728,ACC_NORMAL_365,1095.0,2026-03-08 17:00:00
TXN003757,ACC_NORMAL_19,ACC_NORMAL_675,919.0,2026-03-13 07:00:00
TXN003758,ACC_NORMAL_454,ACC_NORMAL_231,1039.0,2026-04-20 03:00:00
TXN003759,ACC_NORMAL_815,ACC_NORMAL_45,6399.0,2026-06-07 17:00:00
TXN003760,ACC_NORMAL_907,ACC_NORMAL_463,5533.0,2026-07-15 03:00:00
TXN003761,ACC_NORMAL_214,ACC_NORMAL_262,1130.0,2026-03-28 03:00:00
TXN003762,ACC_NORMAL_912,ACC_NORMAL_500,1483.0,2026-03-08 04:00:00
TXN003763,ACC_NORMAL_817,ACC_NORMAL_850,1815.0,2026-07-03 21:00:00
TXN003764,ACC_NORMAL_213,ACC_NORMAL_228,7104.0,2026-03-25 15:00:00
TXN003765,ACC_NORMAL_58,ACC_NORMAL_157,2262.0,2026-05-16 15:00:00
TXN003766,ACC_NORMAL_34,ACC_NORMAL_505,5609.0,2026-05-08 04:00:00
TXN003767,ACC_NORMAL_124,ACC_NORMAL_980,402.0,2026-04-10 04:00:00
TXN003768,ACC_NORMAL_693,ACC_NORMAL_746,5710.0,2026-06-12 11:00:00
TXN003769,ACC_NORMAL_100,ACC_NORMAL_777,7894.0,2026-03-28 20:00:00
TXN003770,ACC_NORMAL_923,ACC_NORMAL_14,5957.0,2026-06-05 02:00:00
TXN003771,ACC_NORMAL_651,ACC_NORMAL_446,6291.0,2026-07-26 09:00:00
TXN003772,ACC_NORMAL_700,ACC_NORMAL_969,2153.0,2026-05-04 23:00:00
TXN003773,ACC_NORMAL_780,ACC_NORMAL_818,6977.0,2026-03-10 21:00:00
TXN003774,ACC_NORMAL_336,ACC_NORMAL_355,2870.0,2026-07-18 12:00:00
TXN003775,ACC_NORMAL_631,ACC_NORMAL_304,791.0,2026-05-22 16:00:00
TXN003776,ACC_NORMAL_847,ACC_NORMAL_342,8540.0,2026-04-26 16:00:00
TXN003777,ACC_NORMAL_141,ACC_NORMAL_984,7059.0,2026-05-23 16:00:00
TXN003778,ACC_NORMAL_624,ACC_NORMAL_554,7883.0,2026-05-28 13:00:00
TXN003779,ACC_NORMAL_768,ACC_NORMAL_678,4546.0,2026-05-25 00:00:00
TXN003780,ACC_NORMAL_525,ACC_NORMAL_148,7159.0,2026-07-16 10:00:00
TXN003781,ACC_NORMAL_113,ACC_NORMAL_782,7410.0,2026-07-07 15:00:00
TXN003782,ACC_NORMAL_159,ACC_NORMAL_805,4766.0,2026-04-20 17:00:00
TXN003783,ACC_NORMAL_996,ACC_NORMAL_648,5968.0,2026-05-04 20:00:00
TXN003784,ACC_NORMAL_395,ACC_NORMAL_658,7798.0,2026-07-22 02:00:00
TXN003785,ACC_NORMAL_192,ACC_NORMAL_980,2582.0,2026-06-18 04:00:00
TXN003786,ACC_NORMAL_15,ACC_NORMAL_429,297.0,2026-03-22 22:00:00
TXN003787,ACC_NORMAL_559,ACC_NORMAL_854,5958.0,2026-04-19 22:00:00
TXN003788,ACC_NORMAL_338,ACC_NORMAL_300,303.0,2026-04-17 05:00:00
TXN003789,ACC_NORMAL_414,ACC_NORMAL_991,8312.0,2026-05-31 14:00:00
TXN003790,ACC_NORMAL_727,ACC_NORMAL_21,5329.0,2026-03-19 19:00:00
TXN003791,ACC_NORMAL_211,ACC_NORMAL_328,4048.0,2026-07-10 23:00:00
TXN003792,ACC_NORMAL_414,ACC_NORMAL_240,1479.0,2026-03-30 03:00:00
TXN003793,ACC_NORMAL_677,ACC_NORMAL_264,6536.0,2026-05-06 09:00:00
TXN003794,ACC_NORMAL_435,ACC_NORMAL_973,5720.0,2026-06-06 09:00:00
TXN003795,ACC_NORMAL_934,ACC_NORMAL_463,1799.0,2026-04-23 04:00:00
TXN003796,ACC_NORMAL_703,ACC_NORMAL_23,7602.0,2026-05-25 21:00:00
TXN003797,ACC_NORMAL_372,ACC_NORMAL_140,8120.0,2026-05-16 10:00:00
TXN003798,ACC_NORMAL_87,ACC_NORMAL_214,7309.0,2026-04-05 14:00:00
TXN003799,ACC_NORMAL_160,ACC_NORMAL_159,1145.0,2026-03-24 17:00:00
TXN003800,ACC_NORMAL_608,ACC_NORMAL_72,8847.0,2026-06-21 04:00:00
TXN003801,ACC_NORMAL_569,ACC_NORMAL_177,8548.0,2026-04-03 09:00:00
TXN003802,ACC_NORMAL_98,ACC_NORMAL_935,3033.0,2026-06-03 01:00:00
TXN003803,ACC_NORMAL_676,ACC_NORMAL_549,6723.0,2026-04-17 11:00:00
TXN003804,ACC_NORMAL_952,ACC_NORMAL_823,2605.0,2026-04-30 18:00:00
TXN003805,ACC_NORMAL_764,ACC_NORMAL_4,9789.0,2026-04-19 00:00:00
TXN003806,ACC_NORMAL_174,ACC_NORMAL_532,4008.0,2026-05-03 03:00:00
TXN003807,ACC_NORMAL_900,ACC_NORMAL_610,1715.0,2026-05-07 21:00:00
TXN003808,ACC_NORMAL_669,ACC_NORMAL_872,8338.0,2026-04-27 11:00:00
TXN003809,ACC_NORMAL_38,ACC_NORMAL_536,3978.0,2026-06-19 07:00:00
TXN003810,ACC_NORMAL_967,ACC_NORMAL_29,8974.0,2026-07-20 16:00:00
TXN003811,ACC_NORMAL_841,ACC_NORMAL_127,5071.0,2026-03-26 21:00:00
TXN003812,ACC_NORMAL_292,ACC_NORMAL_480,278.0,2026-07-21 03:00:00
TXN003813,ACC_NORMAL_244,ACC_NORMAL_961,9760.0,2026-06-17 05:00:00
TXN003814,ACC_NORMAL_923,ACC_NORMAL_825,9514.0,2026-07-22 19:00:00
TXN003815,ACC_NORMAL_809,ACC_NORMAL_985,2505.0,2026-07-10 21:00:00
TXN003816,ACC_NORMAL_174,ACC_NORMAL_552,4504.0,2026-05-31 21:00:00
TXN003817,ACC_NORMAL_633,ACC_NORMAL_695,779.0,2026-05-31 07:00:00
TXN003818,ACC_NORMAL_827,ACC_NORMAL_881,6047.0,2026-05-22 08:00:00
TXN003819,ACC_NORMAL_563,ACC_NORMAL_61,5371.0,2026-04-28 22:00:00
TXN003820,ACC_NORMAL_526,ACC_NORMAL_995,1908.0,2026-06-14 01:00:00
TXN003821,ACC_NORMAL_426,ACC_NORMAL_131,575.0,2026-05-06 05:00:00
TXN003822,ACC_NORMAL_31,ACC_NORMAL_362,428.0,2026-03-13 23:00:00
TXN003823,ACC_NORMAL_837,ACC_NORMAL_583,4849.0,2026-05-19 14:00:00
TXN003824,ACC_NORMAL_521,ACC_NORMAL_684,1601.0,2026-04-19 04:00:00
TXN003825,ACC_NORMAL_642,ACC_NORMAL_882,8604.0,2026-07-26 04:00:00
TXN003826,ACC_NORMAL_80,ACC_NORMAL_254,7468.0,2026-06-13 07:00:00
TXN003827,ACC_NORMAL_831,ACC_NORMAL_569,9254.0,2026-07-05 19:00:00
TXN003828,ACC_NORMAL_290,ACC_NORMAL_289,4075.0,2026-06-19 12:00:00
TXN003829,ACC_NORMAL_544,ACC_NORMAL_739,1691.0,2026-05-29 22:00:00
TXN003830,ACC_NORMAL_197,ACC_NORMAL_610,8613.0,2026-04-05 20:00:00
TXN003831,ACC_NORMAL_903,ACC_NORMAL_649,5643.0,2026-05-15 21:00:00
TXN003832,ACC_NORMAL_336,ACC_NORMAL_967,3291.0,2026-06-30 17:00:00
TXN003833,ACC_NORMAL_579,ACC_NORMAL_397,9453.0,2026-07-10 05:00:00
TXN003834,ACC_NORMAL_562,ACC_NORMAL_17,7970.0,2026-04-17 22:00:00
TXN003835,ACC_NORMAL_110,ACC_NORMAL_331,5018.0,2026-07-21 10:00:00
TXN003836,ACC_NORMAL_525,ACC_NORMAL_951,2823.0,2026-04-01 14:00:00
TXN003837,ACC_NORMAL_762,ACC_NORMAL_828,185.0,2026-06-04 03:00:00
TXN003838,ACC_NORMAL_305,ACC_NORMAL_736,6741.0,2026-05-13 01:00:00
TXN003839,ACC_NORMAL_397,ACC_NORMAL_887,1143.0,2026-07-22 17:00:00
TXN003840,ACC_NORMAL_440,ACC_NORMAL_414,9226.0,2026-06-16 01:00:00
TXN003841,ACC_NORMAL_19,ACC_NORMAL_583,9244.0,2026-05-03 20:00:00
TXN003842,ACC_NORMAL_316,ACC_NORMAL_527,380.0,2026-04-20 22:00:00
TXN003843,ACC_NORMAL_63,ACC_NORMAL_526,8712.0,2026-06-13 14:00:00
TXN003844,ACC_NORMAL_214,ACC_NORMAL_255,860.0,2026-06-24 20:00:00
TXN003845,ACC_NORMAL_713,ACC_NORMAL_95,6930.0,2026-05-23 10:00:00
TXN003846,ACC_NORMAL_291,ACC_NORMAL_589,2523.0,2026-06-29 16:00:00
TXN003847,ACC_NORMAL_320,ACC_NORMAL_436,6239.0,2026-03-19 20:00:00
TXN003848,ACC_NORMAL_271,ACC_NORMAL_505,3821.0,2026-04-02 22:00:00
TXN003849,ACC_NORMAL_531,ACC_NORMAL_727,5412.0,2026-03-22 03:00:00
TXN003850,ACC_NORMAL_848,ACC_NORMAL_772,2483.0,2026-06-27 15:00:00
TXN003851,ACC_NORMAL_691,ACC_NORMAL_608,6324.0,2026-05-01 11:00:00
TXN003852,ACC_NORMAL_494,ACC_NORMAL_882,262.0,2026-03-07 18:00:00
TXN003853,ACC_NORMAL_676,ACC_NORMAL_127,5930.0,2026-05-07 09:00:00
TXN003854,ACC_NORMAL_168,ACC_NORMAL_966,194.0,2026-06-18 14:00:00
TXN003855,ACC_NORMAL_9,ACC_NORMAL_310,5683.0,2026-04-24 00:00:00
TXN003856,ACC_NORMAL_79,ACC_NORMAL_836,5782.0,2026-03-27 19:00:00
TXN003857,ACC_NORMAL_391,ACC_NORMAL_951,455.0,2026-03-24 02:00:00
TXN003858,ACC_NORMAL_625,ACC_NORMAL_129,4059.0,2026-07-02 23:00:00
TXN003859,ACC_NORMAL_733,ACC_NORMAL_830,7452.0,2026-06-24 14:00:00
TXN003860,ACC_NORMAL_566,ACC_NORMAL_596,166.0,2026-06-07 13:00:00
TXN003861,ACC_NORMAL_984,ACC_NORMAL_753,4182.0,2026-03-06 19:00:00
TXN003862,ACC_NORMAL_889,ACC_NORMAL_298,6518.0,2026-03-31 14:00:00
TXN003863,ACC_NORMAL_479,ACC_NORMAL_412,2812.0,2026-05-20 08:00:00
TXN003864,ACC_NORMAL_885,ACC_NORMAL_267,2147.0,2026-07-22 21:00:00
TXN003865,ACC_NORMAL_868,ACC_NORMAL_92,8351.0,2026-03-08 06:00:00
TXN003866,ACC_NORMAL_340,ACC_NORMAL_547,9175.0,2026-06-08 16:00:00
TXN003867,ACC_NORMAL_998,ACC_NORMAL_614,1622.0,2026-07-16 15:00:00
TXN003868,ACC_NORMAL_541,ACC_NORMAL_345,6986.0,2026-03-12 20:00:00
TXN003869,ACC_NORMAL_433,ACC_NORMAL_430,8004.0,2026-05-30 08:00:00
TXN003870,ACC_NORMAL_706,ACC_NORMAL_671,6255.0,2026-04-14 07:00:00
TXN003871,ACC_NORMAL_45,ACC_NORMAL_421,5955.0,2026-03-11 05:00:00
TXN003872,ACC_NORMAL_583,ACC_NORMAL_82,7343.0,2026-05-10 00:00:00
TXN003873,ACC_NORMAL_230,ACC_NORMAL_885,7212.0,2026-07-01 04:00:00
TXN003874,ACC_NORMAL_847,ACC_NORMAL_692,988.0,2026-03-26 22:00:00
TXN003875,ACC_NORMAL_48,ACC_NORMAL_701,3737.0,2026-04-11 22:00:00
TXN003876,ACC_NORMAL_55,ACC_NORMAL_507,8780.0,2026-06-05 18:00:00
TXN003877,ACC_NORMAL_230,ACC_NORMAL_178,7065.0,2026-03-05 18:00:00
TXN003878,ACC_NORMAL_450,ACC_NORMAL_253,2897.0,2026-06-12 01:00:00
TXN003879,ACC_NORMAL_740,ACC_NORMAL_532,4811.0,2026-05-28 18:00:00
TXN003880,ACC_NORMAL_641,ACC_NORMAL_930,2498.0,2026-03-30 04:00:00
TXN003881,ACC_NORMAL_286,ACC_NORMAL_495,8276.0,2026-03-11 18:00:00
TXN003882,ACC_NORMAL_835,ACC_NORMAL_458,4947.0,2026-04-05 13:00:00
TXN003883,ACC_NORMAL_881,ACC_NORMAL_428,4604.0,2026-06-18 05:00:00
TXN003884,ACC_NORMAL_455,ACC_NORMAL_391,7150.0,2026-07-04 05:00:00
TXN003885,ACC_NORMAL_877,ACC_NORMAL_254,5732.0,2026-06-24 13:00:00
TXN003886,ACC_NORMAL_417,ACC_NORMAL_65,6902.0,2026-07-06 16:00:00
TXN003887,ACC_NORMAL_192,ACC_NORMAL_757,4306.0,2026-07-06 23:00:00
TXN003888,ACC_NORMAL_131,ACC_NORMAL_945,9321.0,2026-06-02 13:00:00
TXN003889,ACC_NORMAL_377,ACC_NORMAL_350,1258.0,2026-06-26 20:00:00
TXN003890,ACC_NORMAL_122,ACC_NORMAL_842,1658.0,2026-03-15 16:00:00
TXN003891,ACC_NORMAL_764,ACC_NORMAL_592,3078.0,2026-04-16 16:00:00
TXN003892,ACC_NORMAL_957,ACC_NORMAL_196,399.0,2026-06-04 01:00:00
TXN003893,ACC_NORMAL_879,ACC_NORMAL_578,5024.0,2026-04-03 08:00:00
TXN003894,ACC_NORMAL_503,ACC_NORMAL_954,1503.0,2026-03-31 00:00:00
TXN003895,ACC_NORMAL_381,ACC_NORMAL_538,2057.0,2026-05-14 17:00:00
TXN003896,ACC_NORMAL_783,ACC_NORMAL_779,6215.0,2026-06-26 07:00:00
TXN003897,ACC_NORMAL_276,ACC_NORMAL_898,1107.0,2026-07-09 16:00:00
TXN003898,ACC_NORMAL_559,ACC_NORMAL_597,6001.0,2026-06-14 11:00:00
TXN003899,ACC_NORMAL_923,ACC_NORMAL_202,1098.0,2026-06-19 03:00:00
TXN003900,ACC_NORMAL_431,ACC_NORMAL_48,7155.0,2026-03-15 22:00:00
TXN003901,ACC_NORMAL_113,ACC_NORMAL_546,5169.0,2026-03-15 22:00:00
TXN003902,ACC_NORMAL_282,ACC_NORMAL_55,2301.0,2026-05-23 22:00:00
TXN003903,ACC_NORMAL_45,ACC_NORMAL_50,9111.0,2026-06-03 09:00:00
TXN003904,ACC_NORMAL_342,ACC_NORMAL_758,6384.0,2026-03-06 05:00:00
TXN003905,ACC_NORMAL_142,ACC_NORMAL_166,3739.0,2026-06-09 20:00:00
TXN003906,ACC_NORMAL_499,ACC_NORMAL_176,2054.0,2026-05-10 08:00:00
TXN003907,ACC_NORMAL_552,ACC_NORMAL_751,124.0,2026-05-31 21:00:00
TXN003908,ACC_NORMAL_865,ACC_NORMAL_81,4714.0,2026-04-07 08:00:00
TXN003909,ACC_NORMAL_516,ACC_NORMAL_661,8190.0,2026-05-24 05:00:00
TXN003910,ACC_NORMAL_969,ACC_NORMAL_542,7237.0,2026-07-09 11:00:00
TXN003911,ACC_NORMAL_530,ACC_NORMAL_971,2394.0,2026-05-14 19:00:00
TXN003912,ACC_NORMAL_519,ACC_NORMAL_132,7283.0,2026-05-30 10:00:00
TXN003913,ACC_NORMAL_319,ACC_NORMAL_70,1953.0,2026-06-07 16:00:00
TXN003914,ACC_NORMAL_858,ACC_NORMAL_989,5257.0,2026-07-02 14:00:00
TXN003915,ACC_NORMAL_211,ACC_NORMAL_838,1059.0,2026-06-02 23:00:00
TXN003916,ACC_NORMAL_902,ACC_NORMAL_809,6887.0,2026-06-17 05:00:00
TXN003917,ACC_NORMAL_15,ACC_NORMAL_171,3495.0,2026-05-16 21:00:00
TXN003918,ACC_NORMAL_862,ACC_NORMAL_940,6562.0,2026-03-24 20:00:00
TXN003919,ACC_NORMAL_139,ACC_NORMAL_49,5386.0,2026-04-15 09:00:00
TXN003920,ACC_NORMAL_762,ACC_NORMAL_579,8043.0,2026-05-31 02:00:00
TXN003921,ACC_NORMAL_287,ACC_NORMAL_181,8859.0,2026-03-10 13:00:00
TXN003922,ACC_NORMAL_768,ACC_NORMAL_435,6667.0,2026-04-03 03:00:00
TXN003923,ACC_NORMAL_639,ACC_NORMAL_855,3112.0,2026-05-23 02:00:00
TXN003924,ACC_NORMAL_952,ACC_NORMAL_827,7428.0,2026-05-27 13:00:00
TXN003925,ACC_NORMAL_99,ACC_NORMAL_218,8652.0,2026-04-12 13:00:00
TXN003926,ACC_NORMAL_781,ACC_NORMAL_605,4155.0,2026-04-24 14:00:00
TXN003927,ACC_NORMAL_743,ACC_NORMAL_336,5367.0,2026-04-06 21:00:00
TXN003928,ACC_NORMAL_985,ACC_NORMAL_763,9298.0,2026-06-12 12:00:00
TXN003929,ACC_NORMAL_256,ACC_NORMAL_434,870.0,2026-05-09 05:00:00
TXN003930,ACC_NORMAL_680,ACC_NORMAL_271,4645.0,2026-06-24 21:00:00
TXN003931,ACC_NORMAL_51,ACC_NORMAL_504,2928.0,2026-05-21 18:00:00
TXN003932,ACC_NORMAL_248,ACC_NORMAL_525,9832.0,2026-04-15 22:00:00
TXN003933,ACC_NORMAL_217,ACC_NORMAL_515,8868.0,2026-07-03 21:00:00
TXN003934,ACC_NORMAL_588,ACC_NORMAL_964,588.0,2026-06-16 05:00:00
TXN003935,ACC_NORMAL_247,ACC_NORMAL_166,8736.0,2026-05-29 02:00:00
TXN003936,ACC_NORMAL_581,ACC_NORMAL_575,7497.0,2026-03-08 18:00:00
TXN003937,ACC_NORMAL_194,ACC_NORMAL_677,1334.0,2026-05-14 15:00:00
TXN003938,ACC_NORMAL_360,ACC_NORMAL_273,1677.0,2026-04-04 13:00:00
TXN003939,ACC_NORMAL_405,ACC_NORMAL_97,3493.0,2026-06-17 17:00:00
TXN003940,ACC_NORMAL_702,ACC_NORMAL_103,9774.0,2026-03-08 18:00:00
TXN003941,ACC_NORMAL_574,ACC_NORMAL_407,4364.0,2026-07-09 12:00:00
TXN003942,ACC_NORMAL_295,ACC_NORMAL_236,8353.0,2026-07-20 04:00:00
TXN003943,ACC_NORMAL_243,ACC_NORMAL_606,6327.0,2026-06-06 06:00:00
TXN003944,ACC_NORMAL_361,ACC_NORMAL_524,1757.0,2026-04-20 04:00:00
TXN003945,ACC_NORMAL_245,ACC_NORMAL_415,6139.0,2026-06-02 06:00:00
TXN003946,ACC_NORMAL_177,ACC_NORMAL_651,6409.0,2026-05-22 15:00:00
TXN003947,ACC_NORMAL_665,ACC_NORMAL_165,7698.0,2026-07-20 06:00:00
TXN003948,ACC_NORMAL_946,ACC_NORMAL_492,6862.0,2026-03-22 23:00:00
TXN003949,ACC_NORMAL_256,ACC_NORMAL_450,7799.0,2026-06-03 01:00:00
TXN003950,ACC_NORMAL_201,ACC_NORMAL_216,8661.0,2026-06-05 19:00:00
TXN003951,ACC_NORMAL_312,ACC_NORMAL_394,3434.0,2026-03-13 01:00:00
TXN003952,ACC_NORMAL_906,ACC_NORMAL_184,7270.0,2026-07-18 06:00:00
TXN003953,ACC_NORMAL_567,ACC_NORMAL_95,1489.0,2026-06-17 07:00:00
TXN003954,ACC_NORMAL_949,ACC_NORMAL_841,3253.0,2026-05-20 04:00:00
TXN003955,ACC_NORMAL_163,ACC_NORMAL_808,7356.0,2026-03-23 00:00:00
TXN003956,ACC_NORMAL_997,ACC_NORMAL_708,8173.0,2026-03-31 04:00:00
TXN003957,ACC_NORMAL_543,ACC_NORMAL_337,100.0,2026-06-14 18:00:00
TXN003958,ACC_NORMAL_272,ACC_NORMAL_744,7300.0,2026-03-06 15:00:00
TXN003959,ACC_NORMAL_421,ACC_NORMAL_142,7253.0,2026-04-13 09:00:00
TXN003960,ACC_NORMAL_216,ACC_NORMAL_528,2927.0,2026-03-17 20:00:00
TXN003961,ACC_NORMAL_190,ACC_NORMAL_4,6291.0,2026-03-12 07:00:00
TXN003962,ACC_NORMAL_901,ACC_NORMAL_37,3287.0,2026-06-28 21:00:00
TXN003963,ACC_NORMAL_294,ACC_NORMAL_428,7914.0,2026-04-10 06:00:00
TXN003964,ACC_NORMAL_270,ACC_NORMAL_634,6299.0,2026-05-15 20:00:00
TXN003965,ACC_NORMAL_492,ACC_NORMAL_59,892.0,2026-06-16 02:00:00
TXN003966,ACC_NORMAL_41,ACC_NORMAL_18,5163.0,2026-05-13 13:00:00
TXN003967,ACC_NORMAL_359,ACC_NORMAL_505,694.0,2026-03-22 09:00:00
TXN003968,ACC_NORMAL_2,ACC_NORMAL_865,9798.0,2026-05-18 16:00:00
TXN003969,ACC_NORMAL_549,ACC_NORMAL_564,3442.0,2026-05-12 07:00:00
TXN003970,ACC_NORMAL_678,ACC_NORMAL_818,1401.0,2026-04-01 14:00:00
TXN003971,ACC_NORMAL_965,ACC_NORMAL_41,9300.0,2026-04-30 18:00:00
TXN003972,ACC_NORMAL_635,ACC_NORMAL_458,8571.0,2026-04-08 07:00:00
TXN003973,ACC_NORMAL_187,ACC_NORMAL_178,5378.0,2026-07-08 00:00:00
TXN003974,ACC_NORMAL_954,ACC_NORMAL_758,136.0,2026-03-20 01:00:00
TXN003975,ACC_NORMAL_612,ACC_NORMAL_556,849.0,2026-04-19 23:00:00
TXN003976,ACC_NORMAL_566,ACC_NORMAL_228,7812.0,2026-03-29 15:00:00
TXN003977,ACC_NORMAL_540,ACC_NORMAL_468,3709.0,2026-05-22 15:00:00
TXN003978,ACC_NORMAL_7,ACC_NORMAL_880,1989.0,2026-05-22 21:00:00
TXN003979,ACC_NORMAL_486,ACC_NORMAL_239,4565.0,2026-03-21 00:00:00
TXN003980,ACC_NORMAL_218,ACC_NORMAL_734,1520.0,2026-04-27 02:00:00
TXN003981,ACC_NORMAL_163,ACC_NORMAL_803,1775.0,2026-07-19 17:00:00
TXN003982,ACC_NORMAL_348,ACC_NORMAL_468,3582.0,2026-06-27 03:00:00
TXN003983,ACC_NORMAL_468,ACC_NORMAL_32,6224.0,2026-06-26 17:00:00
TXN003984,ACC_NORMAL_345,ACC_NORMAL_604,3549.0,2026-06-01 11:00:00
TXN003985,ACC_NORMAL_196,ACC_NORMAL_572,4550.0,2026-04-25 09:00:00
TXN003986,ACC_NORMAL_282,ACC_NORMAL_107,4478.0,2026-04-07 08:00:00
TXN003987,ACC_NORMAL_297,ACC_NORMAL_504,6299.0,2026-04-01 19:00:00
TXN003988,ACC_NORMAL_213,ACC_NORMAL_927,5108.0,2026-06-16 11:00:00
TXN003989,ACC_NORMAL_936,ACC_NORMAL_555,8414.0,2026-04-19 03:00:00
TXN003990,ACC_NORMAL_171,ACC_NORMAL_939,5952.0,2026-07-22 04:00:00
TXN003991,ACC_NORMAL_741,ACC_NORMAL_493,1055.0,2026-07-24 09:00:00
TXN003992,ACC_NORMAL_116,ACC_NORMAL_366,1057.0,2026-07-11 06:00:00
TXN003993,ACC_NORMAL_851,ACC_NORMAL_318,1628.0,2026-03-28 05:00:00
TXN003994,ACC_NORMAL_786,ACC_NORMAL_386,6845.0,2026-04-02 07:00:00
TXN003995,ACC_NORMAL_432,ACC_NORMAL_231,2452.0,2026-05-29 05:00:00
TXN003996,ACC_NORMAL_754,ACC_NORMAL_600,3488.0,2026-03-14 16:00:00
TXN003997,ACC_NORMAL_503,ACC_NORMAL_408,7905.0,2026-03-18 22:00:00
TXN003998,ACC_NORMAL_995,ACC_NORMAL_635,127.0,2026-03-26 11:00:00
TXN003999,ACC_NORMAL_903,ACC_NORMAL_73,7324.0,2026-04-05 03:00:00
TXN004000,ACC_NORMAL_681,ACC_NORMAL_636,4706.0,2026-04-29 19:00:00
TXN004001,ACC_NORMAL_8,ACC_NORMAL_175,6471.0,2026-03-25 10:00:00
TXN004002,ACC_NORMAL_519,ACC_NORMAL_366,6708.0,2026-03-22 01:00:00
TXN004003,ACC_NORMAL_679,ACC_NORMAL_549,8853.0,2026-05-05 07:00:00
TXN004004,ACC_NORMAL_491,ACC_NORMAL_403,5323.0,2026-04-13 14:00:00
TXN004005,ACC_NORMAL_887,ACC_NORMAL_821,3968.0,2026-05-16 14:00:00
TXN004006,ACC_NORMAL_387,ACC_NORMAL_195,7626.0,2026-05-10 07:00:00
TXN004007,ACC_NORMAL_807,ACC_NORMAL_76,8926.0,2026-04-09 21:00:00
TXN004008,ACC_NORMAL_554,ACC_NORMAL_680,6360.0,2026-06-02 02:00:00
TXN004009,ACC_NORMAL_488,ACC_NORMAL_327,7779.0,2026-04-23 03:00:00
TXN004010,ACC_NORMAL_876,ACC_NORMAL_826,7933.0,2026-05-29 07:00:00
TXN004011,ACC_NORMAL_821,ACC_NORMAL_869,2713.0,2026-03-31 17:00:00
TXN004012,ACC_NORMAL_793,ACC_NORMAL_927,5314.0,2026-06-19 10:00:00
TXN004013,ACC_NORMAL_369,ACC_NORMAL_349,558.0,2026-04-09 01:00:00
TXN004014,ACC_NORMAL_466,ACC_NORMAL_752,2759.0,2026-03-18 12:00:00
TXN004015,ACC_NORMAL_199,ACC_NORMAL_153,5351.0,2026-03-06 03:00:00
TXN004016,ACC_NORMAL_973,ACC_NORMAL_375,6026.0,2026-06-04 02:00:00
TXN004017,ACC_NORMAL_492,ACC_NORMAL_616,8424.0,2026-05-30 02:00:00
TXN004018,ACC_NORMAL_885,ACC_NORMAL_227,1251.0,2026-05-09 06:00:00
TXN004019,ACC_NORMAL_712,ACC_NORMAL_238,7419.0,2026-03-20 18:00:00
TXN004020,ACC_NORMAL_287,ACC_NORMAL_664,2637.0,2026-04-04 15:00:00
TXN004021,ACC_NORMAL_605,ACC_NORMAL_486,2485.0,2026-03-14 23:00:00
TXN004022,ACC_NORMAL_188,ACC_NORMAL_218,4644.0,2026-03-27 11:00:00
TXN004023,ACC_NORMAL_762,ACC_NORMAL_433,7943.0,2026-07-24 05:00:00
TXN004024,ACC_NORMAL_255,ACC_NORMAL_107,5592.0,2026-03-20 03:00:00
TXN004025,ACC_NORMAL_258,ACC_NORMAL_191,2426.0,2026-04-07 15:00:00
TXN004026,ACC_NORMAL_495,ACC_NORMAL_697,7324.0,2026-06-04 22:00:00
TXN004027,ACC_NORMAL_687,ACC_NORMAL_713,990.0,2026-03-06 02:00:00
TXN004028,ACC_NORMAL_858,ACC_NORMAL_16,6938.0,2026-06-12 00:00:00
TXN004029,ACC_NORMAL_83,ACC_NORMAL_455,2349.0,2026-07-12 21:00:00
TXN004030,ACC_NORMAL_271,ACC_NORMAL_965,9093.0,2026-03-24 16:00:00
TXN004031,ACC_NORMAL_292,ACC_NORMAL_759,233.0,2026-03-30 12:00:00
TXN004032,ACC_NORMAL_60,ACC_NORMAL_334,8184.0,2026-05-21 14:00:00
TXN004033,ACC_NORMAL_650,ACC_NORMAL_240,8656.0,2026-07-01 16:00:00
TXN004034,ACC_NORMAL_800,ACC_NORMAL_840,1272.0,2026-07-17 19:00:00
TXN004035,ACC_NORMAL_462,ACC_NORMAL_862,1282.0,2026-03-30 10:00:00
TXN004036,ACC_NORMAL_229,ACC_NORMAL_293,7853.0,2026-06-06 10:00:00
TXN004037,ACC_NORMAL_284,ACC_NORMAL_265,3231.0,2026-07-22 00:00:00
TXN004038,ACC_NORMAL_649,ACC_NORMAL_524,2313.0,2026-04-13 15:00:00
TXN004039,ACC_NORMAL_855,ACC_NORMAL_276,332.0,2026-07-19 12:00:00
TXN004040,ACC_NORMAL_738,ACC_NORMAL_166,3351.0,2026-04-14 12:00:00
TXN004041,ACC_NORMAL_379,ACC_NORMAL_75,899.0,2026-06-27 22:00:00
TXN004042,ACC_NORMAL_773,ACC_NORMAL_415,8152.0,2026-04-06 06:00:00
TXN004043,ACC_NORMAL_989,ACC_NORMAL_466,4527.0,2026-03-21 07:00:00
TXN004044,ACC_NORMAL_467,ACC_NORMAL_622,2361.0,2026-05-26 08:00:00
TXN004045,ACC_NORMAL_98,ACC_NORMAL_906,6140.0,2026-06-03 11:00:00
TXN004046,ACC_NORMAL_436,ACC_NORMAL_861,3254.0,2026-04-25 12:00:00
TXN004047,ACC_NORMAL_313,ACC_NORMAL_309,8125.0,2026-06-19 15:00:00
TXN004048,ACC_NORMAL_96,ACC_NORMAL_708,7457.0,2026-04-17 23:00:00
TXN004049,ACC_NORMAL_637,ACC_NORMAL_728,9720.0,2026-06-13 23:00:00
TXN004050,ACC_NORMAL_863,ACC_NORMAL_813,134.0,2026-07-22 07:00:00
TXN004051,ACC_NORMAL_630,ACC_NORMAL_568,9239.0,2026-04-13 03:00:00
TXN004052,ACC_NORMAL_724,ACC_NORMAL_516,1635.0,2026-07-27 09:00:00
TXN004053,ACC_NORMAL_987,ACC_NORMAL_603,2151.0,2026-05-16 06:00:00
TXN004054,ACC_NORMAL_983,ACC_NORMAL_110,3403.0,2026-03-13 06:00:00
TXN004055,ACC_NORMAL_770,ACC_NORMAL_220,926.0,2026-05-30 21:00:00
TXN004056,ACC_NORMAL_308,ACC_NORMAL_63,7723.0,2026-05-29 16:00:00
TXN004057,ACC_NORMAL_671,ACC_NORMAL_525,765.0,2026-04-01 09:00:00
TXN004058,ACC_NORMAL_274,ACC_NORMAL_156,7226.0,2026-03-27 01:00:00
TXN004059,ACC_NORMAL_57,ACC_NORMAL_385,2119.0,2026-04-16 02:00:00
TXN004060,ACC_NORMAL_333,ACC_NORMAL_605,2847.0,2026-05-10 05:00:00
TXN004061,ACC_NORMAL_59,ACC_NORMAL_154,6118.0,2026-05-19 04:00:00
TXN004062,ACC_NORMAL_917,ACC_NORMAL_684,3137.0,2026-06-22 22:00:00
TXN004063,ACC_NORMAL_802,ACC_NORMAL_107,6481.0,2026-07-10 11:00:00
TXN004064,ACC_NORMAL_957,ACC_NORMAL_456,348.0,2026-05-18 23:00:00
TXN004065,ACC_NORMAL_920,ACC_NORMAL_907,288.0,2026-05-24 06:00:00
TXN004066,ACC_NORMAL_643,ACC_NORMAL_309,3132.0,2026-07-12 10:00:00
TXN004067,ACC_NORMAL_294,ACC_NORMAL_22,1819.0,2026-04-27 18:00:00
TXN004068,ACC_NORMAL_49,ACC_NORMAL_759,8703.0,2026-03-09 07:00:00
TXN004069,ACC_NORMAL_646,ACC_NORMAL_770,2765.0,2026-06-06 10:00:00
TXN004070,ACC_NORMAL_443,ACC_NORMAL_20,912.0,2026-07-22 08:00:00
TXN004071,ACC_NORMAL_974,ACC_NORMAL_546,9522.0,2026-06-10 13:00:00
TXN004072,ACC_NORMAL_817,ACC_NORMAL_701,6946.0,2026-06-19 11:00:00
TXN004073,ACC_NORMAL_248,ACC_NORMAL_787,375.0,2026-04-26 04:00:00
TXN004074,ACC_NORMAL_18,ACC_NORMAL_821,589.0,2026-06-18 15:00:00
TXN004075,ACC_NORMAL_494,ACC_NORMAL_179,6037.0,2026-07-25 21:00:00
TXN004076,ACC_NORMAL_73,ACC_NORMAL_277,3343.0,2026-07-22 05:00:00
TXN004077,ACC_NORMAL_430,ACC_NORMAL_987,7564.0,2026-06-04 08:00:00
TXN004078,ACC_NORMAL_758,ACC_NORMAL_152,2595.0,2026-05-02 00:00:00
TXN004079,ACC_NORMAL_7,ACC_NORMAL_553,9431.0,2026-03-13 08:00:00
TXN004080,ACC_NORMAL_778,ACC_NORMAL_166,3821.0,2026-06-28 06:00:00
TXN004081,ACC_NORMAL_987,ACC_NORMAL_510,5212.0,2026-07-04 18:00:00
TXN004082,ACC_NORMAL_357,ACC_NORMAL_520,3848.0,2026-04-23 01:00:00
TXN004083,ACC_NORMAL_705,ACC_NORMAL_121,3434.0,2026-06-16 23:00:00
TXN004084,ACC_NORMAL_531,ACC_NORMAL_328,3368.0,2026-03-12 08:00:00
TXN004085,ACC_NORMAL_918,ACC_NORMAL_912,3875.0,2026-03-30 06:00:00
TXN004086,ACC_NORMAL_537,ACC_NORMAL_793,7774.0,2026-03-30 20:00:00
TXN004087,ACC_NORMAL_766,ACC_NORMAL_942,3270.0,2026-06-10 21:00:00
TXN004088,ACC_NORMAL_11,ACC_NORMAL_494,4238.0,2026-06-02 00:00:00
TXN004089,ACC_NORMAL_835,ACC_NORMAL_189,8096.0,2026-05-05 17:00:00
TXN004090,ACC_NORMAL_915,ACC_NORMAL_755,944.0,2026-05-12 07:00:00
TXN004091,ACC_NORMAL_540,ACC_NORMAL_270,1856.0,2026-03-25 04:00:00
TXN004092,ACC_NORMAL_325,ACC_NORMAL_399,1457.0,2026-06-24 20:00:00
TXN004093,ACC_NORMAL_800,ACC_NORMAL_519,8067.0,2026-04-24 17:00:00
TXN004094,ACC_NORMAL_152,ACC_NORMAL_204,4752.0,2026-04-29 13:00:00
TXN004095,ACC_NORMAL_393,ACC_NORMAL_890,1488.0,2026-04-07 06:00:00
TXN004096,ACC_NORMAL_358,ACC_NORMAL_34,6397.0,2026-07-28 03:00:00
TXN004097,ACC_NORMAL_862,ACC_NORMAL_56,5999.0,2026-05-11 19:00:00
TXN004098,ACC_NORMAL_691,ACC_NORMAL_348,6941.0,2026-05-30 23:00:00
TXN004099,ACC_NORMAL_707,ACC_NORMAL_504,652.0,2026-07-05 03:00:00
TXN004100,ACC_NORMAL_529,ACC_NORMAL_780,1024.0,2026-07-06 08:00:00
TXN004101,ACC_NORMAL_341,ACC_NORMAL_130,7420.0,2026-07-28 04:00:00
TXN004102,ACC_NORMAL_869,ACC_NORMAL_527,3003.0,2026-04-27 15:00:00
TXN004103,ACC_NORMAL_694,ACC_NORMAL_948,3640.0,2026-07-10 07:00:00
TXN004104,ACC_NORMAL_718,ACC_NORMAL_815,1974.0,2026-07-20 19:00:00
TXN004105,ACC_NORMAL_72,ACC_NORMAL_269,1866.0,2026-05-08 03:00:00
TXN004106,ACC_NORMAL_572,ACC_NORMAL_18,2892.0,2026-04-26 22:00:00
TXN004107,ACC_NORMAL_874,ACC_NORMAL_930,2686.0,2026-07-05 00:00:00
TXN004108,ACC_NORMAL_735,ACC_NORMAL_411,1237.0,2026-06-04 13:00:00
TXN004109,ACC_NORMAL_55,ACC_NORMAL_44,5106.0,2026-03-23 10:00:00
TXN004110,ACC_NORMAL_952,ACC_NORMAL_448,4088.0,2026-06-26 17:00:00
TXN004111,ACC_NORMAL_112,ACC_NORMAL_816,4035.0,2026-03-20 14:00:00
TXN004112,ACC_NORMAL_280,ACC_NORMAL_137,9328.0,2026-03-29 11:00:00
TXN004113,ACC_NORMAL_766,ACC_NORMAL_336,4204.0,2026-03-19 05:00:00
TXN004114,ACC_NORMAL_255,ACC_NORMAL_462,1274.0,2026-06-15 09:00:00
TXN004115,ACC_NORMAL_747,ACC_NORMAL_644,3907.0,2026-03-13 02:00:00
TXN004116,ACC_NORMAL_366,ACC_NORMAL_694,9333.0,2026-03-27 02:00:00
TXN004117,ACC_NORMAL_164,ACC_NORMAL_55,5736.0,2026-06-22 10:00:00
TXN004118,ACC_NORMAL_224,ACC_NORMAL_406,3862.0,2026-06-13 14:00:00
TXN004119,ACC_NORMAL_45,ACC_NORMAL_260,1643.0,2026-05-29 01:00:00
TXN004120,ACC_NORMAL_498,ACC_NORMAL_8,3319.0,2026-04-26 23:00:00
TXN004121,ACC_NORMAL_641,ACC_NORMAL_497,7898.0,2026-03-28 11:00:00
TXN004122,ACC_NORMAL_566,ACC_NORMAL_526,8379.0,2026-04-30 01:00:00
TXN004123,ACC_NORMAL_379,ACC_NORMAL_556,5467.0,2026-05-26 22:00:00
TXN004124,ACC_NORMAL_127,ACC_NORMAL_46,2410.0,2026-05-30 20:00:00
TXN004125,ACC_NORMAL_1,ACC_NORMAL_596,8198.0,2026-07-17 05:00:00
TXN004126,ACC_NORMAL_251,ACC_NORMAL_856,5260.0,2026-06-02 03:00:00
TXN004127,ACC_NORMAL_387,ACC_NORMAL_798,860.0,2026-07-18 15:00:00
TXN004128,ACC_NORMAL_33,ACC_NORMAL_816,2950.0,2026-07-11 00:00:00
TXN004129,ACC_NORMAL_919,ACC_NORMAL_146,968.0,2026-05-11 09:00:00
TXN004130,ACC_NORMAL_872,ACC_NORMAL_548,2340.0,2026-05-31 19:00:00
TXN004131,ACC_NORMAL_87,ACC_NORMAL_779,6742.0,2026-05-15 16:00:00
TXN004132,ACC_NORMAL_636,ACC_NORMAL_502,4198.0,2026-06-03 16:00:00
TXN004133,ACC_NORMAL_844,ACC_NORMAL_208,5656.0,2026-05-09 09:00:00
TXN004134,ACC_NORMAL_377,ACC_NORMAL_589,6113.0,2026-05-15 04:00:00
TXN004135,ACC_NORMAL_661,ACC_NORMAL_682,5131.0,2026-06-04 21:00:00
TXN004136,ACC_NORMAL_864,ACC_NORMAL_979,3357.0,2026-07-11 19:00:00
TXN004137,ACC_NORMAL_955,ACC_NORMAL_883,7599.0,2026-03-07 15:00:00
TXN004138,ACC_NORMAL_708,ACC_NORMAL_21,5118.0,2026-04-18 21:00:00
TXN004139,ACC_NORMAL_838,ACC_NORMAL_312,6075.0,2026-05-05 09:00:00
TXN004140,ACC_NORMAL_72,ACC_NORMAL_220,6186.0,2026-03-07 19:00:00
TXN004141,ACC_NORMAL_620,ACC_NORMAL_924,7458.0,2026-06-25 07:00:00
TXN004142,ACC_NORMAL_216,ACC_NORMAL_296,7278.0,2026-04-07 05:00:00
TXN004143,ACC_NORMAL_761,ACC_NORMAL_236,7835.0,2026-04-26 12:00:00
TXN004144,ACC_NORMAL_401,ACC_NORMAL_810,3079.0,2026-03-29 13:00:00
TXN004145,ACC_NORMAL_228,ACC_NORMAL_695,9957.0,2026-07-02 09:00:00
TXN004146,ACC_NORMAL_357,ACC_NORMAL_258,2165.0,2026-03-27 23:00:00
TXN004147,ACC_NORMAL_284,ACC_NORMAL_750,8038.0,2026-04-19 13:00:00
TXN004148,ACC_NORMAL_595,ACC_NORMAL_313,9708.0,2026-06-04 19:00:00
TXN004149,ACC_NORMAL_290,ACC_NORMAL_256,5836.0,2026-03-25 17:00:00
TXN004150,ACC_NORMAL_64,ACC_NORMAL_499,3095.0,2026-03-27 14:00:00
TXN004151,ACC_NORMAL_392,ACC_NORMAL_810,2622.0,2026-03-25 14:00:00
TXN004152,ACC_NORMAL_111,ACC_NORMAL_422,4554.0,2026-07-09 12:00:00
TXN004153,ACC_NORMAL_155,ACC_NORMAL_29,9306.0,2026-05-10 08:00:00
TXN004154,ACC_NORMAL_82,ACC_NORMAL_974,4507.0,2026-03-24 13:00:00
TXN004155,ACC_NORMAL_208,ACC_NORMAL_194,7036.0,2026-06-25 12:00:00
TXN004156,ACC_NORMAL_26,ACC_NORMAL_844,2221.0,2026-03-20 16:00:00
TXN004157,ACC_NORMAL_768,ACC_NORMAL_767,145.0,2026-07-05 07:00:00
TXN004158,ACC_NORMAL_125,ACC_NORMAL_548,2704.0,2026-07-24 10:00:00
TXN004159,ACC_NORMAL_112,ACC_NORMAL_629,7077.0,2026-04-17 13:00:00
TXN004160,ACC_NORMAL_353,ACC_NORMAL_395,2597.0,2026-05-22 07:00:00
TXN004161,ACC_NORMAL_421,ACC_NORMAL_985,9926.0,2026-03-20 16:00:00
TXN004162,ACC_NORMAL_733,ACC_NORMAL_424,3955.0,2026-06-25 01:00:00
TXN004163,ACC_NORMAL_949,ACC_NORMAL_739,8610.0,2026-05-18 07:00:00
TXN004164,ACC_NORMAL_814,ACC_NORMAL_818,8964.0,2026-05-21 15:00:00
TXN004165,ACC_NORMAL_741,ACC_NORMAL_969,6910.0,2026-07-09 10:00:00
TXN004166,ACC_NORMAL_593,ACC_NORMAL_684,8538.0,2026-05-30 04:00:00
TXN004167,ACC_NORMAL_21,ACC_NORMAL_572,8223.0,2026-04-29 18:00:00
TXN004168,ACC_NORMAL_612,ACC_NORMAL_852,5103.0,2026-05-21 10:00:00
TXN004169,ACC_NORMAL_939,ACC_NORMAL_261,3596.0,2026-04-17 21:00:00
TXN004170,ACC_NORMAL_984,ACC_NORMAL_947,681.0,2026-04-04 01:00:00
TXN004171,ACC_NORMAL_752,ACC_NORMAL_879,9772.0,2026-05-29 05:00:00
TXN004172,ACC_NORMAL_835,ACC_NORMAL_629,1959.0,2026-07-01 22:00:00
TXN004173,ACC_NORMAL_660,ACC_NORMAL_115,5703.0,2026-06-21 19:00:00
TXN004174,ACC_NORMAL_776,ACC_NORMAL_770,8682.0,2026-04-19 22:00:00
TXN004175,ACC_NORMAL_972,ACC_NORMAL_187,8665.0,2026-05-31 12:00:00
TXN004176,ACC_NORMAL_679,ACC_NORMAL_831,2188.0,2026-05-12 18:00:00
TXN004177,ACC_NORMAL_675,ACC_NORMAL_74,4345.0,2026-03-14 00:00:00
TXN004178,ACC_NORMAL_389,ACC_NORMAL_721,9008.0,2026-04-24 10:00:00
TXN004179,ACC_NORMAL_879,ACC_NORMAL_363,9365.0,2026-05-11 11:00:00
TXN004180,ACC_NORMAL_81,ACC_NORMAL_387,7117.0,2026-05-12 06:00:00
TXN004181,ACC_NORMAL_964,ACC_NORMAL_243,773.0,2026-04-24 06:00:00
TXN004182,ACC_NORMAL_515,ACC_NORMAL_143,577.0,2026-07-09 16:00:00
TXN004183,ACC_NORMAL_332,ACC_NORMAL_47,3625.0,2026-05-24 11:00:00
TXN004184,ACC_NORMAL_938,ACC_NORMAL_440,4014.0,2026-05-10 20:00:00
TXN004185,ACC_NORMAL_689,ACC_NORMAL_985,513.0,2026-06-02 11:00:00
TXN004186,ACC_NORMAL_411,ACC_NORMAL_324,6511.0,2026-07-19 10:00:00
TXN004187,ACC_NORMAL_276,ACC_NORMAL_271,4659.0,2026-04-11 20:00:00
TXN004188,ACC_NORMAL_825,ACC_NORMAL_508,9855.0,2026-05-21 00:00:00
TXN004189,ACC_NORMAL_63,ACC_NORMAL_993,8385.0,2026-04-04 12:00:00
TXN004190,ACC_NORMAL_59,ACC_NORMAL_463,1521.0,2026-05-18 10:00:00
TXN004191,ACC_NORMAL_501,ACC_NORMAL_218,8384.0,2026-06-15 04:00:00
TXN004192,ACC_NORMAL_220,ACC_NORMAL_609,4677.0,2026-06-26 22:00:00
TXN004193,ACC_NORMAL_892,ACC_NORMAL_299,2970.0,2026-06-15 19:00:00
TXN004194,ACC_NORMAL_128,ACC_NORMAL_830,7869.0,2026-06-18 00:00:00
TXN004195,ACC_NORMAL_187,ACC_NORMAL_904,4941.0,2026-04-02 19:00:00
TXN004196,ACC_NORMAL_444,ACC_NORMAL_590,6232.0,2026-05-31 20:00:00
TXN004197,ACC_NORMAL_901,ACC_NORMAL_672,3436.0,2026-06-24 08:00:00
TXN004198,ACC_NORMAL_994,ACC_NORMAL_691,6472.0,2026-03-30 04:00:00
TXN004199,ACC_NORMAL_664,ACC_NORMAL_391,731.0,2026-06-15 08:00:00
TXN004200,ACC_NORMAL_395,ACC_NORMAL_507,1566.0,2026-05-09 11:00:00
TXN004201,ACC_NORMAL_361,ACC_NORMAL_222,1653.0,2026-05-10 21:00:00
TXN004202,ACC_NORMAL_634,ACC_NORMAL_50,3161.0,2026-05-07 10:00:00
TXN004203,ACC_NORMAL_960,ACC_NORMAL_342,2481.0,2026-05-01 05:00:00
TXN004204,ACC_NORMAL_635,ACC_NORMAL_103,3176.0,2026-07-16 07:00:00
TXN004205,ACC_NORMAL_639,ACC_NORMAL_755,1396.0,2026-06-25 08:00:00
TXN004206,ACC_NORMAL_169,ACC_NORMAL_616,6798.0,2026-06-12 02:00:00
TXN004207,ACC_NORMAL_513,ACC_NORMAL_284,1751.0,2026-07-07 09:00:00
TXN004208,ACC_NORMAL_801,ACC_NORMAL_534,9992.0,2026-04-19 02:00:00
TXN004209,ACC_NORMAL_580,ACC_NORMAL_80,2815.0,2026-03-27 05:00:00
TXN004210,ACC_NORMAL_926,ACC_NORMAL_116,5369.0,2026-06-13 09:00:00
TXN004211,ACC_NORMAL_941,ACC_NORMAL_839,6469.0,2026-07-18 04:00:00
TXN004212,ACC_NORMAL_252,ACC_NORMAL_665,8063.0,2026-03-15 15:00:00
TXN004213,ACC_NORMAL_947,ACC_NORMAL_971,6688.0,2026-05-27 11:00:00
TXN004214,ACC_NORMAL_443,ACC_NORMAL_899,4171.0,2026-07-20 03:00:00
TXN004215,ACC_NORMAL_25,ACC_NORMAL_348,2858.0,2026-06-16 21:00:00
TXN004216,ACC_NORMAL_536,ACC_NORMAL_199,742.0,2026-04-11 23:00:00
TXN004217,ACC_NORMAL_477,ACC_NORMAL_974,1753.0,2026-05-04 00:00:00
TXN004218,ACC_NORMAL_182,ACC_NORMAL_951,6363.0,2026-04-15 00:00:00
TXN004219,ACC_NORMAL_415,ACC_NORMAL_351,8259.0,2026-07-08 11:00:00
TXN004220,ACC_NORMAL_628,ACC_NORMAL_208,1135.0,2026-06-06 03:00:00
TXN004221,ACC_NORMAL_695,ACC_NORMAL_350,7777.0,2026-05-10 16:00:00
TXN004222,ACC_NORMAL_322,ACC_NORMAL_481,748.0,2026-03-12 20:00:00
TXN004223,ACC_NORMAL_236,ACC_NORMAL_566,5462.0,2026-04-08 16:00:00
TXN004224,ACC_NORMAL_406,ACC_NORMAL_658,9491.0,2026-03-27 16:00:00
TXN004225,ACC_NORMAL_836,ACC_NORMAL_653,2557.0,2026-07-07 21:00:00
TXN004226,ACC_NORMAL_280,ACC_NORMAL_363,7843.0,2026-04-30 13:00:00
TXN004227,ACC_NORMAL_107,ACC_NORMAL_425,704.0,2026-06-18 15:00:00
TXN004228,ACC_NORMAL_900,ACC_NORMAL_640,1220.0,2026-04-25 23:00:00
TXN004229,ACC_NORMAL_71,ACC_NORMAL_946,1764.0,2026-06-23 23:00:00
TXN004230,ACC_NORMAL_113,ACC_NORMAL_754,1130.0,2026-05-20 13:00:00
TXN004231,ACC_NORMAL_310,ACC_NORMAL_400,2770.0,2026-03-24 06:00:00
TXN004232,ACC_NORMAL_520,ACC_NORMAL_912,6727.0,2026-07-04 12:00:00
TXN004233,ACC_NORMAL_642,ACC_NORMAL_320,2571.0,2026-07-11 00:00:00
TXN004234,ACC_NORMAL_164,ACC_NORMAL_146,4766.0,2026-06-09 21:00:00
TXN004235,ACC_NORMAL_77,ACC_NORMAL_105,9267.0,2026-03-28 17:00:00
TXN004236,ACC_NORMAL_799,ACC_NORMAL_413,1054.0,2026-07-19 21:00:00
TXN004237,ACC_NORMAL_994,ACC_NORMAL_310,3189.0,2026-03-14 14:00:00
TXN004238,ACC_NORMAL_856,ACC_NORMAL_510,7480.0,2026-07-02 10:00:00
TXN004239,ACC_NORMAL_41,ACC_NORMAL_532,832.0,2026-06-08 01:00:00
TXN004240,ACC_NORMAL_425,ACC_NORMAL_251,5206.0,2026-05-27 06:00:00
TXN004241,ACC_NORMAL_294,ACC_NORMAL_161,5615.0,2026-03-18 04:00:00
TXN004242,ACC_NORMAL_861,ACC_NORMAL_618,2758.0,2026-04-23 15:00:00
TXN004243,ACC_NORMAL_752,ACC_NORMAL_81,1548.0,2026-06-09 09:00:00
TXN004244,ACC_NORMAL_992,ACC_NORMAL_783,9939.0,2026-03-10 08:00:00
TXN004245,ACC_NORMAL_69,ACC_NORMAL_19,194.0,2026-05-30 08:00:00
TXN004246,ACC_NORMAL_499,ACC_NORMAL_320,3181.0,2026-05-16 17:00:00
TXN004247,ACC_NORMAL_278,ACC_NORMAL_24,122.0,2026-06-28 16:00:00
TXN004248,ACC_NORMAL_584,ACC_NORMAL_289,1216.0,2026-05-15 23:00:00
TXN004249,ACC_NORMAL_887,ACC_NORMAL_957,1174.0,2026-04-04 12:00:00
TXN004250,ACC_NORMAL_100,ACC_NORMAL_489,6950.0,2026-03-16 02:00:00
TXN004251,ACC_NORMAL_658,ACC_NORMAL_703,5450.0,2026-04-19 23:00:00
TXN004252,ACC_NORMAL_91,ACC_NORMAL_163,3924.0,2026-05-29 12:00:00
TXN004253,ACC_NORMAL_515,ACC_NORMAL_779,1844.0,2026-06-25 03:00:00
TXN004254,ACC_NORMAL_700,ACC_NORMAL_378,7100.0,2026-05-16 20:00:00
TXN004255,ACC_NORMAL_571,ACC_NORMAL_931,7039.0,2026-06-06 00:00:00
TXN004256,ACC_NORMAL_197,ACC_NORMAL_91,6641.0,2026-05-08 09:00:00
TXN004257,ACC_NORMAL_838,ACC_NORMAL_791,6218.0,2026-04-15 00:00:00
TXN004258,ACC_NORMAL_226,ACC_NORMAL_885,7267.0,2026-04-07 20:00:00
TXN004259,ACC_NORMAL_582,ACC_NORMAL_33,5368.0,2026-06-19 19:00:00
TXN004260,ACC_NORMAL_243,ACC_NORMAL_680,1529.0,2026-07-21 01:00:00
TXN004261,ACC_NORMAL_687,ACC_NORMAL_620,139.0,2026-06-06 12:00:00
TXN004262,ACC_NORMAL_710,ACC_NORMAL_552,7340.0,2026-07-10 19:00:00
TXN004263,ACC_NORMAL_840,ACC_NORMAL_908,4418.0,2026-07-09 15:00:00
TXN004264,ACC_NORMAL_205,ACC_NORMAL_939,9235.0,2026-04-08 09:00:00
TXN004265,ACC_NORMAL_631,ACC_NORMAL_896,2891.0,2026-07-23 11:00:00
TXN004266,ACC_NORMAL_492,ACC_NORMAL_138,5089.0,2026-06-19 19:00:00
TXN004267,ACC_NORMAL_247,ACC_NORMAL_156,7965.0,2026-05-15 18:00:00
TXN004268,ACC_NORMAL_869,ACC_NORMAL_879,1086.0,2026-05-15 14:00:00
TXN004269,ACC_NORMAL_266,ACC_NORMAL_121,7668.0,2026-03-29 18:00:00
TXN004270,ACC_NORMAL_526,ACC_NORMAL_331,5143.0,2026-03-12 09:00:00
TXN004271,ACC_NORMAL_545,ACC_NORMAL_166,2901.0,2026-03-19 13:00:00
TXN004272,ACC_NORMAL_869,ACC_NORMAL_33,9989.0,2026-06-22 02:00:00
TXN004273,ACC_NORMAL_226,ACC_NORMAL_853,3367.0,2026-05-17 09:00:00
TXN004274,ACC_NORMAL_541,ACC_NORMAL_317,7189.0,2026-05-25 03:00:00
TXN004275,ACC_NORMAL_443,ACC_NORMAL_214,5018.0,2026-05-28 04:00:00
TXN004276,ACC_NORMAL_750,ACC_NORMAL_578,5464.0,2026-07-12 03:00:00
TXN004277,ACC_NORMAL_487,ACC_NORMAL_648,1201.0,2026-04-08 22:00:00
TXN004278,ACC_NORMAL_228,ACC_NORMAL_218,8517.0,2026-06-24 21:00:00
TXN004279,ACC_NORMAL_395,ACC_NORMAL_383,9905.0,2026-06-06 11:00:00
TXN004280,ACC_NORMAL_575,ACC_NORMAL_476,4073.0,2026-03-12 12:00:00
TXN004281,ACC_NORMAL_396,ACC_NORMAL_751,6735.0,2026-06-06 14:00:00
TXN004282,ACC_NORMAL_117,ACC_NORMAL_548,2918.0,2026-07-09 00:00:00
TXN004283,ACC_NORMAL_346,ACC_NORMAL_30,4551.0,2026-05-06 04:00:00
TXN004284,ACC_NORMAL_49,ACC_NORMAL_590,4037.0,2026-05-06 19:00:00
TXN004285,ACC_NORMAL_274,ACC_NORMAL_9,3910.0,2026-05-17 22:00:00
TXN004286,ACC_NORMAL_842,ACC_NORMAL_215,6817.0,2026-03-16 21:00:00
TXN004287,ACC_NORMAL_989,ACC_NORMAL_103,5376.0,2026-07-14 11:00:00
TXN004288,ACC_NORMAL_755,ACC_NORMAL_84,1444.0,2026-07-16 05:00:00
TXN004289,ACC_NORMAL_928,ACC_NORMAL_643,8307.0,2026-03-21 11:00:00
TXN004290,ACC_NORMAL_358,ACC_NORMAL_698,7933.0,2026-07-27 04:00:00
TXN004291,ACC_NORMAL_370,ACC_NORMAL_817,9464.0,2026-05-24 08:00:00
TXN004292,ACC_NORMAL_485,ACC_NORMAL_35,3893.0,2026-07-24 20:00:00
TXN004293,ACC_NORMAL_392,ACC_NORMAL_304,5939.0,2026-05-18 04:00:00
TXN004294,ACC_NORMAL_147,ACC_NORMAL_273,5014.0,2026-06-26 00:00:00
TXN004295,ACC_NORMAL_592,ACC_NORMAL_824,5983.0,2026-06-26 21:00:00
TXN004296,ACC_NORMAL_28,ACC_NORMAL_195,3836.0,2026-06-23 08:00:00
TXN004297,ACC_NORMAL_970,ACC_NORMAL_89,5863.0,2026-04-20 02:00:00
TXN004298,ACC_NORMAL_766,ACC_NORMAL_175,803.0,2026-06-15 22:00:00
TXN004299,ACC_NORMAL_627,ACC_NORMAL_926,1417.0,2026-05-25 02:00:00
TXN004300,ACC_NORMAL_590,ACC_NORMAL_777,7029.0,2026-07-24 14:00:00
TXN004301,ACC_NORMAL_846,ACC_NORMAL_184,3944.0,2026-03-21 14:00:00
TXN004302,ACC_NORMAL_616,ACC_NORMAL_138,6685.0,2026-03-06 14:00:00
TXN004303,ACC_NORMAL_20,ACC_NORMAL_700,9385.0,2026-06-16 03:00:00
TXN004304,ACC_NORMAL_152,ACC_NORMAL_258,4045.0,2026-03-24 17:00:00
TXN004305,ACC_NORMAL_501,ACC_NORMAL_124,3102.0,2026-06-25 12:00:00
TXN004306,ACC_NORMAL_381,ACC_NORMAL_229,4381.0,2026-05-25 21:00:00
TXN004307,ACC_NORMAL_600,ACC_NORMAL_724,450.0,2026-04-14 10:00:00
TXN004308,ACC_NORMAL_498,ACC_NORMAL_831,3735.0,2026-03-23 07:00:00
TXN004309,ACC_NORMAL_476,ACC_NORMAL_682,4340.0,2026-04-06 07:00:00
TXN004310,ACC_NORMAL_362,ACC_NORMAL_243,3047.0,2026-06-20 03:00:00
TXN004311,ACC_NORMAL_903,ACC_NORMAL_398,7053.0,2026-07-13 16:00:00
TXN004312,ACC_NORMAL_677,ACC_NORMAL_732,1929.0,2026-07-06 23:00:00
TXN004313,ACC_NORMAL_401,ACC_NORMAL_661,1091.0,2026-03-10 16:00:00
TXN004314,ACC_NORMAL_460,ACC_NORMAL_685,922.0,2026-03-20 15:00:00
TXN004315,ACC_NORMAL_310,ACC_NORMAL_775,5242.0,2026-06-28 19:00:00
TXN004316,ACC_NORMAL_851,ACC_NORMAL_94,3080.0,2026-04-06 04:00:00
TXN004317,ACC_NORMAL_780,ACC_NORMAL_913,6760.0,2026-04-24 21:00:00
TXN004318,ACC_NORMAL_883,ACC_NORMAL_10,9364.0,2026-06-30 01:00:00
TXN004319,ACC_NORMAL_881,ACC_NORMAL_648,1923.0,2026-05-14 10:00:00
TXN004320,ACC_NORMAL_22,ACC_NORMAL_757,4588.0,2026-07-05 05:00:00
TXN004321,ACC_NORMAL_850,ACC_NORMAL_380,1277.0,2026-06-25 14:00:00
TXN004322,ACC_NORMAL_399,ACC_NORMAL_390,2322.0,2026-04-02 02:00:00
TXN004323,ACC_NORMAL_938,ACC_NORMAL_310,2871.0,2026-04-20 11:00:00
TXN004324,ACC_NORMAL_148,ACC_NORMAL_374,7728.0,2026-04-07 04:00:00
TXN004325,ACC_NORMAL_741,ACC_NORMAL_691,2598.0,2026-07-12 04:00:00
TXN004326,ACC_NORMAL_73,ACC_NORMAL_599,1230.0,2026-04-23 19:00:00
TXN004327,ACC_NORMAL_107,ACC_NORMAL_121,6995.0,2026-05-19 14:00:00
TXN004328,ACC_NORMAL_50,ACC_NORMAL_564,2537.0,2026-07-18 14:00:00
TXN004329,ACC_NORMAL_778,ACC_NORMAL_449,960.0,2026-05-21 19:00:00
TXN004330,ACC_NORMAL_754,ACC_NORMAL_539,2406.0,2026-06-12 19:00:00
TXN004331,ACC_NORMAL_870,ACC_NORMAL_230,9551.0,2026-07-25 10:00:00
TXN004332,ACC_NORMAL_713,ACC_NORMAL_424,334.0,2026-03-10 16:00:00
TXN004333,ACC_NORMAL_571,ACC_NORMAL_319,3072.0,2026-06-08 11:00:00
TXN004334,ACC_NORMAL_615,ACC_NORMAL_482,1417.0,2026-04-01 16:00:00
TXN004335,ACC_NORMAL_783,ACC_NORMAL_702,7430.0,2026-07-03 05:00:00
TXN004336,ACC_NORMAL_725,ACC_NORMAL_811,6548.0,2026-06-23 01:00:00
TXN004337,ACC_NORMAL_807,ACC_NORMAL_985,8610.0,2026-06-01 21:00:00
TXN004338,ACC_NORMAL_211,ACC_NORMAL_81,8660.0,2026-05-20 11:00:00
TXN004339,ACC_NORMAL_354,ACC_NORMAL_213,6874.0,2026-03-10 00:00:00
TXN004340,ACC_NORMAL_818,ACC_NORMAL_520,7490.0,2026-07-15 08:00:00
TXN004341,ACC_NORMAL_479,ACC_NORMAL_696,5724.0,2026-03-25 06:00:00
TXN004342,ACC_NORMAL_287,ACC_NORMAL_303,5420.0,2026-04-30 11:00:00
TXN004343,ACC_NORMAL_969,ACC_NORMAL_457,7649.0,2026-04-07 14:00:00
TXN004344,ACC_NORMAL_856,ACC_NORMAL_733,2269.0,2026-03-21 15:00:00
TXN004345,ACC_NORMAL_699,ACC_NORMAL_463,9380.0,2026-06-14 13:00:00
TXN004346,ACC_NORMAL_918,ACC_NORMAL_424,1692.0,2026-04-27 02:00:00
TXN004347,ACC_NORMAL_653,ACC_NORMAL_274,6987.0,2026-03-21 19:00:00
TXN004348,ACC_NORMAL_251,ACC_NORMAL_893,1004.0,2026-06-21 16:00:00
TXN004349,ACC_NORMAL_79,ACC_NORMAL_856,6960.0,2026-07-20 01:00:00
TXN004350,ACC_NORMAL_580,ACC_NORMAL_594,1036.0,2026-07-16 14:00:00
TXN004351,ACC_NORMAL_688,ACC_NORMAL_57,3207.0,2026-07-20 17:00:00
TXN004352,ACC_NORMAL_928,ACC_NORMAL_512,9020.0,2026-05-20 13:00:00
TXN004353,ACC_NORMAL_263,ACC_NORMAL_443,1356.0,2026-07-24 11:00:00
TXN004354,ACC_NORMAL_283,ACC_NORMAL_713,5785.0,2026-04-29 22:00:00
TXN004355,ACC_NORMAL_348,ACC_NORMAL_510,5102.0,2026-03-20 01:00:00
TXN004356,ACC_NORMAL_664,ACC_NORMAL_400,1060.0,2026-07-06 01:00:00
TXN004357,ACC_NORMAL_976,ACC_NORMAL_803,9616.0,2026-03-12 07:00:00
TXN004358,ACC_NORMAL_959,ACC_NORMAL_85,6698.0,2026-03-08 21:00:00
TXN004359,ACC_NORMAL_411,ACC_NORMAL_79,4240.0,2026-05-25 07:00:00
TXN004360,ACC_NORMAL_862,ACC_NORMAL_468,9002.0,2026-04-12 13:00:00
TXN004361,ACC_NORMAL_944,ACC_NORMAL_27,3744.0,2026-03-15 17:00:00
TXN004362,ACC_NORMAL_594,ACC_NORMAL_377,5993.0,2026-03-29 19:00:00
TXN004363,ACC_NORMAL_139,ACC_NORMAL_261,4517.0,2026-07-27 02:00:00
TXN004364,ACC_NORMAL_489,ACC_NORMAL_920,3053.0,2026-06-03 09:00:00
TXN004365,ACC_NORMAL_485,ACC_NORMAL_282,7320.0,2026-04-21 23:00:00
TXN004366,ACC_NORMAL_534,ACC_NORMAL_940,9676.0,2026-03-31 21:00:00
TXN004367,ACC_NORMAL_582,ACC_NORMAL_740,398.0,2026-06-13 11:00:00
TXN004368,ACC_NORMAL_690,ACC_NORMAL_169,2371.0,2026-07-13 02:00:00
TXN004369,ACC_NORMAL_313,ACC_NORMAL_698,2993.0,2026-06-17 15:00:00
TXN004370,ACC_NORMAL_49,ACC_NORMAL_316,4242.0,2026-03-07 00:00:00
TXN004371,ACC_NORMAL_101,ACC_NORMAL_560,7182.0,2026-06-15 02:00:00
TXN004372,ACC_NORMAL_694,ACC_NORMAL_203,2485.0,2026-06-04 11:00:00
TXN004373,ACC_NORMAL_543,ACC_NORMAL_639,2341.0,2026-05-19 19:00:00
TXN004374,ACC_NORMAL_506,ACC_NORMAL_751,2142.0,2026-03-21 19:00:00
TXN004375,ACC_NORMAL_240,ACC_NORMAL_846,178.0,2026-04-04 22:00:00
TXN004376,ACC_NORMAL_878,ACC_NORMAL_461,5617.0,2026-05-11 10:00:00
TXN004377,ACC_NORMAL_756,ACC_NORMAL_759,2743.0,2026-07-14 14:00:00
TXN004378,ACC_NORMAL_599,ACC_NORMAL_184,9973.0,2026-04-22 12:00:00
TXN004379,ACC_NORMAL_110,ACC_NORMAL_432,3362.0,2026-06-06 03:00:00
TXN004380,ACC_NORMAL_400,ACC_NORMAL_579,3487.0,2026-06-10 18:00:00
TXN004381,ACC_NORMAL_459,ACC_NORMAL_577,9513.0,2026-06-22 05:00:00
TXN004382,ACC_NORMAL_386,ACC_NORMAL_735,5132.0,2026-05-06 19:00:00
TXN004383,ACC_NORMAL_461,ACC_NORMAL_623,908.0,2026-06-01 13:00:00
TXN004384,ACC_NORMAL_8,ACC_NORMAL_360,5234.0,2026-05-22 22:00:00
TXN004385,ACC_NORMAL_137,ACC_NORMAL_838,1989.0,2026-07-15 03:00:00
TXN004386,ACC_NORMAL_561,ACC_NORMAL_498,9134.0,2026-07-27 12:00:00
TXN004387,ACC_NORMAL_727,ACC_NORMAL_420,6742.0,2026-03-29 06:00:00
TXN004388,ACC_NORMAL_668,ACC_NORMAL_685,9579.0,2026-07-22 19:00:00
TXN004389,ACC_NORMAL_159,ACC_NORMAL_779,5621.0,2026-07-11 21:00:00
TXN004390,ACC_NORMAL_268,ACC_NORMAL_429,3364.0,2026-05-28 02:00:00
TXN004391,ACC_NORMAL_597,ACC_NORMAL_460,7694.0,2026-05-28 19:00:00
TXN004392,ACC_NORMAL_176,ACC_NORMAL_985,9914.0,2026-04-20 03:00:00
TXN004393,ACC_NORMAL_979,ACC_NORMAL_528,1298.0,2026-03-17 20:00:00
TXN004394,ACC_NORMAL_59,ACC_NORMAL_583,2459.0,2026-04-28 05:00:00
TXN004395,ACC_NORMAL_941,ACC_NORMAL_85,5553.0,2026-05-05 04:00:00
TXN004396,ACC_NORMAL_32,ACC_NORMAL_795,7295.0,2026-07-20 14:00:00
TXN004397,ACC_NORMAL_459,ACC_NORMAL_314,3790.0,2026-04-30 05:00:00
TXN004398,ACC_NORMAL_284,ACC_NORMAL_527,6034.0,2026-06-18 05:00:00
TXN004399,ACC_NORMAL_539,ACC_NORMAL_282,8182.0,2026-07-13 20:00:00
TXN004400,ACC_NORMAL_850,ACC_NORMAL_67,6705.0,2026-05-27 12:00:00
TXN004401,ACC_NORMAL_788,ACC_NORMAL_710,9902.0,2026-05-03 00:00:00
TXN004402,ACC_NORMAL_224,ACC_NORMAL_840,6169.0,2026-04-03 12:00:00
TXN004403,ACC_NORMAL_683,ACC_NORMAL_127,3611.0,2026-06-16 19:00:00
TXN004404,ACC_NORMAL_213,ACC_NORMAL_568,7232.0,2026-05-18 02:00:00
TXN004405,ACC_NORMAL_705,ACC_NORMAL_972,3869.0,2026-04-08 18:00:00
TXN004406,ACC_NORMAL_404,ACC_NORMAL_298,3055.0,2026-05-18 13:00:00
TXN004407,ACC_NORMAL_987,ACC_NORMAL_43,2966.0,2026-07-07 04:00:00
TXN004408,ACC_NORMAL_73,ACC_NORMAL_88,4602.0,2026-05-29 01:00:00
TXN004409,ACC_NORMAL_875,ACC_NORMAL_210,2785.0,2026-03-24 12:00:00
TXN004410,ACC_NORMAL_898,ACC_NORMAL_862,5582.0,2026-04-18 00:00:00
TXN004411,ACC_NORMAL_893,ACC_NORMAL_595,9136.0,2026-07-19 19:00:00
TXN004412,ACC_NORMAL_583,ACC_NORMAL_871,7968.0,2026-03-06 21:00:00
TXN004413,ACC_NORMAL_260,ACC_NORMAL_395,355.0,2026-05-22 05:00:00
TXN004414,ACC_NORMAL_235,ACC_NORMAL_948,4873.0,2026-04-26 11:00:00
TXN004415,ACC_NORMAL_530,ACC_NORMAL_159,7976.0,2026-07-02 16:00:00
TXN004416,ACC_NORMAL_234,ACC_NORMAL_597,8308.0,2026-04-26 01:00:00
TXN004417,ACC_NORMAL_299,ACC_NORMAL_509,9236.0,2026-04-17 05:00:00
TXN004418,ACC_NORMAL_475,ACC_NORMAL_600,2449.0,2026-03-08 02:00:00
TXN004419,ACC_NORMAL_294,ACC_NORMAL_544,9391.0,2026-05-05 05:00:00
TXN004420,ACC_NORMAL_467,ACC_NORMAL_39,4756.0,2026-05-21 23:00:00
TXN004421,ACC_NORMAL_946,ACC_NORMAL_594,7906.0,2026-06-12 22:00:00
TXN004422,ACC_NORMAL_453,ACC_NORMAL_77,8494.0,2026-03-11 07:00:00
TXN004423,ACC_NORMAL_715,ACC_NORMAL_804,2899.0,2026-04-12 16:00:00
TXN004424,ACC_NORMAL_42,ACC_NORMAL_104,7300.0,2026-07-06 03:00:00
TXN004425,ACC_NORMAL_581,ACC_NORMAL_81,6764.0,2026-06-12 20:00:00
TXN004426,ACC_NORMAL_374,ACC_NORMAL_325,9515.0,2026-07-25 15:00:00
TXN004427,ACC_NORMAL_149,ACC_NORMAL_797,329.0,2026-07-04 17:00:00
TXN004428,ACC_NORMAL_93,ACC_NORMAL_451,1546.0,2026-07-27 07:00:00
TXN004429,ACC_NORMAL_440,ACC_NORMAL_204,918.0,2026-07-01 07:00:00
TXN004430,ACC_NORMAL_479,ACC_NORMAL_99,4429.0,2026-05-10 18:00:00
TXN004431,ACC_NORMAL_142,ACC_NORMAL_575,1804.0,2026-03-21 00:00:00
TXN004432,ACC_NORMAL_13,ACC_NORMAL_643,7943.0,2026-05-12 08:00:00
TXN004433,ACC_NORMAL_771,ACC_NORMAL_419,3496.0,2026-04-12 14:00:00
TXN004434,ACC_NORMAL_525,ACC_NORMAL_516,2534.0,2026-05-10 03:00:00
TXN004435,ACC_NORMAL_895,ACC_NORMAL_98,9720.0,2026-03-13 17:00:00
TXN004436,ACC_NORMAL_454,ACC_NORMAL_884,4462.0,2026-04-30 21:00:00
TXN004437,ACC_NORMAL_576,ACC_NORMAL_682,8596.0,2026-04-29 00:00:00
TXN004438,ACC_NORMAL_922,ACC_NORMAL_273,1679.0,2026-07-07 12:00:00
TXN004439,ACC_NORMAL_119,ACC_NORMAL_768,4537.0,2026-04-03 05:00:00
TXN004440,ACC_NORMAL_970,ACC_NORMAL_242,554.0,2026-04-26 13:00:00
TXN004441,ACC_NORMAL_346,ACC_NORMAL_601,3329.0,2026-06-30 12:00:00
TXN004442,ACC_NORMAL_327,ACC_NORMAL_433,2846.0,2026-07-27 23:00:00
TXN004443,ACC_NORMAL_724,ACC_NORMAL_152,675.0,2026-04-24 02:00:00
TXN004444,ACC_NORMAL_765,ACC_NORMAL_53,5832.0,2026-06-04 02:00:00
TXN004445,ACC_NORMAL_255,ACC_NORMAL_999,330.0,2026-05-25 21:00:00
TXN004446,ACC_NORMAL_201,ACC_NORMAL_593,5541.0,2026-03-07 22:00:00
TXN004447,ACC_NORMAL_402,ACC_NORMAL_540,8419.0,2026-03-19 13:00:00
TXN004448,ACC_NORMAL_439,ACC_NORMAL_279,6057.0,2026-04-28 00:00:00
TXN004449,ACC_NORMAL_277,ACC_NORMAL_565,3094.0,2026-03-20 19:00:00
TXN004450,ACC_NORMAL_182,ACC_NORMAL_408,7968.0,2026-06-14 03:00:00
TXN004451,ACC_NORMAL_252,ACC_NORMAL_414,2896.0,2026-03-20 07:00:00
TXN004452,ACC_NORMAL_611,ACC_NORMAL_816,4082.0,2026-04-24 03:00:00
TXN004453,ACC_NORMAL_415,ACC_NORMAL_931,7468.0,2026-05-19 08:00:00
TXN004454,ACC_NORMAL_868,ACC_NORMAL_37,8211.0,2026-04-23 09:00:00
TXN004455,ACC_NORMAL_192,ACC_NORMAL_35,3570.0,2026-04-04 01:00:00
TXN004456,ACC_NORMAL_459,ACC_NORMAL_503,5000.0,2026-04-18 14:00:00
TXN004457,ACC_NORMAL_127,ACC_NORMAL_887,5264.0,2026-04-24 13:00:00
TXN004458,ACC_NORMAL_656,ACC_NORMAL_880,5966.0,2026-07-21 09:00:00
TXN004459,ACC_NORMAL_493,ACC_NORMAL_564,134.0,2026-07-03 22:00:00
TXN004460,ACC_NORMAL_514,ACC_NORMAL_593,4155.0,2026-07-21 15:00:00
TXN004461,ACC_NORMAL_231,ACC_NORMAL_543,7113.0,2026-07-02 13:00:00
TXN004462,ACC_NORMAL_836,ACC_NORMAL_334,3355.0,2026-04-26 19:00:00
TXN004463,ACC_NORMAL_158,ACC_NORMAL_641,9162.0,2026-04-05 09:00:00
TXN004464,ACC_NORMAL_971,ACC_NORMAL_239,671.0,2026-06-23 00:00:00
TXN004465,ACC_NORMAL_264,ACC_NORMAL_696,4565.0,2026-07-28 04:00:00
TXN004466,ACC_NORMAL_127,ACC_NORMAL_389,4038.0,2026-06-02 06:00:00
TXN004467,ACC_NORMAL_783,ACC_NORMAL_641,2714.0,2026-03-14 03:00:00
TXN004468,ACC_NORMAL_732,ACC_NORMAL_750,4560.0,2026-04-24 17:00:00
TXN004469,ACC_NORMAL_442,ACC_NORMAL_262,6774.0,2026-03-31 20:00:00
TXN004470,ACC_NORMAL_326,ACC_NORMAL_892,2659.0,2026-06-13 21:00:00
TXN004471,ACC_NORMAL_542,ACC_NORMAL_573,8427.0,2026-05-31 07:00:00
TXN004472,ACC_NORMAL_574,ACC_NORMAL_31,5519.0,2026-05-19 15:00:00
TXN004473,ACC_NORMAL_534,ACC_NORMAL_391,7035.0,2026-03-06 00:00:00
TXN004474,ACC_NORMAL_713,ACC_NORMAL_185,4268.0,2026-07-04 12:00:00
TXN004475,ACC_NORMAL_976,ACC_NORMAL_55,7556.0,2026-04-21 19:00:00
TXN004476,ACC_NORMAL_891,ACC_NORMAL_108,7392.0,2026-04-20 02:00:00
TXN004477,ACC_NORMAL_556,ACC_NORMAL_716,8528.0,2026-03-19 20:00:00
TXN004478,ACC_NORMAL_199,ACC_NORMAL_193,1639.0,2026-06-02 01:00:00
TXN004479,ACC_NORMAL_286,ACC_NORMAL_686,9734.0,2026-07-26 02:00:00
TXN004480,ACC_NORMAL_487,ACC_NORMAL_782,7644.0,2026-05-15 09:00:00
TXN004481,ACC_NORMAL_871,ACC_NORMAL_216,3412.0,2026-05-26 15:00:00
TXN004482,ACC_NORMAL_31,ACC_NORMAL_854,9598.0,2026-07-19 10:00:00
TXN004483,ACC_NORMAL_451,ACC_NORMAL_81,9677.0,2026-04-02 19:00:00
TXN004484,ACC_NORMAL_447,ACC_NORMAL_617,9523.0,2026-03-22 06:00:00
TXN004485,ACC_NORMAL_850,ACC_NORMAL_820,5025.0,2026-06-17 07:00:00
TXN004486,ACC_NORMAL_851,ACC_NORMAL_592,2713.0,2026-07-25 07:00:00
TXN004487,ACC_NORMAL_167,ACC_NORMAL_581,345.0,2026-04-15 15:00:00
TXN004488,ACC_NORMAL_295,ACC_NORMAL_253,2307.0,2026-06-11 21:00:00
TXN004489,ACC_NORMAL_341,ACC_NORMAL_323,7452.0,2026-05-26 13:00:00
TXN004490,ACC_NORMAL_749,ACC_NORMAL_567,3281.0,2026-07-10 23:00:00
TXN004491,ACC_NORMAL_338,ACC_NORMAL_732,3989.0,2026-03-27 13:00:00
TXN004492,ACC_NORMAL_368,ACC_NORMAL_209,2944.0,2026-04-21 18:00:00
TXN004493,ACC_NORMAL_780,ACC_NORMAL_60,6913.0,2026-06-03 18:00:00
TXN004494,ACC_NORMAL_666,ACC_NORMAL_556,7234.0,2026-05-22 14:00:00
TXN004495,ACC_NORMAL_820,ACC_NORMAL_968,5716.0,2026-07-03 09:00:00
TXN004496,ACC_NORMAL_895,ACC_NORMAL_352,1556.0,2026-07-14 21:00:00
TXN004497,ACC_NORMAL_831,ACC_NORMAL_715,8118.0,2026-06-16 05:00:00
TXN004498,ACC_NORMAL_139,ACC_NORMAL_792,8233.0,2026-04-08 02:00:00
TXN004499,ACC_NORMAL_169,ACC_NORMAL_155,3825.0,2026-03-24 17:00:00
TXN004500,ACC_NORMAL_977,ACC_NORMAL_67,2542.0,2026-03-04 20:00:00
TXN004501,ACC_NORMAL_128,ACC_NORMAL_192,5414.0,2026-05-31 02:00:00
TXN004502,ACC_NORMAL_622,ACC_NORMAL_867,2824.0,2026-03-29 09:00:00
TXN004503,ACC_NORMAL_495,ACC_NORMAL_672,1991.0,2026-03-08 01:00:00
TXN004504,ACC_NORMAL_421,ACC_NORMAL_712,6062.0,2026-04-10 04:00:00
TXN004505,ACC_NORMAL_651,ACC_NORMAL_109,4158.0,2026-04-25 03:00:00
TXN004506,ACC_NORMAL_196,ACC_NORMAL_482,6186.0,2026-03-08 21:00:00
TXN004507,ACC_NORMAL_5,ACC_NORMAL_588,1649.0,2026-05-23 06:00:00
TXN004508,ACC_NORMAL_630,ACC_NORMAL_674,6823.0,2026-07-10 11:00:00
TXN004509,ACC_NORMAL_607,ACC_NORMAL_808,8879.0,2026-07-08 10:00:00
TXN004510,ACC_NORMAL_244,ACC_NORMAL_594,749.0,2026-03-31 15:00:00
TXN004511,ACC_NORMAL_726,ACC_NORMAL_621,6964.0,2026-04-07 16:00:00
TXN004512,ACC_NORMAL_342,ACC_NORMAL_83,4352.0,2026-04-22 12:00:00
TXN004513,ACC_NORMAL_373,ACC_NORMAL_674,8047.0,2026-03-28 04:00:00
TXN004514,ACC_NORMAL_868,ACC_NORMAL_445,9997.0,2026-07-01 10:00:00
TXN004515,ACC_NORMAL_50,ACC_NORMAL_711,1431.0,2026-05-07 08:00:00
TXN004516,ACC_NORMAL_81,ACC_NORMAL_791,9694.0,2026-05-05 17:00:00
TXN004517,ACC_NORMAL_693,ACC_NORMAL_724,3093.0,2026-07-16 22:00:00
TXN004518,ACC_NORMAL_505,ACC_NORMAL_36,4639.0,2026-04-01 11:00:00
TXN004519,ACC_NORMAL_399,ACC_NORMAL_154,4449.0,2026-06-20 22:00:00
TXN004520,ACC_NORMAL_788,ACC_NORMAL_218,9153.0,2026-04-10 23:00:00
TXN004521,ACC_NORMAL_439,ACC_NORMAL_434,136.0,2026-06-08 18:00:00
TXN004522,ACC_NORMAL_777,ACC_NORMAL_986,9897.0,2026-03-07 11:00:00
TXN004523,ACC_NORMAL_918,ACC_NORMAL_506,465.0,2026-06-29 04:00:00
TXN004524,ACC_NORMAL_724,ACC_NORMAL_493,4325.0,2026-03-13 00:00:00
TXN004525,ACC_NORMAL_881,ACC_NORMAL_88,719.0,2026-03-25 15:00:00
TXN004526,ACC_NORMAL_488,ACC_NORMAL_333,9185.0,2026-04-22 06:00:00
TXN004527,ACC_NORMAL_902,ACC_NORMAL_708,4270.0,2026-05-29 10:00:00
TXN004528,ACC_NORMAL_977,ACC_NORMAL_505,1943.0,2026-03-18 00:00:00
TXN004529,ACC_NORMAL_449,ACC_NORMAL_607,6999.0,2026-07-02 06:00:00
TXN004530,ACC_NORMAL_609,ACC_NORMAL_621,5576.0,2026-06-17 03:00:00
TXN004531,ACC_NORMAL_668,ACC_NORMAL_168,2737.0,2026-07-17 02:00:00
TXN004532,ACC_NORMAL_889,ACC_NORMAL_373,2335.0,2026-04-04 19:00:00
TXN004533,ACC_NORMAL_306,ACC_NORMAL_195,8287.0,2026-04-22 22:00:00
TXN004534,ACC_NORMAL_697,ACC_NORMAL_272,1624.0,2026-05-30 22:00:00
TXN004535,ACC_NORMAL_600,ACC_NORMAL_45,3327.0,2026-07-20 18:00:00
TXN004536,ACC_NORMAL_338,ACC_NORMAL_37,4270.0,2026-05-31 01:00:00
TXN004537,ACC_NORMAL_398,ACC_NORMAL_19,8225.0,2026-06-25 06:00:00
TXN004538,ACC_NORMAL_651,ACC_NORMAL_52,968.0,2026-05-27 01:00:00
TXN004539,ACC_NORMAL_17,ACC_NORMAL_306,5965.0,2026-07-08 02:00:00
TXN004540,ACC_NORMAL_668,ACC_NORMAL_29,4728.0,2026-07-02 21:00:00
TXN004541,ACC_NORMAL_489,ACC_NORMAL_125,8103.0,2026-03-15 19:00:00
TXN004542,ACC_NORMAL_826,ACC_NORMAL_891,2787.0,2026-04-19 05:00:00
TXN004543,ACC_NORMAL_739,ACC_NORMAL_201,8459.0,2026-07-11 05:00:00
TXN004544,ACC_NORMAL_830,ACC_NORMAL_812,6041.0,2026-04-30 08:00:00
TXN004545,ACC_NORMAL_103,ACC_NORMAL_823,6964.0,2026-04-26 04:00:00
TXN004546,ACC_NORMAL_736,ACC_NORMAL_699,6778.0,2026-04-09 01:00:00
TXN004547,ACC_NORMAL_740,ACC_NORMAL_528,9198.0,2026-05-13 08:00:00
TXN004548,ACC_NORMAL_380,ACC_NORMAL_586,807.0,2026-03-09 05:00:00
TXN004549,ACC_NORMAL_245,ACC_NORMAL_614,5178.0,2026-06-05 11:00:00
TXN004550,ACC_NORMAL_645,ACC_NORMAL_256,8993.0,2026-04-03 03:00:00
TXN004551,ACC_NORMAL_305,ACC_NORMAL_128,8529.0,2026-07-04 10:00:00
TXN004552,ACC_NORMAL_25,ACC_NORMAL_835,5169.0,2026-07-18 02:00:00
TXN004553,ACC_NORMAL_108,ACC_NORMAL_901,9273.0,2026-05-18 22:00:00
TXN004554,ACC_NORMAL_834,ACC_NORMAL_215,502.0,2026-07-26 08:00:00
TXN004555,ACC_NORMAL_934,ACC_NORMAL_536,7543.0,2026-05-13 12:00:00
TXN004556,ACC_NORMAL_716,ACC_NORMAL_906,7040.0,2026-03-22 03:00:00
TXN004557,ACC_NORMAL_520,ACC_NORMAL_715,3131.0,2026-04-07 00:00:00
TXN004558,ACC_NORMAL_638,ACC_NORMAL_882,1964.0,2026-06-21 14:00:00
TXN004559,ACC_NORMAL_299,ACC_NORMAL_319,8966.0,2026-06-02 10:00:00
TXN004560,ACC_NORMAL_466,ACC_NORMAL_890,7465.0,2026-04-05 02:00:00
TXN004561,ACC_NORMAL_306,ACC_NORMAL_278,3052.0,2026-06-18 08:00:00
TXN004562,ACC_NORMAL_808,ACC_NORMAL_227,206.0,2026-06-07 02:00:00
TXN004563,ACC_NORMAL_264,ACC_NORMAL_128,1319.0,2026-07-02 17:00:00
TXN004564,ACC_NORMAL_353,ACC_NORMAL_618,8193.0,2026-04-11 14:00:00
TXN004565,ACC_NORMAL_181,ACC_NORMAL_416,7052.0,2026-06-02 08:00:00
TXN004566,ACC_NORMAL_463,ACC_NORMAL_129,6587.0,2026-03-06 01:00:00
TXN004567,ACC_NORMAL_237,ACC_NORMAL_666,8398.0,2026-03-08 05:00:00
TXN004568,ACC_NORMAL_694,ACC_NORMAL_505,3417.0,2026-05-10 06:00:00
TXN004569,ACC_NORMAL_277,ACC_NORMAL_237,966.0,2026-04-13 20:00:00
TXN004570,ACC_NORMAL_869,ACC_NORMAL_482,5514.0,2026-04-04 16:00:00
TXN004571,ACC_NORMAL_865,ACC_NORMAL_610,8330.0,2026-03-13 00:00:00
TXN004572,ACC_NORMAL_408,ACC_NORMAL_470,231.0,2026-04-23 00:00:00
TXN004573,ACC_NORMAL_322,ACC_NORMAL_937,942.0,2026-07-23 18:00:00
TXN004574,ACC_NORMAL_123,ACC_NORMAL_535,1267.0,2026-07-03 20:00:00
TXN004575,ACC_NORMAL_170,ACC_NORMAL_499,5051.0,2026-04-27 07:00:00
TXN004576,ACC_NORMAL_828,ACC_NORMAL_338,2537.0,2026-05-06 17:00:00
TXN004577,ACC_NORMAL_652,ACC_NORMAL_672,6510.0,2026-04-07 21:00:00
TXN004578,ACC_NORMAL_412,ACC_NORMAL_13,8133.0,2026-07-14 02:00:00
TXN004579,ACC_NORMAL_310,ACC_NORMAL_936,6327.0,2026-04-15 00:00:00
TXN004580,ACC_NORMAL_766,ACC_NORMAL_738,5013.0,2026-05-18 00:00:00
TXN004581,ACC_NORMAL_610,ACC_NORMAL_102,3286.0,2026-03-29 13:00:00
TXN004582,ACC_NORMAL_55,ACC_NORMAL_171,4200.0,2026-03-22 08:00:00
TXN004583,ACC_NORMAL_609,ACC_NORMAL_730,9667.0,2026-04-24 23:00:00
TXN004584,ACC_NORMAL_411,ACC_NORMAL_603,8631.0,2026-07-06 20:00:00
TXN004585,ACC_NORMAL_485,ACC_NORMAL_985,9244.0,2026-04-13 04:00:00
TXN004586,ACC_NORMAL_190,ACC_NORMAL_499,2505.0,2026-06-05 13:00:00
TXN004587,ACC_NORMAL_843,ACC_NORMAL_6,2496.0,2026-05-11 19:00:00
TXN004588,ACC_NORMAL_554,ACC_NORMAL_857,4292.0,2026-07-23 00:00:00
TXN004589,ACC_NORMAL_504,ACC_NORMAL_199,7233.0,2026-06-20 11:00:00
TXN004590,ACC_NORMAL_624,ACC_NORMAL_848,6579.0,2026-06-17 02:00:00
TXN004591,ACC_NORMAL_87,ACC_NORMAL_182,9081.0,2026-04-01 18:00:00
TXN004592,ACC_NORMAL_991,ACC_NORMAL_165,2051.0,2026-07-01 08:00:00
TXN004593,ACC_NORMAL_928,ACC_NORMAL_927,1690.0,2026-05-26 07:00:00
TXN004594,ACC_NORMAL_948,ACC_NORMAL_881,4897.0,2026-07-23 15:00:00
TXN004595,ACC_NORMAL_496,ACC_NORMAL_956,8190.0,2026-07-26 14:00:00
TXN004596,ACC_NORMAL_914,ACC_NORMAL_365,6199.0,2026-03-05 00:00:00
TXN004597,ACC_NORMAL_407,ACC_NORMAL_732,8134.0,2026-04-16 23:00:00
TXN004598,ACC_NORMAL_279,ACC_NORMAL_695,946.0,2026-04-10 02:00:00
TXN004599,ACC_NORMAL_62,ACC_NORMAL_215,336.0,2026-04-02 11:00:00
TXN004600,ACC_NORMAL_163,ACC_NORMAL_959,6812.0,2026-07-25 09:00:00
TXN004601,ACC_NORMAL_957,ACC_NORMAL_844,2274.0,2026-03-22 03:00:00
TXN004602,ACC_NORMAL_867,ACC_NORMAL_752,5146.0,2026-06-01 09:00:00
TXN004603,ACC_NORMAL_918,ACC_NORMAL_816,718.0,2026-05-27 09:00:00
TXN004604,ACC_NORMAL_854,ACC_NORMAL_196,9141.0,2026-05-03 08:00:00
TXN004605,ACC_NORMAL_911,ACC_NORMAL_557,7534.0,2026-05-03 20:00:00
TXN004606,ACC_NORMAL_15,ACC_NORMAL_545,5848.0,2026-04-17 04:00:00
TXN004607,ACC_NORMAL_151,ACC_NORMAL_884,3189.0,2026-06-22 23:00:00
TXN004608,ACC_NORMAL_407,ACC_NORMAL_228,7661.0,2026-06-07 22:00:00
TXN004609,ACC_NORMAL_366,ACC_NORMAL_40,2604.0,2026-07-27 21:00:00
TXN004610,ACC_NORMAL_860,ACC_NORMAL_551,2853.0,2026-04-16 21:00:00
TXN004611,ACC_NORMAL_818,ACC_NORMAL_383,383.0,2026-03-26 11:00:00
TXN004612,ACC_NORMAL_337,ACC_NORMAL_99,2088.0,2026-04-06 07:00:00
TXN004613,ACC_NORMAL_463,ACC_NORMAL_263,2529.0,2026-06-04 23:00:00
TXN004614,ACC_NORMAL_993,ACC_NORMAL_865,9396.0,2026-07-17 15:00:00
TXN004615,ACC_NORMAL_254,ACC_NORMAL_851,9108.0,2026-06-11 13:00:00
TXN004616,ACC_NORMAL_727,ACC_NORMAL_423,5356.0,2026-07-12 20:00:00
TXN004617,ACC_NORMAL_298,ACC_NORMAL_931,8361.0,2026-05-20 02:00:00
TXN004618,ACC_NORMAL_304,ACC_NORMAL_40,8435.0,2026-06-09 23:00:00
TXN004619,ACC_NORMAL_580,ACC_NORMAL_281,6106.0,2026-05-11 07:00:00
TXN004620,ACC_NORMAL_100,ACC_NORMAL_390,5371.0,2026-03-18 06:00:00
TXN004621,ACC_NORMAL_785,ACC_NORMAL_202,7823.0,2026-05-01 11:00:00
TXN004622,ACC_NORMAL_428,ACC_NORMAL_554,3047.0,2026-05-31 09:00:00
TXN004623,ACC_NORMAL_859,ACC_NORMAL_67,3304.0,2026-03-09 07:00:00
TXN004624,ACC_NORMAL_340,ACC_NORMAL_993,7677.0,2026-04-28 00:00:00
TXN004625,ACC_NORMAL_665,ACC_NORMAL_55,7660.0,2026-05-24 05:00:00
TXN004626,ACC_NORMAL_590,ACC_NORMAL_557,7989.0,2026-03-24 23:00:00
TXN004627,ACC_NORMAL_623,ACC_NORMAL_39,8646.0,2026-06-17 14:00:00
TXN004628,ACC_NORMAL_644,ACC_NORMAL_592,2550.0,2026-05-03 13:00:00
TXN004629,ACC_NORMAL_544,ACC_NORMAL_175,6417.0,2026-07-14 11:00:00
TXN004630,ACC_NORMAL_719,ACC_NORMAL_395,9742.0,2026-05-05 09:00:00
TXN004631,ACC_NORMAL_293,ACC_NORMAL_112,9603.0,2026-07-24 07:00:00
TXN004632,ACC_NORMAL_672,ACC_NORMAL_15,1458.0,2026-05-29 21:00:00
TXN004633,ACC_NORMAL_635,ACC_NORMAL_888,834.0,2026-07-15 01:00:00
TXN004634,ACC_NORMAL_66,ACC_NORMAL_52,1456.0,2026-05-25 01:00:00
TXN004635,ACC_NORMAL_886,ACC_NORMAL_282,7541.0,2026-05-16 18:00:00
TXN004636,ACC_NORMAL_509,ACC_NORMAL_384,3535.0,2026-03-07 19:00:00
TXN004637,ACC_NORMAL_424,ACC_NORMAL_934,2670.0,2026-04-26 11:00:00
TXN004638,ACC_NORMAL_809,ACC_NORMAL_26,6155.0,2026-06-02 23:00:00
TXN004639,ACC_NORMAL_719,ACC_NORMAL_260,2477.0,2026-06-04 15:00:00
TXN004640,ACC_NORMAL_267,ACC_NORMAL_907,3560.0,2026-03-12 18:00:00
TXN004641,ACC_NORMAL_809,ACC_NORMAL_262,9226.0,2026-03-17 22:00:00
TXN004642,ACC_NORMAL_963,ACC_NORMAL_932,8619.0,2026-06-19 05:00:00
TXN004643,ACC_NORMAL_41,ACC_NORMAL_349,8601.0,2026-07-18 17:00:00
TXN004644,ACC_NORMAL_437,ACC_NORMAL_658,4067.0,2026-07-26 09:00:00
TXN004645,ACC_NORMAL_667,ACC_NORMAL_952,6954.0,2026-06-06 11:00:00
TXN004646,ACC_NORMAL_891,ACC_NORMAL_541,770.0,2026-06-13 00:00:00
TXN004647,ACC_NORMAL_949,ACC_NORMAL_438,6446.0,2026-07-18 14:00:00
TXN004648,ACC_NORMAL_749,ACC_NORMAL_535,1963.0,2026-05-02 13:00:00
TXN004649,ACC_NORMAL_418,ACC_NORMAL_300,3740.0,2026-07-24 21:00:00
TXN004650,ACC_NORMAL_134,ACC_NORMAL_682,6585.0,2026-05-27 15:00:00
TXN004651,ACC_NORMAL_778,ACC_NORMAL_83,5673.0,2026-06-28 22:00:00
TXN004652,ACC_NORMAL_66,ACC_NORMAL_732,1486.0,2026-06-02 21:00:00
TXN004653,ACC_NORMAL_531,ACC_NORMAL_208,6928.0,2026-04-05 23:00:00
TXN004654,ACC_NORMAL_466,ACC_NORMAL_67,723.0,2026-03-10 18:00:00
TXN004655,ACC_NORMAL_67,ACC_NORMAL_338,1557.0,2026-07-10 19:00:00
TXN004656,ACC_NORMAL_513,ACC_NORMAL_510,312.0,2026-05-09 19:00:00
TXN004657,ACC_NORMAL_824,ACC_NORMAL_905,473.0,2026-04-19 22:00:00
TXN004658,ACC_NORMAL_17,ACC_NORMAL_501,3858.0,2026-03-26 01:00:00
TXN004659,ACC_NORMAL_927,ACC_NORMAL_2,3431.0,2026-05-07 01:00:00
TXN004660,ACC_NORMAL_514,ACC_NORMAL_434,1406.0,2026-03-15 11:00:00
TXN004661,ACC_NORMAL_954,ACC_NORMAL_887,9300.0,2026-04-09 08:00:00
TXN004662,ACC_NORMAL_374,ACC_NORMAL_278,5785.0,2026-03-29 03:00:00
TXN004663,ACC_NORMAL_469,ACC_NORMAL_740,3140.0,2026-05-02 01:00:00
TXN004664,ACC_NORMAL_923,ACC_NORMAL_901,8948.0,2026-04-10 19:00:00
TXN004665,ACC_NORMAL_392,ACC_NORMAL_864,7481.0,2026-05-14 09:00:00
TXN004666,ACC_NORMAL_619,ACC_NORMAL_769,4316.0,2026-05-12 04:00:00
TXN004667,ACC_NORMAL_377,ACC_NORMAL_168,6056.0,2026-04-03 23:00:00
TXN004668,ACC_NORMAL_559,ACC_NORMAL_983,1493.0,2026-07-19 01:00:00
TXN004669,ACC_NORMAL_49,ACC_NORMAL_432,9470.0,2026-06-15 00:00:00
TXN004670,ACC_NORMAL_926,ACC_NORMAL_5,1822.0,2026-07-22 17:00:00
TXN004671,ACC_NORMAL_349,ACC_NORMAL_708,1099.0,2026-05-22 03:00:00
TXN004672,ACC_NORMAL_37,ACC_NORMAL_670,6369.0,2026-06-08 10:00:00
TXN004673,ACC_NORMAL_836,ACC_NORMAL_448,3971.0,2026-04-16 03:00:00
TXN004674,ACC_NORMAL_42,ACC_NORMAL_311,1301.0,2026-05-27 15:00:00
TXN004675,ACC_NORMAL_51,ACC_NORMAL_420,1419.0,2026-04-11 16:00:00
TXN004676,ACC_NORMAL_246,ACC_NORMAL_433,1736.0,2026-06-01 00:00:00
TXN004677,ACC_NORMAL_959,ACC_NORMAL_101,864.0,2026-04-11 02:00:00
TXN004678,ACC_NORMAL_453,ACC_NORMAL_915,6139.0,2026-04-16 16:00:00
TXN004679,ACC_NORMAL_798,ACC_NORMAL_612,1156.0,2026-03-31 17:00:00
TXN004680,ACC_NORMAL_217,ACC_NORMAL_821,8283.0,2026-04-24 14:00:00
TXN004681,ACC_NORMAL_323,ACC_NORMAL_718,9982.0,2026-05-19 19:00:00
TXN004682,ACC_NORMAL_450,ACC_NORMAL_410,3273.0,2026-07-24 23:00:00
TXN004683,ACC_NORMAL_233,ACC_NORMAL_133,1306.0,2026-03-16 11:00:00
TXN004684,ACC_NORMAL_713,ACC_NORMAL_958,9465.0,2026-04-02 10:00:00
TXN004685,ACC_NORMAL_719,ACC_NORMAL_638,4547.0,2026-07-11 03:00:00
TXN004686,ACC_NORMAL_938,ACC_NORMAL_828,9328.0,2026-05-27 16:00:00
TXN004687,ACC_NORMAL_877,ACC_NORMAL_880,5507.0,2026-06-05 19:00:00
TXN004688,ACC_NORMAL_159,ACC_NORMAL_280,5639.0,2026-05-13 10:00:00
TXN004689,ACC_NORMAL_727,ACC_NORMAL_961,8798.0,2026-06-19 23:00:00
TXN004690,ACC_NORMAL_702,ACC_NORMAL_606,3872.0,2026-03-20 08:00:00
TXN004691,ACC_NORMAL_965,ACC_NORMAL_602,3408.0,2026-05-08 11:00:00
TXN004692,ACC_NORMAL_126,ACC_NORMAL_424,7029.0,2026-06-26 11:00:00
TXN004693,ACC_NORMAL_934,ACC_NORMAL_551,4305.0,2026-03-19 06:00:00
TXN004694,ACC_NORMAL_305,ACC_NORMAL_333,9219.0,2026-06-28 07:00:00
TXN004695,ACC_NORMAL_957,ACC_NORMAL_277,6883.0,2026-03-21 08:00:00
TXN004696,ACC_NORMAL_852,ACC_NORMAL_929,2468.0,2026-07-07 02:00:00
TXN004697,ACC_NORMAL_970,ACC_NORMAL_177,8198.0,2026-05-25 03:00:00
TXN004698,ACC_NORMAL_829,ACC_NORMAL_704,1582.0,2026-04-14 00:00:00
TXN004699,ACC_NORMAL_821,ACC_NORMAL_399,4666.0,2026-03-12 20:00:00
TXN004700,ACC_NORMAL_541,ACC_NORMAL_334,8612.0,2026-06-21 04:00:00
TXN004701,ACC_NORMAL_712,ACC_NORMAL_307,1920.0,2026-07-23 14:00:00
TXN004702,ACC_NORMAL_522,ACC_NORMAL_916,9526.0,2026-06-14 01:00:00
TXN004703,ACC_NORMAL_569,ACC_NORMAL_574,4178.0,2026-06-09 18:00:00
TXN004704,ACC_NORMAL_48,ACC_NORMAL_739,5623.0,2026-05-21 04:00:00
TXN004705,ACC_NORMAL_914,ACC_NORMAL_781,9419.0,2026-04-02 17:00:00
TXN004706,ACC_NORMAL_18,ACC_NORMAL_494,7807.0,2026-05-05 22:00:00
TXN004707,ACC_NORMAL_761,ACC_NORMAL_192,399.0,2026-04-14 10:00:00
TXN004708,ACC_NORMAL_290,ACC_NORMAL_704,6419.0,2026-04-28 20:00:00
TXN004709,ACC_NORMAL_36,ACC_NORMAL_762,5378.0,2026-03-27 02:00:00
TXN004710,ACC_NORMAL_42,ACC_NORMAL_190,2511.0,2026-04-13 05:00:00
TXN004711,ACC_NORMAL_130,ACC_NORMAL_144,4787.0,2026-05-29 04:00:00
TXN004712,ACC_NORMAL_490,ACC_NORMAL_34,3792.0,2026-07-23 01:00:00
TXN004713,ACC_NORMAL_602,ACC_NORMAL_519,9369.0,2026-06-25 03:00:00
TXN004714,ACC_NORMAL_503,ACC_NORMAL_32,8439.0,2026-05-22 05:00:00
TXN004715,ACC_NORMAL_630,ACC_NORMAL_75,6232.0,2026-05-09 11:00:00
TXN004716,ACC_NORMAL_68,ACC_NORMAL_143,2577.0,2026-04-22 15:00:00
TXN004717,ACC_NORMAL_956,ACC_NORMAL_57,7368.0,2026-06-02 09:00:00
TXN004718,ACC_NORMAL_756,ACC_NORMAL_872,8666.0,2026-05-06 08:00:00
TXN004719,ACC_NORMAL_605,ACC_NORMAL_589,3628.0,2026-05-23 07:00:00
TXN004720,ACC_NORMAL_41,ACC_NORMAL_991,7134.0,2026-03-16 04:00:00
TXN004721,ACC_NORMAL_225,ACC_NORMAL_465,4354.0,2026-07-25 08:00:00
TXN004722,ACC_NORMAL_741,ACC_NORMAL_673,8308.0,2026-07-07 16:00:00
TXN004723,ACC_NORMAL_369,ACC_NORMAL_534,6659.0,2026-03-07 09:00:00
TXN004724,ACC_NORMAL_867,ACC_NORMAL_437,940.0,2026-07-23 08:00:00
TXN004725,ACC_NORMAL_347,ACC_NORMAL_452,8997.0,2026-04-12 18:00:00
TXN004726,ACC_NORMAL_386,ACC_NORMAL_683,2025.0,2026-06-14 14:00:00
TXN004727,ACC_NORMAL_824,ACC_NORMAL_709,5575.0,2026-03-26 06:00:00
TXN004728,ACC_NORMAL_439,ACC_NORMAL_252,5532.0,2026-04-19 14:00:00
TXN004729,ACC_NORMAL_827,ACC_NORMAL_628,5341.0,2026-06-09 05:00:00
TXN004730,ACC_NORMAL_530,ACC_NORMAL_590,7425.0,2026-04-10 16:00:00
TXN004731,ACC_NORMAL_327,ACC_NORMAL_938,1861.0,2026-06-18 15:00:00
TXN004732,ACC_NORMAL_547,ACC_NORMAL_322,4394.0,2026-04-17 03:00:00
TXN004733,ACC_NORMAL_205,ACC_NORMAL_38,6095.0,2026-05-15 18:00:00
TXN004734,ACC_NORMAL_334,ACC_NORMAL_771,2904.0,2026-03-26 15:00:00
TXN004735,ACC_NORMAL_236,ACC_NORMAL_489,8928.0,2026-07-09 10:00:00
TXN004736,ACC_NORMAL_832,ACC_NORMAL_641,1634.0,2026-03-31 19:00:00
TXN004737,ACC_NORMAL_153,ACC_NORMAL_694,2652.0,2026-04-12 09:00:00
TXN004738,ACC_NORMAL_907,ACC_NORMAL_833,5913.0,2026-04-10 10:00:00
TXN004739,ACC_NORMAL_997,ACC_NORMAL_2,6392.0,2026-04-24 18:00:00
TXN004740,ACC_NORMAL_616,ACC_NORMAL_464,4538.0,2026-07-12 02:00:00
TXN004741,ACC_NORMAL_715,ACC_NORMAL_213,8796.0,2026-04-12 22:00:00
TXN004742,ACC_NORMAL_248,ACC_NORMAL_450,7131.0,2026-04-12 13:00:00
TXN004743,ACC_NORMAL_243,ACC_NORMAL_229,4293.0,2026-06-01 20:00:00
TXN004744,ACC_NORMAL_861,ACC_NORMAL_460,5941.0,2026-03-19 15:00:00
TXN004745,ACC_NORMAL_848,ACC_NORMAL_14,4995.0,2026-06-15 06:00:00
TXN004746,ACC_NORMAL_512,ACC_NORMAL_39,2368.0,2026-07-07 18:00:00
TXN004747,ACC_NORMAL_882,ACC_NORMAL_735,9793.0,2026-04-22 20:00:00
TXN004748,ACC_NORMAL_934,ACC_NORMAL_116,8359.0,2026-03-17 03:00:00
TXN004749,ACC_NORMAL_881,ACC_NORMAL_651,9150.0,2026-05-28 03:00:00
TXN004750,ACC_NORMAL_16,ACC_NORMAL_306,7510.0,2026-03-22 11:00:00
TXN004751,ACC_NORMAL_977,ACC_NORMAL_460,5469.0,2026-04-15 05:00:00
TXN004752,ACC_NORMAL_763,ACC_NORMAL_661,7929.0,2026-07-18 01:00:00
TXN004753,ACC_NORMAL_455,ACC_NORMAL_65,3978.0,2026-06-22 04:00:00
TXN004754,ACC_NORMAL_746,ACC_NORMAL_356,9167.0,2026-04-24 16:00:00
TXN004755,ACC_NORMAL_921,ACC_NORMAL_524,8230.0,2026-07-04 00:00:00
TXN004756,ACC_NORMAL_414,ACC_NORMAL_926,9520.0,2026-04-08 21:00:00
TXN004757,ACC_NORMAL_758,ACC_NORMAL_449,6881.0,2026-05-08 13:00:00
TXN004758,ACC_NORMAL_842,ACC_NORMAL_163,5313.0,2026-03-22 03:00:00
TXN004759,ACC_NORMAL_23,ACC_NORMAL_471,9819.0,2026-06-06 18:00:00
TXN004760,ACC_NORMAL_367,ACC_NORMAL_832,7425.0,2026-06-05 04:00:00
TXN004761,ACC_NORMAL_480,ACC_NORMAL_281,6111.0,2026-05-02 10:00:00
TXN004762,ACC_NORMAL_871,ACC_NORMAL_353,2504.0,2026-07-13 08:00:00
TXN004763,ACC_NORMAL_71,ACC_NORMAL_209,9417.0,2026-04-30 14:00:00
TXN004764,ACC_NORMAL_396,ACC_NORMAL_859,8616.0,2026-06-22 15:00:00
TXN004765,ACC_NORMAL_321,ACC_NORMAL_807,6501.0,2026-03-07 07:00:00
TXN004766,ACC_NORMAL_204,ACC_NORMAL_623,4039.0,2026-05-16 03:00:00
TXN004767,ACC_NORMAL_929,ACC_NORMAL_566,4261.0,2026-07-18 01:00:00
TXN004768,ACC_NORMAL_796,ACC_NORMAL_24,2042.0,2026-05-29 04:00:00
TXN004769,ACC_NORMAL_536,ACC_NORMAL_284,4008.0,2026-05-05 15:00:00
TXN004770,ACC_NORMAL_13,ACC_NORMAL_846,5098.0,2026-04-23 12:00:00
TXN004771,ACC_NORMAL_253,ACC_NORMAL_265,715.0,2026-05-14 15:00:00
TXN004772,ACC_NORMAL_428,ACC_NORMAL_495,8842.0,2026-07-02 10:00:00
TXN004773,ACC_NORMAL_182,ACC_NORMAL_317,2484.0,2026-04-17 09:00:00
TXN004774,ACC_NORMAL_636,ACC_NORMAL_230,1104.0,2026-07-09 20:00:00
TXN004775,ACC_NORMAL_488,ACC_NORMAL_129,689.0,2026-03-15 18:00:00
TXN004776,ACC_NORMAL_512,ACC_NORMAL_53,3135.0,2026-07-25 18:00:00
TXN004777,ACC_NORMAL_151,ACC_NORMAL_548,6879.0,2026-07-04 03:00:00
TXN004778,ACC_NORMAL_629,ACC_NORMAL_564,7220.0,2026-05-14 11:00:00
TXN004779,ACC_NORMAL_222,ACC_NORMAL_604,4401.0,2026-03-20 06:00:00
TXN004780,ACC_NORMAL_952,ACC_NORMAL_2,272.0,2026-04-05 20:00:00
TXN004781,ACC_NORMAL_395,ACC_NORMAL_193,9010.0,2026-06-03 00:00:00
TXN004782,ACC_NORMAL_883,ACC_NORMAL_880,5881.0,2026-07-18 19:00:00
TXN004783,ACC_NORMAL_771,ACC_NORMAL_392,4412.0,2026-04-05 02:00:00
TXN004784,ACC_NORMAL_955,ACC_NORMAL_403,2686.0,2026-07-18 08:00:00
TXN004785,ACC_NORMAL_282,ACC_NORMAL_242,2117.0,2026-05-17 13:00:00
TXN004786,ACC_NORMAL_267,ACC_NORMAL_936,1383.0,2026-05-16 05:00:00
TXN004787,ACC_NORMAL_104,ACC_NORMAL_765,2161.0,2026-04-03 18:00:00
TXN004788,ACC_NORMAL_436,ACC_NORMAL_826,5767.0,2026-07-14 14:00:00
TXN004789,ACC_NORMAL_479,ACC_NORMAL_691,7682.0,2026-07-24 08:00:00
TXN004790,ACC_NORMAL_706,ACC_NORMAL_519,5582.0,2026-03-09 06:00:00
TXN004791,ACC_NORMAL_531,ACC_NORMAL_581,3616.0,2026-04-27 21:00:00
TXN004792,ACC_NORMAL_67,ACC_NORMAL_296,5853.0,2026-05-03 05:00:00
TXN004793,ACC_NORMAL_875,ACC_NORMAL_910,7285.0,2026-04-09 13:00:00
TXN004794,ACC_NORMAL_902,ACC_NORMAL_196,159.0,2026-07-26 21:00:00
TXN004795,ACC_NORMAL_828,ACC_NORMAL_507,3932.0,2026-03-09 04:00:00
TXN004796,ACC_NORMAL_728,ACC_NORMAL_715,8761.0,2026-07-10 11:00:00
TXN004797,ACC_NORMAL_239,ACC_NORMAL_84,1269.0,2026-04-05 02:00:00
TXN004798,ACC_NORMAL_656,ACC_NORMAL_700,5391.0,2026-07-11 03:00:00
TXN004799,ACC_NORMAL_368,ACC_NORMAL_43,5401.0,2026-04-25 09:00:00
TXN004800,ACC_NORMAL_440,ACC_NORMAL_415,1863.0,2026-05-22 10:00:00
TXN004801,ACC_NORMAL_239,ACC_NORMAL_654,7871.0,2026-06-30 04:00:00
TXN004802,ACC_NORMAL_132,ACC_NORMAL_539,6732.0,2026-05-20 18:00:00
TXN004803,ACC_NORMAL_250,ACC_NORMAL_58,4510.0,2026-07-11 16:00:00
TXN004804,ACC_NORMAL_815,ACC_NORMAL_718,1328.0,2026-05-14 05:00:00
TXN004805,ACC_NORMAL_253,ACC_NORMAL_887,5855.0,2026-03-23 23:00:00
TXN004806,ACC_NORMAL_975,ACC_NORMAL_645,8654.0,2026-03-30 09:00:00
TXN004807,ACC_NORMAL_587,ACC_NORMAL_182,8834.0,2026-07-22 15:00:00
TXN004808,ACC_NORMAL_570,ACC_NORMAL_935,690.0,2026-07-01 04:00:00
TXN004809,ACC_NORMAL_468,ACC_NORMAL_316,3179.0,2026-03-28 02:00:00
TXN004810,ACC_NORMAL_476,ACC_NORMAL_385,5249.0,2026-06-12 17:00:00
TXN004811,ACC_NORMAL_316,ACC_NORMAL_515,8977.0,2026-04-03 05:00:00
TXN004812,ACC_NORMAL_509,ACC_NORMAL_899,9323.0,2026-06-01 21:00:00
TXN004813,ACC_NORMAL_844,ACC_NORMAL_655,5016.0,2026-06-17 18:00:00
TXN004814,ACC_NORMAL_69,ACC_NORMAL_630,5711.0,2026-03-22 21:00:00
TXN004815,ACC_NORMAL_984,ACC_NORMAL_954,481.0,2026-05-29 01:00:00
TXN004816,ACC_NORMAL_378,ACC_NORMAL_932,2668.0,2026-06-22 11:00:00
TXN004817,ACC_NORMAL_545,ACC_NORMAL_485,9048.0,2026-06-17 00:00:00
TXN004818,ACC_NORMAL_506,ACC_NORMAL_950,1478.0,2026-04-15 03:00:00
TXN004819,ACC_NORMAL_922,ACC_NORMAL_313,1257.0,2026-06-14 09:00:00
TXN004820,ACC_NORMAL_348,ACC_NORMAL_638,8431.0,2026-06-07 11:00:00
TXN004821,ACC_NORMAL_492,ACC_NORMAL_609,9233.0,2026-07-27 13:00:00
TXN004822,ACC_NORMAL_351,ACC_NORMAL_960,7063.0,2026-07-13 19:00:00
TXN004823,ACC_NORMAL_807,ACC_NORMAL_169,8179.0,2026-07-18 23:00:00
TXN004824,ACC_NORMAL_148,ACC_NORMAL_61,5545.0,2026-03-30 08:00:00
TXN004825,ACC_NORMAL_44,ACC_NORMAL_412,3985.0,2026-07-17 04:00:00
TXN004826,ACC_NORMAL_506,ACC_NORMAL_620,9855.0,2026-05-19 04:00:00
TXN004827,ACC_NORMAL_405,ACC_NORMAL_996,4904.0,2026-05-15 02:00:00
TXN004828,ACC_NORMAL_704,ACC_NORMAL_487,994.0,2026-03-24 06:00:00
TXN004829,ACC_NORMAL_501,ACC_NORMAL_577,3078.0,2026-06-04 08:00:00
TXN004830,ACC_NORMAL_285,ACC_NORMAL_164,9543.0,2026-05-01 07:00:00
TXN004831,ACC_NORMAL_401,ACC_NORMAL_6,7834.0,2026-06-16 16:00:00
TXN004832,ACC_NORMAL_420,ACC_NORMAL_155,5742.0,2026-07-27 03:00:00
TXN004833,ACC_NORMAL_407,ACC_NORMAL_111,5230.0,2026-05-27 10:00:00
TXN004834,ACC_NORMAL_571,ACC_NORMAL_887,6286.0,2026-03-11 23:00:00
TXN004835,ACC_NORMAL_412,ACC_NORMAL_364,4695.0,2026-03-10 20:00:00
TXN004836,ACC_NORMAL_463,ACC_NORMAL_439,5713.0,2026-04-22 08:00:00
TXN004837,ACC_NORMAL_177,ACC_NORMAL_699,3146.0,2026-06-02 06:00:00
TXN004838,ACC_NORMAL_470,ACC_NORMAL_387,3231.0,2026-03-05 12:00:00
TXN004839,ACC_NORMAL_567,ACC_NORMAL_443,2285.0,2026-06-17 14:00:00
TXN004840,ACC_NORMAL_995,ACC_NORMAL_693,9020.0,2026-03-20 20:00:00
TXN004841,ACC_NORMAL_175,ACC_NORMAL_27,4141.0,2026-05-11 05:00:00
TXN004842,ACC_NORMAL_987,ACC_NORMAL_440,5036.0,2026-07-11 11:00:00
TXN004843,ACC_NORMAL_252,ACC_NORMAL_569,1116.0,2026-05-07 22:00:00
TXN004844,ACC_NORMAL_334,ACC_NORMAL_357,2263.0,2026-06-16 18:00:00
TXN004845,ACC_NORMAL_679,ACC_NORMAL_644,4628.0,2026-06-16 05:00:00
TXN004846,ACC_NORMAL_10,ACC_NORMAL_439,8415.0,2026-06-11 07:00:00
TXN004847,ACC_NORMAL_212,ACC_NORMAL_631,3317.0,2026-05-10 19:00:00
TXN004848,ACC_NORMAL_239,ACC_NORMAL_984,1600.0,2026-05-26 20:00:00
TXN004849,ACC_NORMAL_382,ACC_NORMAL_211,6563.0,2026-05-17 10:00:00
TXN004850,ACC_NORMAL_357,ACC_NORMAL_516,7343.0,2026-07-16 17:00:00
TXN004851,ACC_NORMAL_434,ACC_NORMAL_921,9866.0,2026-07-19 06:00:00
TXN004852,ACC_NORMAL_116,ACC_NORMAL_550,6622.0,2026-04-12 16:00:00
TXN004853,ACC_NORMAL_415,ACC_NORMAL_683,3901.0,2026-07-13 19:00:00
TXN004854,ACC_NORMAL_820,ACC_NORMAL_618,3514.0,2026-05-18 06:00:00
TXN004855,ACC_NORMAL_811,ACC_NORMAL_629,4823.0,2026-06-07 06:00:00
TXN004856,ACC_NORMAL_177,ACC_NORMAL_60,5058.0,2026-04-08 22:00:00
TXN004857,ACC_NORMAL_517,ACC_NORMAL_779,7923.0,2026-06-27 02:00:00
TXN004858,ACC_NORMAL_687,ACC_NORMAL_924,9771.0,2026-05-22 14:00:00
TXN004859,ACC_NORMAL_903,ACC_NORMAL_982,9678.0,2026-05-31 11:00:00
TXN004860,ACC_NORMAL_417,ACC_NORMAL_900,2373.0,2026-06-23 12:00:00
TXN004861,ACC_NORMAL_558,ACC_NORMAL_802,4550.0,2026-06-17 07:00:00
TXN004862,ACC_NORMAL_600,ACC_NORMAL_840,1358.0,2026-07-13 02:00:00
TXN004863,ACC_NORMAL_361,ACC_NORMAL_189,7281.0,2026-05-18 14:00:00
TXN004864,ACC_NORMAL_23,ACC_NORMAL_760,4430.0,2026-04-14 08:00:00
TXN004865,ACC_NORMAL_369,ACC_NORMAL_129,7885.0,2026-06-07 01:00:00
TXN004866,ACC_NORMAL_123,ACC_NORMAL_602,1617.0,2026-07-04 17:00:00
TXN004867,ACC_NORMAL_645,ACC_NORMAL_955,3042.0,2026-05-12 20:00:00
TXN004868,ACC_NORMAL_255,ACC_NORMAL_508,4622.0,2026-03-19 18:00:00
TXN004869,ACC_NORMAL_680,ACC_NORMAL_198,4318.0,2026-03-15 05:00:00
TXN004870,ACC_NORMAL_874,ACC_NORMAL_870,7816.0,2026-03-09 05:00:00
TXN004871,ACC_NORMAL_589,ACC_NORMAL_581,3306.0,2026-07-11 23:00:00
TXN004872,ACC_NORMAL_758,ACC_NORMAL_165,4418.0,2026-03-23 04:00:00
TXN004873,ACC_NORMAL_858,ACC_NORMAL_133,8835.0,2026-03-05 15:00:00
TXN004874,ACC_NORMAL_53,ACC_NORMAL_735,9141.0,2026-07-02 03:00:00
TXN004875,ACC_NORMAL_149,ACC_NORMAL_913,7161.0,2026-05-17 06:00:00
TXN004876,ACC_NORMAL_334,ACC_NORMAL_269,7110.0,2026-04-18 04:00:00
TXN004877,ACC_NORMAL_353,ACC_NORMAL_137,3551.0,2026-04-03 14:00:00
TXN004878,ACC_NORMAL_764,ACC_NORMAL_738,8363.0,2026-04-05 06:00:00
TXN004879,ACC_NORMAL_65,ACC_NORMAL_836,7091.0,2026-03-10 07:00:00
TXN004880,ACC_NORMAL_302,ACC_NORMAL_441,6433.0,2026-07-27 09:00:00
TXN004881,ACC_NORMAL_769,ACC_NORMAL_980,8083.0,2026-05-20 03:00:00
TXN004882,ACC_NORMAL_523,ACC_NORMAL_583,679.0,2026-03-08 17:00:00
TXN004883,ACC_NORMAL_385,ACC_NORMAL_279,1877.0,2026-05-14 05:00:00
TXN004884,ACC_NORMAL_467,ACC_NORMAL_84,8591.0,2026-06-27 03:00:00
TXN004885,ACC_NORMAL_543,ACC_NORMAL_793,8720.0,2026-06-24 03:00:00
TXN004886,ACC_NORMAL_690,ACC_NORMAL_997,1598.0,2026-05-31 06:00:00
TXN004887,ACC_NORMAL_74,ACC_NORMAL_65,866.0,2026-04-01 22:00:00
TXN004888,ACC_NORMAL_604,ACC_NORMAL_275,2159.0,2026-04-17 06:00:00
TXN004889,ACC_NORMAL_314,ACC_NORMAL_67,7918.0,2026-07-23 23:00:00
TXN004890,ACC_NORMAL_542,ACC_NORMAL_165,3088.0,2026-04-08 15:00:00
TXN004891,ACC_NORMAL_115,ACC_NORMAL_929,1994.0,2026-07-21 22:00:00
TXN004892,ACC_NORMAL_756,ACC_NORMAL_806,5949.0,2026-03-12 21:00:00
TXN004893,ACC_NORMAL_776,ACC_NORMAL_916,7796.0,2026-04-30 07:00:00
TXN004894,ACC_NORMAL_156,ACC_NORMAL_297,4260.0,2026-04-04 16:00:00
TXN004895,ACC_NORMAL_728,ACC_NORMAL_274,876.0,2026-06-11 10:00:00
TXN004896,ACC_NORMAL_126,ACC_NORMAL_314,8132.0,2026-07-05 05:00:00
TXN004897,ACC_NORMAL_202,ACC_NORMAL_676,4639.0,2026-07-16 18:00:00
TXN004898,ACC_NORMAL_394,ACC_NORMAL_348,7105.0,2026-05-09 07:00:00
TXN004899,ACC_NORMAL_430,ACC_NORMAL_546,8218.0,2026-05-10 00:00:00
TXN004900,ACC_NORMAL_429,ACC_NORMAL_564,1384.0,2026-06-20 08:00:00
TXN004901,ACC_NORMAL_577,ACC_NORMAL_879,2856.0,2026-03-10 13:00:00
TXN004902,ACC_NORMAL_985,ACC_NORMAL_527,1458.0,2026-06-25 09:00:00
TXN004903,ACC_NORMAL_999,ACC_NORMAL_917,2376.0,2026-07-20 17:00:00
TXN004904,ACC_NORMAL_862,ACC_NORMAL_523,495.0,2026-05-19 21:00:00
TXN004905,ACC_NORMAL_353,ACC_NORMAL_882,5159.0,2026-06-03 23:00:00
TXN004906,ACC_NORMAL_140,ACC_NORMAL_377,5815.0,2026-05-13 07:00:00
TXN004907,ACC_NORMAL_510,ACC_NORMAL_742,5567.0,2026-04-14 08:00:00
TXN004908,ACC_NORMAL_634,ACC_NORMAL_767,8931.0,2026-03-09 14:00:00
TXN004909,ACC_NORMAL_695,ACC_NORMAL_731,7380.0,2026-05-08 16:00:00
TXN004910,ACC_NORMAL_50,ACC_NORMAL_892,945.0,2026-07-14 08:00:00
TXN004911,ACC_NORMAL_751,ACC_NORMAL_92,4469.0,2026-06-04 22:00:00
TXN004912,ACC_NORMAL_648,ACC_NORMAL_94,6745.0,2026-04-19 05:00:00
TXN004913,ACC_NORMAL_99,ACC_NORMAL_128,2391.0,2026-03-05 13:00:00
TXN004914,ACC_NORMAL_439,ACC_NORMAL_313,102.0,2026-05-18 13:00:00
TXN004915,ACC_NORMAL_699,ACC_NORMAL_290,1986.0,2026-04-06 19:00:00
TXN004916,ACC_NORMAL_630,ACC_NORMAL_164,9218.0,2026-04-08 19:00:00
TXN004917,ACC_NORMAL_115,ACC_NORMAL_402,6111.0,2026-04-30 16:00:00
TXN004918,ACC_NORMAL_806,ACC_NORMAL_362,2666.0,2026-04-12 07:00:00
TXN004919,ACC_NORMAL_943,ACC_NORMAL_220,2136.0,2026-07-02 00:00:00
TXN004920,ACC_NORMAL_87,ACC_NORMAL_397,8756.0,2026-04-20 03:00:00
TXN004921,ACC_NORMAL_67,ACC_NORMAL_568,2316.0,2026-07-09 18:00:00
TXN004922,ACC_NORMAL_323,ACC_NORMAL_473,1866.0,2026-05-16 13:00:00
TXN004923,ACC_NORMAL_427,ACC_NORMAL_928,3264.0,2026-04-06 06:00:00
TXN004924,ACC_NORMAL_268,ACC_NORMAL_759,9090.0,2026-07-20 05:00:00
TXN004925,ACC_NORMAL_256,ACC_NORMAL_669,9311.0,2026-03-12 03:00:00
TXN004926,ACC_NORMAL_552,ACC_NORMAL_366,6681.0,2026-03-11 14:00:00
TXN004927,ACC_NORMAL_705,ACC_NORMAL_628,7265.0,2026-04-20 02:00:00
TXN004928,ACC_NORMAL_249,ACC_NORMAL_323,3213.0,2026-03-19 08:00:00
TXN004929,ACC_NORMAL_643,ACC_NORMAL_718,1768.0,2026-05-01 14:00:00
TXN004930,ACC_NORMAL_368,ACC_NORMAL_139,7371.0,2026-03-05 19:00:00
TXN004931,ACC_NORMAL_744,ACC_NORMAL_425,3143.0,2026-05-19 06:00:00
TXN004932,ACC_NORMAL_620,ACC_NORMAL_850,9118.0,2026-05-23 00:00:00
TXN004933,ACC_NORMAL_678,ACC_NORMAL_915,6992.0,2026-06-28 04:00:00
TXN004934,ACC_NORMAL_343,ACC_NORMAL_107,1491.0,2026-07-14 09:00:00
TXN004935,ACC_NORMAL_302,ACC_NORMAL_677,5039.0,2026-06-19 14:00:00
TXN004936,ACC_NORMAL_42,ACC_NORMAL_621,8829.0,2026-06-04 23:00:00
TXN004937,ACC_NORMAL_246,ACC_NORMAL_375,7679.0,2026-07-15 03:00:00
TXN004938,ACC_NORMAL_865,ACC_NORMAL_394,4366.0,2026-07-10 19:00:00
TXN004939,ACC_NORMAL_8,ACC_NORMAL_650,2856.0,2026-07-22 08:00:00
TXN004940,ACC_NORMAL_353,ACC_NORMAL_223,3211.0,2026-06-10 19:00:00
TXN004941,ACC_NORMAL_394,ACC_NORMAL_702,5343.0,2026-05-06 15:00:00
TXN004942,ACC_NORMAL_416,ACC_NORMAL_919,2392.0,2026-07-08 05:00:00
TXN004943,ACC_NORMAL_953,ACC_NORMAL_423,2122.0,2026-07-03 09:00:00
TXN004944,ACC_NORMAL_829,ACC_NORMAL_205,5960.0,2026-07-14 01:00:00
TXN004945,ACC_NORMAL_139,ACC_NORMAL_710,1223.0,2026-06-22 21:00:00
TXN004946,ACC_NORMAL_290,ACC_NORMAL_732,7184.0,2026-05-13 21:00:00
TXN004947,ACC_NORMAL_562,ACC_NORMAL_517,4425.0,2026-07-24 13:00:00
TXN004948,ACC_NORMAL_532,ACC_NORMAL_904,9080.0,2026-06-28 06:00:00
TXN004949,ACC_NORMAL_816,ACC_NORMAL_658,9743.0,2026-06-30 12:00:00
TXN004950,ACC_NORMAL_134,ACC_NORMAL_660,7656.0,2026-04-25 04:00:00
TXN004951,ACC_NORMAL_580,ACC_NORMAL_130,7064.0,2026-06-06 20:00:00
TXN004952,ACC_NORMAL_694,ACC_NORMAL_436,7095.0,2026-06-18 11:00:00
TXN004953,ACC_NORMAL_172,ACC_NORMAL_56,7489.0,2026-05-18 14:00:00
TXN004954,ACC_NORMAL_913,ACC_NORMAL_859,6771.0,2026-06-03 13:00:00
TXN004955,ACC_NORMAL_927,ACC_NORMAL_275,4845.0,2026-04-03 20:00:00
TXN004956,ACC_NORMAL_283,ACC_NORMAL_656,3680.0,2026-05-06 04:00:00
TXN004957,ACC_NORMAL_344,ACC_NORMAL_904,2113.0,2026-04-16 22:00:00
TXN004958,ACC_NORMAL_643,ACC_NORMAL_883,6736.0,2026-05-02 21:00:00
TXN004959,ACC_NORMAL_619,ACC_NORMAL_38,3086.0,2026-04-07 19:00:00
TXN004960,ACC_NORMAL_88,ACC_NORMAL_329,2830.0,2026-04-08 23:00:00
TXN004961,ACC_NORMAL_814,ACC_NORMAL_117,3660.0,2026-05-18 23:00:00
TXN004962,ACC_NORMAL_573,ACC_NORMAL_223,2492.0,2026-07-02 03:00:00
TXN004963,ACC_NORMAL_227,ACC_NORMAL_87,8303.0,2026-07-01 15:00:00
TXN004964,ACC_NORMAL_512,ACC_NORMAL_82,9265.0,2026-07-18 04:00:00
TXN004965,ACC_NORMAL_655,ACC_NORMAL_253,6151.0,2026-06-12 06:00:00
TXN004966,ACC_NORMAL_665,ACC_NORMAL_76,3255.0,2026-06-28 15:00:00
TXN004967,ACC_NORMAL_957,ACC_NORMAL_15,6414.0,2026-03-08 03:00:00
TXN004968,ACC_NORMAL_266,ACC_NORMAL_960,1242.0,2026-05-22 00:00:00
TXN004969,ACC_NORMAL_50,ACC_NORMAL_627,2773.0,2026-03-12 22:00:00
TXN004970,ACC_NORMAL_970,ACC_NORMAL_274,3412.0,2026-06-12 16:00:00
TXN004971,ACC_NORMAL_327,ACC_NORMAL_710,6933.0,2026-06-04 22:00:00
TXN004972,ACC_NORMAL_885,ACC_NORMAL_34,8950.0,2026-04-03 22:00:00
TXN004973,ACC_NORMAL_311,ACC_NORMAL_337,6473.0,2026-04-18 19:00:00
TXN004974,ACC_NORMAL_52,ACC_NORMAL_469,7359.0,2026-06-24 02:00:00
TXN004975,ACC_NORMAL_255,ACC_NORMAL_486,641.0,2026-06-27 15:00:00
TXN004976,ACC_NORMAL_407,ACC_NORMAL_192,5231.0,2026-03-12 13:00:00
TXN004977,ACC_NORMAL_210,ACC_NORMAL_611,1151.0,2026-07-06 15:00:00
TXN004978,ACC_NORMAL_613,ACC_NORMAL_243,237.0,2026-07-15 19:00:00
TXN004979,ACC_NORMAL_945,ACC_NORMAL_952,1976.0,2026-07-27 22:00:00
TXN004980,ACC_NORMAL_896,ACC_NORMAL_277,9039.0,2026-05-05 11:00:00
TXN004981,ACC_NORMAL_686,ACC_NORMAL_223,2372.0,2026-05-17 07:00:00
TXN004982,ACC_NORMAL_84,ACC_NORMAL_447,9610.0,2026-03-30 07:00:00
TXN004983,ACC_NORMAL_697,ACC_NORMAL_404,8977.0,2026-06-20 11:00:00
TXN004984,ACC_NORMAL_417,ACC_NORMAL_122,6098.0,2026-04-25 14:00:00
TXN004985,ACC_NORMAL_490,ACC_NORMAL_150,8356.0,2026-04-11 06:00:00
TXN004986,ACC_NORMAL_416,ACC_NORMAL_627,274.0,2026-03-24 19:00:00
TXN004987,ACC_NORMAL_334,ACC_NORMAL_688,917.0,2026-07-22 02:00:00
TXN004988,ACC_NORMAL_211,ACC_NORMAL_812,2188.0,2026-03-22 04:00:00
TXN004989,ACC_NORMAL_531,ACC_NORMAL_145,6178.0,2026-03-27 00:00:00
TXN004990,ACC_NORMAL_825,ACC_NORMAL_989,5600.0,2026-07-25 09:00:00
TXN004991,ACC_NORMAL_139,ACC_NORMAL_454,9986.0,2026-04-17 03:00:00
TXN004992,ACC_NORMAL_880,ACC_NORMAL_346,2010.0,2026-06-16 17:00:00
TXN004993,ACC_NORMAL_903,ACC_NORMAL_802,3284.0,2026-06-28 15:00:00
TXN004994,ACC_NORMAL_147,ACC_NORMAL_701,6077.0,2026-06-20 01:00:00
TXN004995,ACC_NORMAL_347,ACC_NORMAL_73,6366.0,2026-04-16 22:00:00
TXN004996,ACC_NORMAL_202,ACC_NORMAL_159,2852.0,2026-07-26 22:00:00
TXN004997,ACC_NORMAL_88,ACC_NORMAL_918,2852.0,2026-07-15 03:00:00
TXN004998,ACC_NORMAL_759,ACC_NORMAL_895,892.0,2026-06-04 10:00:00
TXN004999,ACC_NORMAL_271,ACC_NORMAL_473,6461.0,2026-03-23 05:00:00
TXN005000,ACC_NORMAL_931,ACC_NORMAL_571,377.0,2026-05-29 11:00:00
TXN005001,ACC_NORMAL_690,ACC_NORMAL_250,6340.0,2026-06-22 19:00:00
TXN005002,ACC_NORMAL_595,ACC_NORMAL_221,4463.0,2026-07-19 09:00:00
TXN005003,ACC_NORMAL_909,ACC_NORMAL_816,9797.0,2026-03-23 06:00:00
TXN005004,ACC_NORMAL_304,ACC_NORMAL_399,6502.0,2026-07-01 06:00:00
TXN005005,ACC_NORMAL_407,ACC_NORMAL_394,7233.0,2026-05-27 06:00:00
TXN005006,ACC_NORMAL_244,ACC_NORMAL_608,3372.0,2026-03-30 11:00:00
TXN005007,ACC_NORMAL_989,ACC_NORMAL_448,8740.0,2026-04-25 14:00:00
TXN005008,ACC_NORMAL_74,ACC_NORMAL_11,4595.0,2026-03-12 06:00:00
TXN005009,ACC_NORMAL_776,ACC_NORMAL_204,103.0,2026-03-13 00:00:00
TXN005010,ACC_NORMAL_48,ACC_NORMAL_767,9378.0,2026-04-22 00:00:00
TXN005011,ACC_NORMAL_704,ACC_NORMAL_793,9997.0,2026-05-23 13:00:00
TXN005012,ACC_NORMAL_887,ACC_NORMAL_605,1330.0,2026-05-04 15:00:00
TXN005013,ACC_NORMAL_204,ACC_NORMAL_83,1210.0,2026-07-21 09:00:00
TXN005014,ACC_NORMAL_67,ACC_NORMAL_789,5213.0,2026-05-06 21:00:00
TXN005015,ACC_NORMAL_729,ACC_NORMAL_20,2898.0,2026-06-07 09:00:00
TXN005016,ACC_NORMAL_998,ACC_NORMAL_433,6979.0,2026-03-18 06:00:00
TXN005017,ACC_NORMAL_743,ACC_NORMAL_596,6116.0,2026-04-03 01:00:00
TXN005018,ACC_NORMAL_677,ACC_NORMAL_665,2273.0,2026-06-19 10:00:00
TXN005019,ACC_NORMAL_356,ACC_NORMAL_738,2752.0,2026-03-24 04:00:00
TXN005020,ACC_NORMAL_494,ACC_NORMAL_690,4791.0,2026-04-29 02:00:00
TXN005021,ACC_NORMAL_326,ACC_NORMAL_62,9937.0,2026-03-29 09:00:00
TXN005022,ACC_NORMAL_103,ACC_NORMAL_168,331.0,2026-07-22 09:00:00
TXN005023,ACC_NORMAL_936,ACC_NORMAL_784,1849.0,2026-04-07 11:00:00
TXN005024,ACC_NORMAL_475,ACC_NORMAL_537,6056.0,2026-04-22 06:00:00
TXN005025,ACC_NORMAL_942,ACC_NORMAL_814,5683.0,2026-06-02 01:00:00
TXN005026,ACC_NORMAL_790,ACC_NORMAL_666,9963.0,2026-04-08 13:00:00
TXN005027,ACC_NORMAL_726,ACC_NORMAL_164,1664.0,2026-03-29 10:00:00
TXN005028,ACC_NORMAL_373,ACC_NORMAL_229,3929.0,2026-05-22 01:00:00
TXN005029,ACC_NORMAL_404,ACC_NORMAL_398,337.0,2026-07-11 22:00:00
TXN005030,ACC_NORMAL_429,ACC_NORMAL_152,4410.0,2026-07-26 14:00:00
TXN005031,ACC_NORMAL_676,ACC_NORMAL_4,9239.0,2026-07-02 16:00:00
TXN005032,ACC_NORMAL_360,ACC_NORMAL_887,1730.0,2026-04-14 19:00:00
TXN005033,ACC_NORMAL_846,ACC_NORMAL_759,9712.0,2026-04-10 15:00:00
TXN005034,ACC_NORMAL_429,ACC_NORMAL_760,9780.0,2026-07-08 23:00:00
TXN005035,ACC_NORMAL_795,ACC_NORMAL_31,4933.0,2026-06-15 14:00:00
TXN005036,ACC_NORMAL_813,ACC_NORMAL_463,2283.0,2026-07-11 09:00:00
TXN005037,ACC_NORMAL_540,ACC_NORMAL_906,1889.0,2026-04-22 04:00:00
TXN005038,ACC_NORMAL_217,ACC_NORMAL_607,828.0,2026-03-21 16:00:00
TXN005039,ACC_NORMAL_685,ACC_NORMAL_899,5173.0,2026-03-19 15:00:00
TXN005040,ACC_NORMAL_790,ACC_NORMAL_194,3932.0,2026-06-15 06:00:00
TXN005041,ACC_NORMAL_315,ACC_NORMAL_387,7778.0,2026-07-18 07:00:00
TXN005042,ACC_NORMAL_444,ACC_NORMAL_130,1576.0,2026-05-17 18:00:00
TXN005043,ACC_NORMAL_539,ACC_NORMAL_726,5729.0,2026-05-25 04:00:00
TXN005044,ACC_NORMAL_2,ACC_NORMAL_162,3743.0,2026-04-17 19:00:00
TXN005045,ACC_NORMAL_122,ACC_NORMAL_100,596.0,2026-06-23 03:00:00
TXN005046,ACC_NORMAL_810,ACC_NORMAL_456,6253.0,2026-04-01 16:00:00
TXN005047,ACC_NORMAL_817,ACC_NORMAL_580,8877.0,2026-04-02 00:00:00
TXN005048,ACC_NORMAL_806,ACC_NORMAL_252,6731.0,2026-06-13 03:00:00
TXN005049,ACC_NORMAL_439,ACC_NORMAL_999,3991.0,2026-06-14 14:00:00
TXN005050,ACC_NORMAL_404,ACC_NORMAL_790,8139.0,2026-06-30 06:00:00
TXN005051,ACC_NORMAL_967,ACC_NORMAL_965,3478.0,2026-07-05 08:00:00
TXN005052,ACC_NORMAL_407,ACC_NORMAL_608,9462.0,2026-05-21 08:00:00
TXN005053,ACC_NORMAL_427,ACC_NORMAL_563,1616.0,2026-03-25 10:00:00
TXN005054,ACC_NORMAL_196,ACC_NORMAL_566,2691.0,2026-03-16 03:00:00
TXN005055,ACC_NORMAL_932,ACC_NORMAL_119,6284.0,2026-07-25 07:00:00
TXN005056,ACC_NORMAL_527,ACC_NORMAL_876,9828.0,2026-03-16 16:00:00
TXN005057,ACC_NORMAL_396,ACC_NORMAL_979,6570.0,2026-04-14 09:00:00
TXN005058,ACC_NORMAL_535,ACC_NORMAL_650,128.0,2026-05-29 19:00:00
TXN005059,ACC_NORMAL_531,ACC_NORMAL_955,6868.0,2026-04-30 15:00:00
TXN005060,ACC_NORMAL_378,ACC_NORMAL_537,9919.0,2026-05-31 09:00:00
TXN005061,ACC_NORMAL_455,ACC_NORMAL_433,752.0,2026-07-12 13:00:00
TXN005062,ACC_NORMAL_106,ACC_NORMAL_838,7924.0,2026-04-26 11:00:00
TXN005063,ACC_NORMAL_984,ACC_NORMAL_611,3666.0,2026-07-27 22:00:00
TXN005064,ACC_NORMAL_635,ACC_NORMAL_456,7424.0,2026-05-08 15:00:00
TXN005065,ACC_NORMAL_664,ACC_NORMAL_629,495.0,2026-03-13 03:00:00
TXN005066,ACC_NORMAL_398,ACC_NORMAL_861,7583.0,2026-07-09 23:00:00
TXN005067,ACC_NORMAL_392,ACC_NORMAL_511,5634.0,2026-04-08 19:00:00
TXN005068,ACC_NORMAL_304,ACC_NORMAL_156,4753.0,2026-05-02 21:00:00
TXN005069,ACC_NORMAL_545,ACC_NORMAL_317,6327.0,2026-07-17 03:00:00
TXN005070,ACC_NORMAL_1,ACC_NORMAL_748,325.0,2026-04-04 05:00:00
TXN005071,ACC_NORMAL_575,ACC_NORMAL_546,5880.0,2026-04-18 19:00:00
TXN005072,ACC_NORMAL_396,ACC_NORMAL_600,7702.0,2026-03-11 13:00:00
TXN005073,ACC_NORMAL_632,ACC_NORMAL_338,7647.0,2026-03-26 09:00:00
TXN005074,ACC_NORMAL_626,ACC_NORMAL_480,3461.0,2026-03-09 23:00:00
TXN005075,ACC_NORMAL_577,ACC_NORMAL_715,6952.0,2026-06-29 03:00:00
TXN005076,ACC_NORMAL_783,ACC_NORMAL_655,1801.0,2026-07-01 14:00:00
TXN005077,ACC_NORMAL_158,ACC_NORMAL_843,4245.0,2026-07-10 10:00:00
TXN005078,ACC_NORMAL_156,ACC_NORMAL_963,2505.0,2026-06-24 15:00:00
TXN005079,ACC_NORMAL_763,ACC_NORMAL_295,849.0,2026-07-09 16:00:00
TXN005080,ACC_NORMAL_761,ACC_NORMAL_359,8296.0,2026-07-17 23:00:00
TXN005081,ACC_NORMAL_899,ACC_NORMAL_990,3741.0,2026-04-24 06:00:00
TXN005082,ACC_NORMAL_212,ACC_NORMAL_518,2809.0,2026-03-14 21:00:00
TXN005083,ACC_NORMAL_618,ACC_NORMAL_684,3433.0,2026-06-13 06:00:00
TXN005084,ACC_NORMAL_312,ACC_NORMAL_708,7155.0,2026-05-12 06:00:00
TXN005085,ACC_NORMAL_408,ACC_NORMAL_909,2454.0,2026-05-12 08:00:00
TXN005086,ACC_NORMAL_936,ACC_NORMAL_239,4373.0,2026-03-08 10:00:00
TXN005087,ACC_NORMAL_230,ACC_NORMAL_420,7265.0,2026-03-23 01:00:00
TXN005088,ACC_NORMAL_630,ACC_NORMAL_905,1049.0,2026-05-04 22:00:00
TXN005089,ACC_NORMAL_226,ACC_NORMAL_264,9535.0,2026-07-23 13:00:00
TXN005090,ACC_NORMAL_923,ACC_NORMAL_355,8621.0,2026-05-16 06:00:00
TXN005091,ACC_NORMAL_104,ACC_NORMAL_632,7856.0,2026-03-08 00:00:00
TXN005092,ACC_NORMAL_955,ACC_NORMAL_322,339.0,2026-07-20 21:00:00
TXN005093,ACC_NORMAL_154,ACC_NORMAL_457,4291.0,2026-04-25 19:00:00
TXN005094,ACC_NORMAL_443,ACC_NORMAL_966,696.0,2026-05-25 02:00:00
TXN005095,ACC_NORMAL_33,ACC_NORMAL_854,9252.0,2026-05-03 20:00:00
TXN005096,ACC_NORMAL_142,ACC_NORMAL_620,6475.0,2026-07-12 23:00:00
TXN005097,ACC_NORMAL_719,ACC_NORMAL_317,160.0,2026-07-28 07:00:00
TXN005098,ACC_NORMAL_486,ACC_NORMAL_394,4475.0,2026-06-08 00:00:00
TXN005099,ACC_NORMAL_38,ACC_NORMAL_269,9576.0,2026-03-28 07:00:00
TXN005100,ACC_NORMAL_160,ACC_NORMAL_890,6466.0,2026-06-13 15:00:00
TXN005101,ACC_NORMAL_972,ACC_NORMAL_790,5369.0,2026-05-06 20:00:00
TXN005102,ACC_NORMAL_952,ACC_NORMAL_88,6966.0,2026-04-23 08:00:00
TXN005103,ACC_NORMAL_386,ACC_NORMAL_525,2650.0,2026-06-14 08:00:00
TXN005104,ACC_NORMAL_336,ACC_NORMAL_731,7470.0,2026-04-09 15:00:00
TXN005105,ACC_NORMAL_262,ACC_NORMAL_30,1829.0,2026-06-25 11:00:00
TXN005106,ACC_NORMAL_59,ACC_NORMAL_887,1926.0,2026-03-04 13:00:00
TXN005107,ACC_NORMAL_395,ACC_NORMAL_906,1848.0,2026-03-26 09:00:00
TXN005108,ACC_NORMAL_425,ACC_NORMAL_821,4432.0,2026-07-08 02:00:00
TXN005109,ACC_NORMAL_883,ACC_NORMAL_526,4348.0,2026-05-16 10:00:00
TXN005110,ACC_NORMAL_499,ACC_NORMAL_847,3289.0,2026-05-15 10:00:00
TXN005111,ACC_NORMAL_886,ACC_NORMAL_414,587.0,2026-07-12 09:00:00
TXN005112,ACC_NORMAL_541,ACC_NORMAL_306,7264.0,2026-07-11 15:00:00
TXN005113,ACC_NORMAL_699,ACC_NORMAL_767,4506.0,2026-06-12 02:00:00
TXN005114,ACC_NORMAL_525,ACC_NORMAL_239,7573.0,2026-07-01 23:00:00
TXN005115,ACC_NORMAL_859,ACC_NORMAL_980,7732.0,2026-07-27 05:00:00
TXN005116,ACC_NORMAL_745,ACC_NORMAL_743,7791.0,2026-03-24 21:00:00
TXN005117,ACC_NORMAL_397,ACC_NORMAL_164,4325.0,2026-06-05 22:00:00
TXN005118,ACC_NORMAL_553,ACC_NORMAL_897,6394.0,2026-03-04 12:00:00
TXN005119,ACC_NORMAL_822,ACC_NORMAL_906,3133.0,2026-07-14 14:00:00
TXN005120,ACC_NORMAL_927,ACC_NORMAL_609,7405.0,2026-04-01 15:00:00
TXN005121,ACC_NORMAL_38,ACC_NORMAL_530,5493.0,2026-05-08 02:00:00
TXN005122,ACC_NORMAL_739,ACC_NORMAL_219,9495.0,2026-07-07 19:00:00
TXN005123,ACC_NORMAL_758,ACC_NORMAL_175,3130.0,2026-05-12 14:00:00
TXN005124,ACC_NORMAL_17,ACC_NORMAL_430,7978.0,2026-05-12 18:00:00
TXN005125,ACC_NORMAL_844,ACC_NORMAL_495,7228.0,2026-05-27 04:00:00
TXN005126,ACC_NORMAL_781,ACC_NORMAL_355,1573.0,2026-07-20 21:00:00
TXN005127,ACC_NORMAL_947,ACC_NORMAL_298,6156.0,2026-03-23 23:00:00
TXN005128,ACC_NORMAL_503,ACC_NORMAL_990,2320.0,2026-03-27 01:00:00
TXN005129,ACC_NORMAL_380,ACC_NORMAL_964,5668.0,2026-05-25 03:00:00
TXN005130,ACC_NORMAL_328,ACC_NORMAL_457,3392.0,2026-04-26 03:00:00
TXN005131,ACC_NORMAL_269,ACC_NORMAL_859,816.0,2026-05-07 23:00:00
TXN005132,ACC_NORMAL_547,ACC_NORMAL_170,2221.0,2026-04-04 22:00:00
TXN005133,ACC_NORMAL_596,ACC_NORMAL_114,1722.0,2026-06-16 22:00:00
TXN005134,ACC_NORMAL_18,ACC_NORMAL_968,4364.0,2026-04-30 19:00:00
TXN005135,ACC_NORMAL_848,ACC_NORMAL_982,227.0,2026-04-03 00:00:00
TXN005136,ACC_NORMAL_887,ACC_NORMAL_705,7982.0,2026-04-07 08:00:00
TXN005137,ACC_NORMAL_484,ACC_NORMAL_770,6473.0,2026-05-05 07:00:00
TXN005138,ACC_NORMAL_905,ACC_NORMAL_163,1445.0,2026-03-22 22:00:00
TXN005139,ACC_NORMAL_517,ACC_NORMAL_101,2653.0,2026-06-23 08:00:00
TXN005140,ACC_NORMAL_741,ACC_NORMAL_992,6487.0,2026-05-18 04:00:00
TXN005141,ACC_NORMAL_325,ACC_NORMAL_125,5590.0,2026-06-25 02:00:00
TXN005142,ACC_NORMAL_553,ACC_NORMAL_217,7738.0,2026-05-29 17:00:00
TXN005143,ACC_NORMAL_538,ACC_NORMAL_62,608.0,2026-04-25 00:00:00
TXN005144,ACC_NORMAL_964,ACC_NORMAL_221,8128.0,2026-03-06 01:00:00
TXN005145,ACC_NORMAL_566,ACC_NORMAL_533,600.0,2026-07-21 06:00:00
TXN005146,ACC_NORMAL_24,ACC_NORMAL_832,3210.0,2026-07-18 03:00:00
TXN005147,ACC_NORMAL_264,ACC_NORMAL_247,5360.0,2026-07-04 02:00:00
TXN005148,ACC_NORMAL_99,ACC_NORMAL_720,4546.0,2026-05-25 03:00:00
TXN005149,ACC_NORMAL_363,ACC_NORMAL_601,2582.0,2026-03-14 10:00:00
TXN005150,ACC_NORMAL_616,ACC_NORMAL_407,6392.0,2026-05-02 17:00:00
TXN005151,ACC_NORMAL_527,ACC_NORMAL_327,7630.0,2026-04-11 00:00:00
TXN005152,ACC_NORMAL_169,ACC_NORMAL_162,4745.0,2026-05-26 15:00:00
TXN005153,ACC_NORMAL_893,ACC_NORMAL_27,5250.0,2026-06-21 00:00:00
TXN005154,ACC_NORMAL_320,ACC_NORMAL_741,3644.0,2026-04-27 08:00:00
TXN005155,ACC_NORMAL_526,ACC_NORMAL_624,5859.0,2026-06-17 07:00:00
TXN005156,ACC_NORMAL_962,ACC_NORMAL_909,3551.0,2026-03-31 21:00:00
TXN005157,ACC_NORMAL_285,ACC_NORMAL_376,8941.0,2026-06-08 21:00:00
TXN005158,ACC_NORMAL_663,ACC_NORMAL_787,2752.0,2026-07-15 22:00:00
TXN005159,ACC_NORMAL_208,ACC_NORMAL_737,9988.0,2026-07-04 01:00:00
TXN005160,ACC_NORMAL_22,ACC_NORMAL_184,4593.0,2026-04-24 01:00:00
TXN005161,ACC_NORMAL_700,ACC_NORMAL_94,2713.0,2026-05-03 19:00:00
TXN005162,ACC_NORMAL_8,ACC_NORMAL_237,9950.0,2026-07-03 21:00:00
TXN005163,ACC_NORMAL_733,ACC_NORMAL_823,9143.0,2026-07-25 19:00:00
TXN005164,ACC_NORMAL_506,ACC_NORMAL_298,5511.0,2026-07-11 20:00:00
TXN005165,ACC_NORMAL_99,ACC_NORMAL_222,8991.0,2026-04-15 05:00:00
TXN005166,ACC_NORMAL_481,ACC_NORMAL_116,9351.0,2026-06-08 19:00:00
TXN005167,ACC_NORMAL_108,ACC_NORMAL_577,1346.0,2026-05-28 10:00:00
TXN005168,ACC_NORMAL_686,ACC_NORMAL_137,8321.0,2026-05-28 05:00:00
TXN005169,ACC_NORMAL_911,ACC_NORMAL_38,5135.0,2026-04-19 17:00:00
TXN005170,ACC_NORMAL_46,ACC_NORMAL_160,3750.0,2026-07-20 11:00:00
TXN005171,ACC_NORMAL_308,ACC_NORMAL_528,6639.0,2026-06-05 11:00:00
TXN005172,ACC_NORMAL_662,ACC_NORMAL_204,8854.0,2026-05-01 23:00:00
TXN005173,ACC_NORMAL_614,ACC_NORMAL_88,4730.0,2026-05-15 17:00:00
TXN005174,ACC_NORMAL_770,ACC_NORMAL_783,9282.0,2026-03-29 12:00:00
TXN005175,ACC_NORMAL_615,ACC_NORMAL_489,1587.0,2026-04-20 22:00:00
TXN005176,ACC_NORMAL_846,ACC_NORMAL_756,9733.0,2026-03-11 06:00:00
TXN005177,ACC_NORMAL_598,ACC_NORMAL_718,5683.0,2026-05-27 22:00:00
TXN005178,ACC_NORMAL_215,ACC_NORMAL_540,7712.0,2026-06-23 06:00:00
TXN005179,ACC_NORMAL_10,ACC_NORMAL_357,1994.0,2026-04-04 17:00:00
TXN005180,ACC_NORMAL_369,ACC_NORMAL_830,8980.0,2026-05-19 04:00:00
TXN005181,ACC_NORMAL_61,ACC_NORMAL_150,2081.0,2026-04-02 18:00:00
TXN005182,ACC_NORMAL_783,ACC_NORMAL_873,2731.0,2026-06-22 19:00:00
TXN005183,ACC_NORMAL_672,ACC_NORMAL_380,4875.0,2026-06-29 07:00:00
TXN005184,ACC_NORMAL_293,ACC_NORMAL_952,4149.0,2026-05-03 10:00:00
TXN005185,ACC_NORMAL_942,ACC_NORMAL_396,966.0,2026-04-22 12:00:00
TXN005186,ACC_NORMAL_993,ACC_NORMAL_327,4245.0,2026-06-12 00:00:00
TXN005187,ACC_NORMAL_415,ACC_NORMAL_196,1138.0,2026-07-21 02:00:00
TXN005188,ACC_NORMAL_197,ACC_NORMAL_116,8255.0,2026-05-14 02:00:00
TXN005189,ACC_NORMAL_163,ACC_NORMAL_467,5196.0,2026-03-10 04:00:00
TXN005190,ACC_NORMAL_586,ACC_NORMAL_307,4420.0,2026-04-20 11:00:00
TXN005191,ACC_NORMAL_553,ACC_NORMAL_373,8859.0,2026-05-27 13:00:00
TXN005192,ACC_NORMAL_832,ACC_NORMAL_933,7891.0,2026-03-31 11:00:00
TXN005193,ACC_NORMAL_690,ACC_NORMAL_745,1674.0,2026-07-01 02:00:00
TXN005194,ACC_NORMAL_303,ACC_NORMAL_718,8487.0,2026-05-16 04:00:00
TXN005195,ACC_NORMAL_961,ACC_NORMAL_664,8208.0,2026-06-28 14:00:00
TXN005196,ACC_NORMAL_756,ACC_NORMAL_88,3857.0,2026-07-02 10:00:00
TXN005197,ACC_NORMAL_171,ACC_NORMAL_115,2172.0,2026-07-01 19:00:00
TXN005198,ACC_NORMAL_629,ACC_NORMAL_751,4744.0,2026-04-03 07:00:00
TXN005199,ACC_NORMAL_966,ACC_NORMAL_328,6656.0,2026-05-13 03:00:00
TXN005200,ACC_NORMAL_336,ACC_NORMAL_323,2488.0,2026-06-25 02:00:00
TXN005201,ACC_NORMAL_361,ACC_NORMAL_710,5154.0,2026-06-06 20:00:00
TXN005202,ACC_NORMAL_469,ACC_NORMAL_654,6616.0,2026-06-16 04:00:00
TXN005203,ACC_NORMAL_369,ACC_NORMAL_300,9296.0,2026-04-13 17:00:00
TXN005204,ACC_NORMAL_910,ACC_NORMAL_674,9718.0,2026-04-10 16:00:00
TXN005205,ACC_NORMAL_375,ACC_NORMAL_973,3906.0,2026-04-27 04:00:00
TXN005206,ACC_NORMAL_362,ACC_NORMAL_530,8191.0,2026-06-29 22:00:00
TXN005207,ACC_NORMAL_533,ACC_NORMAL_836,9736.0,2026-05-23 14:00:00
TXN005208,ACC_NORMAL_300,ACC_NORMAL_452,2877.0,2026-06-12 05:00:00
TXN005209,ACC_NORMAL_171,ACC_NORMAL_325,884.0,2026-04-24 15:00:00
TXN005210,ACC_NORMAL_114,ACC_NORMAL_754,1958.0,2026-04-14 23:00:00
TXN005211,ACC_NORMAL_855,ACC_NORMAL_59,8686.0,2026-07-05 07:00:00
TXN005212,ACC_NORMAL_37,ACC_NORMAL_199,8125.0,2026-04-05 08:00:00
TXN005213,ACC_NORMAL_994,ACC_NORMAL_923,3235.0,2026-03-19 09:00:00
TXN005214,ACC_NORMAL_213,ACC_NORMAL_313,7978.0,2026-03-27 19:00:00
TXN005215,ACC_NORMAL_216,ACC_NORMAL_130,2255.0,2026-03-14 03:00:00
TXN005216,ACC_NORMAL_139,ACC_NORMAL_883,4195.0,2026-07-20 06:00:00
TXN005217,ACC_NORMAL_807,ACC_NORMAL_64,3889.0,2026-04-25 22:00:00
TXN005218,ACC_NORMAL_309,ACC_NORMAL_541,7172.0,2026-06-05 09:00:00
TXN005219,ACC_NORMAL_422,ACC_NORMAL_468,8414.0,2026-06-11 17:00:00
TXN005220,ACC_NORMAL_933,ACC_NORMAL_254,757.0,2026-06-26 12:00:00
TXN005221,ACC_NORMAL_912,ACC_NORMAL_440,7264.0,2026-05-18 23:00:00
TXN005222,ACC_NORMAL_660,ACC_NORMAL_864,4686.0,2026-06-23 18:00:00
TXN005223,ACC_NORMAL_863,ACC_NORMAL_15,3989.0,2026-05-14 19:00:00
TXN005224,ACC_NORMAL_90,ACC_NORMAL_986,8943.0,2026-06-28 19:00:00
TXN005225,ACC_NORMAL_278,ACC_NORMAL_417,468.0,2026-06-17 05:00:00
TXN005226,ACC_NORMAL_58,ACC_NORMAL_400,170.0,2026-06-21 21:00:00
TXN005227,ACC_NORMAL_655,ACC_NORMAL_199,9636.0,2026-06-20 00:00:00
TXN005228,ACC_NORMAL_514,ACC_NORMAL_466,5843.0,2026-04-27 12:00:00
TXN005229,ACC_NORMAL_989,ACC_NORMAL_981,3425.0,2026-05-20 14:00:00
TXN005230,ACC_NORMAL_213,ACC_NORMAL_664,9602.0,2026-03-13 16:00:00
TXN005231,ACC_NORMAL_64,ACC_NORMAL_625,2319.0,2026-05-29 09:00:00
TXN005232,ACC_NORMAL_88,ACC_NORMAL_247,4691.0,2026-04-25 10:00:00
TXN005233,ACC_NORMAL_640,ACC_NORMAL_854,5315.0,2026-04-12 11:00:00
TXN005234,ACC_NORMAL_933,ACC_NORMAL_63,7407.0,2026-07-06 23:00:00
TXN005235,ACC_NORMAL_187,ACC_NORMAL_273,6623.0,2026-05-30 10:00:00
TXN005236,ACC_NORMAL_262,ACC_NORMAL_860,9582.0,2026-06-11 14:00:00
TXN005237,ACC_NORMAL_756,ACC_NORMAL_199,6399.0,2026-05-22 11:00:00
TXN005238,ACC_NORMAL_5,ACC_NORMAL_349,6474.0,2026-05-26 05:00:00
TXN005239,ACC_NORMAL_679,ACC_NORMAL_179,9725.0,2026-06-27 00:00:00
TXN005240,ACC_NORMAL_778,ACC_NORMAL_627,8167.0,2026-07-22 08:00:00
TXN005241,ACC_NORMAL_836,ACC_NORMAL_47,1466.0,2026-07-23 20:00:00
TXN005242,ACC_NORMAL_772,ACC_NORMAL_727,2112.0,2026-06-15 19:00:00
TXN005243,ACC_NORMAL_382,ACC_NORMAL_195,5439.0,2026-05-20 17:00:00
TXN005244,ACC_NORMAL_624,ACC_NORMAL_378,8792.0,2026-06-09 11:00:00
TXN005245,ACC_NORMAL_664,ACC_NORMAL_548,2219.0,2026-04-16 04:00:00
TXN005246,ACC_NORMAL_617,ACC_NORMAL_971,6784.0,2026-05-30 01:00:00
TXN005247,ACC_NORMAL_273,ACC_NORMAL_569,6124.0,2026-05-31 11:00:00
TXN005248,ACC_NORMAL_398,ACC_NORMAL_2,1457.0,2026-04-10 03:00:00
TXN005249,ACC_NORMAL_684,ACC_NORMAL_755,4529.0,2026-05-30 12:00:00
TXN005250,ACC_NORMAL_798,ACC_NORMAL_115,607.0,2026-07-06 03:00:00
TXN005251,ACC_NORMAL_796,ACC_NORMAL_899,7591.0,2026-06-01 19:00:00
TXN005252,ACC_NORMAL_133,ACC_NORMAL_470,9776.0,2026-05-19 08:00:00
TXN005253,ACC_NORMAL_434,ACC_NORMAL_739,2203.0,2026-03-08 11:00:00
TXN005254,ACC_NORMAL_559,ACC_NORMAL_897,7355.0,2026-07-19 03:00:00
TXN005255,ACC_NORMAL_375,ACC_NORMAL_704,3643.0,2026-03-15 16:00:00
TXN005256,ACC_NORMAL_532,ACC_NORMAL_47,8680.0,2026-04-15 12:00:00
TXN005257,ACC_NORMAL_672,ACC_NORMAL_138,6483.0,2026-06-16 22:00:00
TXN005258,ACC_NORMAL_439,ACC_NORMAL_596,1391.0,2026-07-04 14:00:00
TXN005259,ACC_NORMAL_364,ACC_NORMAL_988,479.0,2026-05-01 23:00:00
TXN005260,ACC_NORMAL_252,ACC_NORMAL_586,4211.0,2026-04-23 12:00:00
TXN005261,ACC_NORMAL_840,ACC_NORMAL_200,3891.0,2026-04-18 23:00:00
TXN005262,ACC_NORMAL_508,ACC_NORMAL_985,6589.0,2026-07-07 09:00:00
TXN005263,ACC_NORMAL_529,ACC_NORMAL_315,8752.0,2026-04-03 23:00:00
TXN005264,ACC_NORMAL_23,ACC_NORMAL_229,9457.0,2026-03-10 15:00:00
TXN005265,ACC_NORMAL_551,ACC_NORMAL_974,2339.0,2026-04-01 07:00:00
TXN005266,ACC_NORMAL_753,ACC_NORMAL_531,2028.0,2026-07-14 11:00:00
TXN005267,ACC_NORMAL_3,ACC_NORMAL_734,9909.0,2026-03-15 01:00:00
TXN005268,ACC_NORMAL_14,ACC_NORMAL_306,9533.0,2026-04-09 12:00:00
TXN005269,ACC_NORMAL_458,ACC_NORMAL_416,3102.0,2026-06-24 12:00:00
TXN005270,ACC_NORMAL_327,ACC_NORMAL_253,5304.0,2026-06-02 11:00:00
TXN005271,ACC_NORMAL_59,ACC_NORMAL_695,2789.0,2026-03-24 13:00:00
TXN005272,ACC_NORMAL_814,ACC_NORMAL_537,8459.0,2026-04-29 16:00:00
TXN005273,ACC_NORMAL_762,ACC_NORMAL_679,2749.0,2026-04-18 14:00:00
TXN005274,ACC_NORMAL_367,ACC_NORMAL_982,6198.0,2026-05-14 18:00:00
TXN005275,ACC_NORMAL_995,ACC_NORMAL_789,2141.0,2026-04-10 03:00:00
TXN005276,ACC_NORMAL_748,ACC_NORMAL_505,5746.0,2026-03-16 05:00:00
TXN005277,ACC_NORMAL_998,ACC_NORMAL_867,7465.0,2026-03-22 07:00:00
TXN005278,ACC_NORMAL_804,ACC_NORMAL_489,7915.0,2026-07-08 01:00:00
TXN005279,ACC_NORMAL_73,ACC_NORMAL_876,5166.0,2026-05-22 04:00:00
TXN005280,ACC_NORMAL_417,ACC_NORMAL_632,4620.0,2026-07-24 14:00:00
TXN005281,ACC_NORMAL_569,ACC_NORMAL_448,5282.0,2026-06-01 22:00:00
TXN005282,ACC_NORMAL_119,ACC_NORMAL_454,1412.0,2026-03-20 14:00:00
TXN005283,ACC_NORMAL_186,ACC_NORMAL_211,8146.0,2026-06-05 11:00:00
TXN005284,ACC_NORMAL_459,ACC_NORMAL_66,4042.0,2026-05-03 04:00:00
TXN005285,ACC_NORMAL_703,ACC_NORMAL_394,2705.0,2026-05-28 01:00:00
TXN005286,ACC_NORMAL_614,ACC_NORMAL_748,4252.0,2026-07-15 22:00:00
TXN005287,ACC_NORMAL_926,ACC_NORMAL_797,4642.0,2026-04-17 12:00:00
TXN005288,ACC_NORMAL_38,ACC_NORMAL_154,3302.0,2026-03-24 09:00:00
TXN005289,ACC_NORMAL_465,ACC_NORMAL_445,8341.0,2026-07-04 03:00:00
TXN005290,ACC_NORMAL_901,ACC_NORMAL_831,4968.0,2026-04-02 13:00:00
TXN005291,ACC_NORMAL_739,ACC_NORMAL_845,416.0,2026-03-26 15:00:00
TXN005292,ACC_NORMAL_289,ACC_NORMAL_717,1482.0,2026-05-14 16:00:00
TXN005293,ACC_NORMAL_518,ACC_NORMAL_639,1656.0,2026-06-11 03:00:00
TXN005294,ACC_NORMAL_195,ACC_NORMAL_294,1829.0,2026-07-08 13:00:00
TXN005295,ACC_NORMAL_830,ACC_NORMAL_955,3637.0,2026-06-21 10:00:00
TXN005296,ACC_NORMAL_599,ACC_NORMAL_787,7444.0,2026-04-06 22:00:00
TXN005297,ACC_NORMAL_474,ACC_NORMAL_908,9113.0,2026-03-09 11:00:00
TXN005298,ACC_NORMAL_416,ACC_NORMAL_638,3173.0,2026-07-08 01:00:00
TXN005299,ACC_NORMAL_862,ACC_NORMAL_696,5020.0,2026-03-10 00:00:00
TXN005300,ACC_NORMAL_926,ACC_NORMAL_488,8426.0,2026-05-04 20:00:00
TXN005301,ACC_NORMAL_21,ACC_NORMAL_708,1193.0,2026-05-30 09:00:00
TXN005302,ACC_NORMAL_120,ACC_NORMAL_708,3191.0,2026-06-28 22:00:00
TXN005303,ACC_NORMAL_718,ACC_NORMAL_545,1937.0,2026-06-05 21:00:00
TXN005304,ACC_NORMAL_971,ACC_NORMAL_546,5961.0,2026-05-25 14:00:00
TXN005305,ACC_NORMAL_507,ACC_NORMAL_532,4357.0,2026-05-17 09:00:00
TXN005306,ACC_NORMAL_654,ACC_NORMAL_83,4091.0,2026-05-11 12:00:00
TXN005307,ACC_NORMAL_921,ACC_NORMAL_677,3425.0,2026-05-26 01:00:00
TXN005308,ACC_NORMAL_305,ACC_NORMAL_544,900.0,2026-05-27 22:00:00
TXN005309,ACC_NORMAL_353,ACC_NORMAL_180,7336.0,2026-04-24 22:00:00
TXN005310,ACC_NORMAL_735,ACC_NORMAL_663,7294.0,2026-05-31 09:00:00
TXN005311,ACC_NORMAL_27,ACC_NORMAL_223,5559.0,2026-04-08 05:00:00
TXN005312,ACC_NORMAL_243,ACC_NORMAL_885,826.0,2026-03-26 17:00:00
TXN005313,ACC_NORMAL_821,ACC_NORMAL_707,4117.0,2026-07-05 06:00:00
TXN005314,ACC_NORMAL_195,ACC_NORMAL_94,6679.0,2026-04-09 03:00:00
TXN005315,ACC_NORMAL_587,ACC_NORMAL_898,452.0,2026-06-29 21:00:00
TXN005316,ACC_NORMAL_559,ACC_NORMAL_276,9187.0,2026-04-04 17:00:00
TXN005317,ACC_NORMAL_289,ACC_NORMAL_984,5900.0,2026-06-26 05:00:00
TXN005318,ACC_NORMAL_185,ACC_NORMAL_703,7433.0,2026-04-07 02:00:00
TXN005319,ACC_NORMAL_737,ACC_NORMAL_519,2059.0,2026-06-15 05:00:00
TXN005320,ACC_NORMAL_773,ACC_NORMAL_56,8294.0,2026-06-13 17:00:00
TXN005321,ACC_NORMAL_527,ACC_NORMAL_79,7590.0,2026-05-02 17:00:00
TXN005322,ACC_NORMAL_381,ACC_NORMAL_597,4402.0,2026-03-20 18:00:00
TXN005323,ACC_NORMAL_686,ACC_NORMAL_683,5986.0,2026-04-06 04:00:00
TXN005324,ACC_NORMAL_884,ACC_NORMAL_699,5078.0,2026-07-04 14:00:00
TXN005325,ACC_NORMAL_646,ACC_NORMAL_120,206.0,2026-07-09 18:00:00
TXN005326,ACC_NORMAL_582,ACC_NORMAL_323,1318.0,2026-04-03 14:00:00
TXN005327,ACC_NORMAL_732,ACC_NORMAL_832,6550.0,2026-04-07 21:00:00
TXN005328,ACC_NORMAL_617,ACC_NORMAL_599,2044.0,2026-03-10 03:00:00
TXN005329,ACC_NORMAL_764,ACC_NORMAL_232,3213.0,2026-03-07 11:00:00
TXN005330,ACC_NORMAL_57,ACC_NORMAL_536,6641.0,2026-06-05 20:00:00
TXN005331,ACC_NORMAL_999,ACC_NORMAL_381,419.0,2026-05-16 01:00:00
TXN005332,ACC_NORMAL_177,ACC_NORMAL_348,9717.0,2026-07-26 16:00:00
TXN005333,ACC_NORMAL_159,ACC_NORMAL_111,1977.0,2026-04-23 20:00:00
TXN005334,ACC_NORMAL_549,ACC_NORMAL_717,6128.0,2026-05-09 08:00:00
TXN005335,ACC_NORMAL_333,ACC_NORMAL_570,2523.0,2026-06-25 08:00:00
TXN005336,ACC_NORMAL_921,ACC_NORMAL_218,9554.0,2026-03-30 01:00:00
TXN005337,ACC_NORMAL_718,ACC_NORMAL_619,456.0,2026-05-05 15:00:00
TXN005338,ACC_NORMAL_412,ACC_NORMAL_990,6006.0,2026-07-26 21:00:00
TXN005339,ACC_NORMAL_891,ACC_NORMAL_278,3807.0,2026-05-14 14:00:00
TXN005340,ACC_NORMAL_932,ACC_NORMAL_960,7040.0,2026-06-15 16:00:00
TXN005341,ACC_NORMAL_177,ACC_NORMAL_373,3408.0,2026-07-09 23:00:00
TXN005342,ACC_NORMAL_596,ACC_NORMAL_442,7472.0,2026-04-21 23:00:00
TXN005343,ACC_NORMAL_566,ACC_NORMAL_458,5180.0,2026-07-07 00:00:00
TXN005344,ACC_NORMAL_155,ACC_NORMAL_449,8892.0,2026-06-15 10:00:00
TXN005345,ACC_NORMAL_617,ACC_NORMAL_421,3926.0,2026-05-31 14:00:00
TXN005346,ACC_NORMAL_900,ACC_NORMAL_66,5916.0,2026-03-17 10:00:00
TXN005347,ACC_NORMAL_359,ACC_NORMAL_522,7603.0,2026-05-17 21:00:00
TXN005348,ACC_NORMAL_51,ACC_NORMAL_316,6585.0,2026-04-22 22:00:00
TXN005349,ACC_NORMAL_353,ACC_NORMAL_312,4753.0,2026-04-16 02:00:00
TXN005350,ACC_NORMAL_230,ACC_NORMAL_912,7117.0,2026-04-16 10:00:00
TXN005351,ACC_NORMAL_653,ACC_NORMAL_944,8588.0,2026-05-24 00:00:00
TXN005352,ACC_NORMAL_715,ACC_NORMAL_323,7139.0,2026-05-10 23:00:00
TXN005353,ACC_NORMAL_929,ACC_NORMAL_292,8765.0,2026-03-24 19:00:00
TXN005354,ACC_NORMAL_17,ACC_NORMAL_605,5746.0,2026-05-25 10:00:00
TXN005355,ACC_NORMAL_700,ACC_NORMAL_113,9642.0,2026-05-11 05:00:00
TXN005356,ACC_NORMAL_792,ACC_NORMAL_414,6933.0,2026-06-29 14:00:00
TXN005357,ACC_NORMAL_252,ACC_NORMAL_2,9043.0,2026-07-16 10:00:00
TXN005358,ACC_NORMAL_530,ACC_NORMAL_347,5294.0,2026-05-04 01:00:00
TXN005359,ACC_NORMAL_619,ACC_NORMAL_871,9974.0,2026-07-03 11:00:00
TXN005360,ACC_NORMAL_251,ACC_NORMAL_235,4598.0,2026-07-17 12:00:00
TXN005361,ACC_NORMAL_116,ACC_NORMAL_487,8644.0,2026-06-08 21:00:00
TXN005362,ACC_NORMAL_743,ACC_NORMAL_594,9680.0,2026-06-27 10:00:00
TXN005363,ACC_NORMAL_717,ACC_NORMAL_700,4555.0,2026-06-01 10:00:00
TXN005364,ACC_NORMAL_934,ACC_NORMAL_811,5330.0,2026-05-04 19:00:00
TXN005365,ACC_NORMAL_19,ACC_NORMAL_265,772.0,2026-05-10 02:00:00
TXN005366,ACC_NORMAL_928,ACC_NORMAL_399,7705.0,2026-03-18 05:00:00
TXN005367,ACC_NORMAL_991,ACC_NORMAL_277,3335.0,2026-04-13 03:00:00
TXN005368,ACC_NORMAL_672,ACC_NORMAL_70,6603.0,2026-06-05 16:00:00
TXN005369,ACC_NORMAL_455,ACC_NORMAL_96,9717.0,2026-07-17 07:00:00
TXN005370,ACC_NORMAL_417,ACC_NORMAL_262,1979.0,2026-03-10 05:00:00
TXN005371,ACC_NORMAL_442,ACC_NORMAL_339,157.0,2026-03-09 10:00:00
TXN005372,ACC_NORMAL_944,ACC_NORMAL_453,4216.0,2026-07-12 19:00:00
TXN005373,ACC_NORMAL_997,ACC_NORMAL_923,9404.0,2026-05-01 10:00:00
TXN005374,ACC_NORMAL_271,ACC_NORMAL_444,2480.0,2026-07-17 07:00:00
TXN005375,ACC_NORMAL_888,ACC_NORMAL_639,420.0,2026-05-13 12:00:00
TXN005376,ACC_NORMAL_149,ACC_NORMAL_8,6699.0,2026-03-26 00:00:00
TXN005377,ACC_NORMAL_651,ACC_NORMAL_423,2290.0,2026-03-26 01:00:00
TXN005378,ACC_NORMAL_730,ACC_NORMAL_603,3568.0,2026-06-01 00:00:00
TXN005379,ACC_NORMAL_403,ACC_NORMAL_186,9640.0,2026-07-13 17:00:00
TXN005380,ACC_NORMAL_682,ACC_NORMAL_670,6084.0,2026-04-22 15:00:00
TXN005381,ACC_NORMAL_416,ACC_NORMAL_987,1032.0,2026-03-07 01:00:00
TXN005382,ACC_NORMAL_327,ACC_NORMAL_424,9329.0,2026-07-01 14:00:00
TXN005383,ACC_NORMAL_99,ACC_NORMAL_485,2222.0,2026-04-13 06:00:00
TXN005384,ACC_NORMAL_139,ACC_NORMAL_247,9869.0,2026-03-15 06:00:00
TXN005385,ACC_NORMAL_510,ACC_NORMAL_282,9203.0,2026-04-26 23:00:00
TXN005386,ACC_NORMAL_882,ACC_NORMAL_126,8547.0,2026-07-11 06:00:00
TXN005387,ACC_NORMAL_421,ACC_NORMAL_283,1792.0,2026-06-21 17:00:00
TXN005388,ACC_NORMAL_965,ACC_NORMAL_821,1040.0,2026-06-25 04:00:00
TXN005389,ACC_NORMAL_707,ACC_NORMAL_301,9362.0,2026-05-28 03:00:00
TXN005390,ACC_NORMAL_822,ACC_NORMAL_551,6136.0,2026-05-26 03:00:00
TXN005391,ACC_NORMAL_843,ACC_NORMAL_406,7715.0,2026-05-26 09:00:00
TXN005392,ACC_NORMAL_489,ACC_NORMAL_249,7384.0,2026-04-27 13:00:00
TXN005393,ACC_NORMAL_357,ACC_NORMAL_959,1553.0,2026-07-10 19:00:00
TXN005394,ACC_NORMAL_926,ACC_NORMAL_998,882.0,2026-07-22 09:00:00
TXN005395,ACC_NORMAL_796,ACC_NORMAL_503,1503.0,2026-03-19 13:00:00
TXN005396,ACC_NORMAL_201,ACC_NORMAL_628,8012.0,2026-06-18 01:00:00
TXN005397,ACC_NORMAL_298,ACC_NORMAL_233,131.0,2026-06-07 04:00:00
TXN005398,ACC_NORMAL_344,ACC_NORMAL_600,9676.0,2026-03-14 22:00:00
TXN005399,ACC_NORMAL_797,ACC_NORMAL_85,5036.0,2026-04-09 08:00:00
TXN005400,ACC_NORMAL_567,ACC_NORMAL_7,4306.0,2026-04-29 17:00:00
TXN005401,ACC_NORMAL_895,ACC_NORMAL_393,9796.0,2026-05-14 14:00:00
TXN005402,ACC_NORMAL_252,ACC_NORMAL_205,4381.0,2026-04-20 00:00:00
TXN005403,ACC_NORMAL_334,ACC_NORMAL_191,9458.0,2026-07-13 20:00:00
TXN005404,ACC_NORMAL_970,ACC_NORMAL_639,6157.0,2026-03-12 23:00:00
TXN005405,ACC_NORMAL_126,ACC_NORMAL_387,6985.0,2026-07-12 02:00:00
TXN005406,ACC_NORMAL_293,ACC_NORMAL_584,5998.0,2026-03-12 06:00:00
TXN005407,ACC_NORMAL_659,ACC_NORMAL_87,2723.0,2026-06-16 01:00:00
TXN005408,ACC_NORMAL_819,ACC_NORMAL_706,4082.0,2026-06-17 08:00:00
TXN005409,ACC_NORMAL_689,ACC_NORMAL_232,282.0,2026-04-05 14:00:00
TXN005410,ACC_NORMAL_842,ACC_NORMAL_111,9128.0,2026-05-02 16:00:00
TXN005411,ACC_NORMAL_881,ACC_NORMAL_502,2735.0,2026-04-09 04:00:00
TXN005412,ACC_NORMAL_795,ACC_NORMAL_250,3996.0,2026-04-17 14:00:00
TXN005413,ACC_NORMAL_569,ACC_NORMAL_958,5802.0,2026-03-20 00:00:00
TXN005414,ACC_NORMAL_179,ACC_NORMAL_607,1445.0,2026-03-24 14:00:00
TXN005415,ACC_NORMAL_610,ACC_NORMAL_947,5130.0,2026-04-17 15:00:00
TXN005416,ACC_NORMAL_6,ACC_NORMAL_369,3472.0,2026-06-29 01:00:00
TXN005417,ACC_NORMAL_231,ACC_NORMAL_922,3766.0,2026-05-18 04:00:00
TXN005418,ACC_NORMAL_929,ACC_NORMAL_908,608.0,2026-05-23 05:00:00
TXN005419,ACC_NORMAL_399,ACC_NORMAL_304,123.0,2026-06-09 10:00:00
TXN005420,ACC_NORMAL_863,ACC_NORMAL_675,9148.0,2026-03-27 14:00:00
TXN005421,ACC_NORMAL_559,ACC_NORMAL_606,7242.0,2026-04-24 15:00:00
TXN005422,ACC_NORMAL_177,ACC_NORMAL_765,4479.0,2026-04-01 21:00:00
TXN005423,ACC_NORMAL_250,ACC_NORMAL_928,4027.0,2026-07-05 07:00:00
TXN005424,ACC_NORMAL_95,ACC_NORMAL_841,8347.0,2026-03-30 13:00:00
TXN005425,ACC_NORMAL_543,ACC_NORMAL_287,3984.0,2026-07-18 02:00:00
TXN005426,ACC_NORMAL_807,ACC_NORMAL_198,1609.0,2026-05-23 04:00:00
TXN005427,ACC_NORMAL_866,ACC_NORMAL_133,1786.0,2026-05-29 11:00:00
TXN005428,ACC_NORMAL_824,ACC_NORMAL_233,5359.0,2026-07-07 02:00:00
TXN005429,ACC_NORMAL_807,ACC_NORMAL_130,6689.0,2026-05-29 08:00:00
TXN005430,ACC_NORMAL_749,ACC_NORMAL_319,4309.0,2026-07-24 07:00:00
TXN005431,ACC_NORMAL_682,ACC_NORMAL_390,8407.0,2026-03-19 21:00:00
TXN005432,ACC_NORMAL_494,ACC_NORMAL_738,7521.0,2026-06-03 19:00:00
TXN005433,ACC_NORMAL_45,ACC_NORMAL_914,6015.0,2026-05-28 14:00:00
TXN005434,ACC_NORMAL_730,ACC_NORMAL_405,2488.0,2026-07-16 17:00:00
TXN005435,ACC_NORMAL_374,ACC_NORMAL_346,649.0,2026-06-23 17:00:00
TXN005436,ACC_NORMAL_812,ACC_NORMAL_22,7004.0,2026-04-07 03:00:00
TXN005437,ACC_NORMAL_289,ACC_NORMAL_147,8682.0,2026-03-16 19:00:00
TXN005438,ACC_NORMAL_530,ACC_NORMAL_144,582.0,2026-04-14 15:00:00
TXN005439,ACC_NORMAL_975,ACC_NORMAL_19,3665.0,2026-07-04 15:00:00
TXN005440,ACC_NORMAL_740,ACC_NORMAL_84,6518.0,2026-06-21 14:00:00
TXN005441,ACC_NORMAL_510,ACC_NORMAL_314,7920.0,2026-05-29 02:00:00
TXN005442,ACC_NORMAL_436,ACC_NORMAL_465,6871.0,2026-04-02 12:00:00
TXN005443,ACC_NORMAL_646,ACC_NORMAL_732,7261.0,2026-03-19 12:00:00
TXN005444,ACC_NORMAL_888,ACC_NORMAL_314,7245.0,2026-05-02 21:00:00
TXN005445,ACC_NORMAL_890,ACC_NORMAL_49,3391.0,2026-03-28 18:00:00
TXN005446,ACC_NORMAL_526,ACC_NORMAL_873,4980.0,2026-07-04 15:00:00
TXN005447,ACC_NORMAL_501,ACC_NORMAL_947,8630.0,2026-03-09 10:00:00
TXN005448,ACC_NORMAL_293,ACC_NORMAL_608,6792.0,2026-04-25 05:00:00
TXN005449,ACC_NORMAL_824,ACC_NORMAL_735,4413.0,2026-05-10 15:00:00
TXN005450,ACC_NORMAL_142,ACC_NORMAL_972,5409.0,2026-07-10 04:00:00
TXN005451,ACC_NORMAL_458,ACC_NORMAL_39,9519.0,2026-06-13 15:00:00
TXN005452,ACC_NORMAL_327,ACC_NORMAL_456,1327.0,2026-06-02 22:00:00
TXN005453,ACC_NORMAL_409,ACC_NORMAL_314,9931.0,2026-06-30 10:00:00
TXN005454,ACC_NORMAL_584,ACC_NORMAL_415,9483.0,2026-05-11 16:00:00
TXN005455,ACC_NORMAL_672,ACC_NORMAL_472,2212.0,2026-04-03 18:00:00
TXN005456,ACC_NORMAL_970,ACC_NORMAL_837,5843.0,2026-06-20 10:00:00
TXN005457,ACC_NORMAL_789,ACC_NORMAL_48,4308.0,2026-03-27 17:00:00
TXN005458,ACC_NORMAL_837,ACC_NORMAL_987,5449.0,2026-03-08 04:00:00
TXN005459,ACC_NORMAL_917,ACC_NORMAL_84,7934.0,2026-05-29 16:00:00
TXN005460,ACC_NORMAL_729,ACC_NORMAL_98,2028.0,2026-07-09 09:00:00
TXN005461,ACC_NORMAL_9,ACC_NORMAL_757,6471.0,2026-06-05 14:00:00
TXN005462,ACC_NORMAL_128,ACC_NORMAL_460,512.0,2026-03-20 21:00:00
TXN005463,ACC_NORMAL_125,ACC_NORMAL_833,3282.0,2026-05-21 06:00:00
TXN005464,ACC_NORMAL_143,ACC_NORMAL_591,2027.0,2026-04-15 12:00:00
TXN005465,ACC_NORMAL_787,ACC_NORMAL_21,8529.0,2026-07-28 06:00:00
TXN005466,ACC_NORMAL_237,ACC_NORMAL_245,1895.0,2026-05-29 03:00:00
TXN005467,ACC_NORMAL_880,ACC_NORMAL_427,7018.0,2026-03-30 17:00:00
TXN005468,ACC_NORMAL_654,ACC_NORMAL_893,6848.0,2026-03-27 20:00:00
TXN005469,ACC_NORMAL_455,ACC_NORMAL_597,3196.0,2026-05-28 07:00:00
TXN005470,ACC_NORMAL_42,ACC_NORMAL_611,4405.0,2026-07-21 22:00:00
TXN005471,ACC_NORMAL_36,ACC_NORMAL_256,9325.0,2026-04-08 08:00:00
TXN005472,ACC_NORMAL_570,ACC_NORMAL_692,6406.0,2026-03-26 15:00:00
TXN005473,ACC_NORMAL_113,ACC_NORMAL_399,1696.0,2026-06-25 22:00:00
TXN005474,ACC_NORMAL_350,ACC_NORMAL_771,4519.0,2026-03-10 07:00:00
TXN005475,ACC_NORMAL_94,ACC_NORMAL_639,8668.0,2026-03-27 18:00:00
TXN005476,ACC_NORMAL_831,ACC_NORMAL_82,4871.0,2026-03-27 19:00:00
TXN005477,ACC_NORMAL_256,ACC_NORMAL_385,6452.0,2026-05-23 12:00:00
TXN005478,ACC_NORMAL_621,ACC_NORMAL_611,3989.0,2026-05-06 01:00:00
TXN005479,ACC_NORMAL_97,ACC_NORMAL_724,1101.0,2026-06-06 19:00:00
TXN005480,ACC_NORMAL_479,ACC_NORMAL_173,6799.0,2026-06-02 05:00:00
TXN005481,ACC_NORMAL_690,ACC_NORMAL_532,6116.0,2026-07-18 08:00:00
TXN005482,ACC_NORMAL_193,ACC_NORMAL_31,7850.0,2026-06-02 02:00:00
TXN005483,ACC_NORMAL_944,ACC_NORMAL_52,9908.0,2026-03-09 11:00:00
TXN005484,ACC_NORMAL_56,ACC_NORMAL_36,2991.0,2026-06-08 18:00:00
TXN005485,ACC_NORMAL_239,ACC_NORMAL_31,2079.0,2026-04-18 19:00:00
TXN005486,ACC_NORMAL_20,ACC_NORMAL_320,3179.0,2026-04-24 07:00:00
TXN005487,ACC_NORMAL_458,ACC_NORMAL_886,2123.0,2026-03-29 19:00:00
TXN005488,ACC_NORMAL_973,ACC_NORMAL_107,2715.0,2026-03-18 06:00:00
TXN005489,ACC_NORMAL_603,ACC_NORMAL_413,4735.0,2026-03-18 08:00:00
TXN005490,ACC_NORMAL_213,ACC_NORMAL_181,1776.0,2026-04-28 04:00:00
TXN005491,ACC_NORMAL_111,ACC_NORMAL_607,5256.0,2026-04-23 21:00:00
TXN005492,ACC_NORMAL_264,ACC_NORMAL_815,9638.0,2026-06-14 12:00:00
TXN005493,ACC_NORMAL_742,ACC_NORMAL_816,8533.0,2026-07-17 05:00:00
TXN005494,ACC_NORMAL_855,ACC_NORMAL_27,8704.0,2026-06-13 01:00:00
TXN005495,ACC_NORMAL_845,ACC_NORMAL_50,748.0,2026-03-16 22:00:00
TXN005496,ACC_NORMAL_539,ACC_NORMAL_319,7043.0,2026-04-12 17:00:00
TXN005497,ACC_NORMAL_214,ACC_NORMAL_855,4596.0,2026-07-10 13:00:00
TXN005498,ACC_NORMAL_663,ACC_NORMAL_428,7642.0,2026-04-21 02:00:00
TXN005499,ACC_NORMAL_967,ACC_NORMAL_703,6057.0,2026-06-14 08:00:00
TXN005500,ACC_NORMAL_426,ACC_NORMAL_196,817.0,2026-05-21 10:00:00
TXN005501,ACC_NORMAL_713,ACC_NORMAL_5,2417.0,2026-04-26 19:00:00
TXN005502,ACC_NORMAL_209,ACC_NORMAL_46,6803.0,2026-03-12 06:00:00
TXN005503,ACC_NORMAL_775,ACC_NORMAL_904,662.0,2026-03-07 12:00:00
TXN005504,ACC_NORMAL_565,ACC_NORMAL_324,9869.0,2026-04-03 04:00:00
TXN005505,ACC_NORMAL_611,ACC_NORMAL_474,6058.0,2026-04-26 00:00:00
TXN005506,ACC_NORMAL_985,ACC_NORMAL_532,3169.0,2026-06-25 00:00:00
TXN005507,ACC_NORMAL_335,ACC_NORMAL_241,6616.0,2026-06-27 14:00:00
TXN005508,ACC_NORMAL_273,ACC_NORMAL_459,4029.0,2026-06-13 21:00:00
TXN005509,ACC_NORMAL_214,ACC_NORMAL_522,9922.0,2026-06-30 13:00:00
TXN005510,ACC_NORMAL_337,ACC_NORMAL_793,1599.0,2026-05-27 16:00:00
TXN005511,ACC_NORMAL_126,ACC_NORMAL_470,969.0,2026-06-17 12:00:00
TXN005512,ACC_NORMAL_381,ACC_NORMAL_926,3330.0,2026-05-19 03:00:00
TXN005513,ACC_NORMAL_180,ACC_NORMAL_894,7805.0,2026-05-08 07:00:00
TXN005514,ACC_NORMAL_169,ACC_NORMAL_423,6451.0,2026-06-25 09:00:00
TXN005515,ACC_NORMAL_390,ACC_NORMAL_669,2527.0,2026-06-26 09:00:00
TXN005516,ACC_NORMAL_299,ACC_NORMAL_159,9114.0,2026-07-22 05:00:00
TXN005517,ACC_NORMAL_496,ACC_NORMAL_970,4505.0,2026-06-27 10:00:00
TXN005518,ACC_NORMAL_184,ACC_NORMAL_203,1245.0,2026-04-08 14:00:00
TXN005519,ACC_NORMAL_114,ACC_NORMAL_860,9574.0,2026-06-08 16:00:00
TXN005520,ACC_NORMAL_523,ACC_NORMAL_532,3306.0,2026-04-25 07:00:00
TXN005521,ACC_NORMAL_771,ACC_NORMAL_976,2849.0,2026-03-06 09:00:00
TXN005522,ACC_NORMAL_120,ACC_NORMAL_210,2737.0,2026-06-17 16:00:00
TXN005523,ACC_NORMAL_674,ACC_NORMAL_110,1025.0,2026-06-12 20:00:00
TXN005524,ACC_NORMAL_502,ACC_NORMAL_861,506.0,2026-03-21 04:00:00
TXN005525,ACC_NORMAL_55,ACC_NORMAL_491,1553.0,2026-05-20 16:00:00
TXN005526,ACC_NORMAL_19,ACC_NORMAL_621,7948.0,2026-03-20 14:00:00
TXN005527,ACC_NORMAL_842,ACC_NORMAL_884,2284.0,2026-05-13 17:00:00
TXN005528,ACC_NORMAL_369,ACC_NORMAL_560,4531.0,2026-03-20 01:00:00
TXN005529,ACC_NORMAL_131,ACC_NORMAL_969,218.0,2026-06-29 22:00:00
TXN005530,ACC_NORMAL_768,ACC_NORMAL_303,3123.0,2026-05-16 01:00:00
TXN005531,ACC_NORMAL_593,ACC_NORMAL_338,3551.0,2026-03-10 11:00:00
TXN005532,ACC_NORMAL_652,ACC_NORMAL_940,2930.0,2026-05-16 09:00:00
TXN005533,ACC_NORMAL_850,ACC_NORMAL_687,7884.0,2026-07-03 03:00:00
TXN005534,ACC_NORMAL_566,ACC_NORMAL_653,6947.0,2026-05-31 10:00:00
TXN005535,ACC_NORMAL_407,ACC_NORMAL_686,4802.0,2026-03-08 21:00:00
TXN005536,ACC_NORMAL_918,ACC_NORMAL_747,4125.0,2026-06-02 22:00:00
TXN005537,ACC_NORMAL_297,ACC_NORMAL_171,7698.0,2026-05-05 05:00:00
TXN005538,ACC_NORMAL_889,ACC_NORMAL_965,1519.0,2026-05-19 20:00:00
TXN005539,ACC_NORMAL_408,ACC_NORMAL_562,3315.0,2026-05-24 00:00:00
TXN005540,ACC_NORMAL_181,ACC_NORMAL_905,6646.0,2026-04-18 00:00:00
TXN005541,ACC_NORMAL_513,ACC_NORMAL_761,4400.0,2026-03-18 05:00:00
TXN005542,ACC_NORMAL_586,ACC_NORMAL_954,6187.0,2026-05-11 08:00:00
TXN005543,ACC_NORMAL_55,ACC_NORMAL_402,2376.0,2026-06-19 04:00:00
TXN005544,ACC_NORMAL_577,ACC_NORMAL_595,9780.0,2026-04-24 07:00:00
TXN005545,ACC_NORMAL_854,ACC_NORMAL_667,1879.0,2026-06-10 04:00:00
TXN005546,ACC_NORMAL_823,ACC_NORMAL_76,6808.0,2026-05-07 04:00:00
TXN005547,ACC_NORMAL_652,ACC_NORMAL_651,7584.0,2026-03-24 06:00:00
TXN005548,ACC_NORMAL_404,ACC_NORMAL_693,4568.0,2026-03-30 20:00:00
TXN005549,ACC_NORMAL_520,ACC_NORMAL_728,6332.0,2026-06-01 22:00:00
TXN005550,ACC_NORMAL_22,ACC_NORMAL_506,3159.0,2026-06-27 14:00:00
TXN005551,ACC_NORMAL_459,ACC_NORMAL_604,775.0,2026-07-06 19:00:00
TXN005552,ACC_NORMAL_527,ACC_NORMAL_831,1169.0,2026-07-21 05:00:00
TXN005553,ACC_NORMAL_965,ACC_NORMAL_363,1231.0,2026-06-10 15:00:00
TXN005554,ACC_NORMAL_560,ACC_NORMAL_182,7664.0,2026-06-08 14:00:00
TXN005555,ACC_NORMAL_730,ACC_NORMAL_12,7034.0,2026-03-16 17:00:00
TXN005556,ACC_NORMAL_221,ACC_NORMAL_223,7550.0,2026-04-28 22:00:00
TXN005557,ACC_NORMAL_31,ACC_NORMAL_182,2117.0,2026-07-09 21:00:00
TXN005558,ACC_NORMAL_632,ACC_NORMAL_289,1898.0,2026-07-18 14:00:00
TXN005559,ACC_NORMAL_143,ACC_NORMAL_264,6609.0,2026-05-14 04:00:00
TXN005560,ACC_NORMAL_344,ACC_NORMAL_687,6791.0,2026-04-09 04:00:00
TXN005561,ACC_NORMAL_897,ACC_NORMAL_390,2450.0,2026-03-18 11:00:00
TXN005562,ACC_NORMAL_88,ACC_NORMAL_28,6394.0,2026-06-21 12:00:00
TXN005563,ACC_NORMAL_682,ACC_NORMAL_651,4039.0,2026-07-11 11:00:00
TXN005564,ACC_NORMAL_100,ACC_NORMAL_697,2306.0,2026-06-16 10:00:00
TXN005565,ACC_NORMAL_546,ACC_NORMAL_799,3052.0,2026-07-06 01:00:00
TXN005566,ACC_NORMAL_488,ACC_NORMAL_950,6366.0,2026-04-19 09:00:00
TXN005567,ACC_NORMAL_714,ACC_NORMAL_444,4848.0,2026-06-24 18:00:00
TXN005568,ACC_NORMAL_591,ACC_NORMAL_26,8872.0,2026-06-05 23:00:00
TXN005569,ACC_NORMAL_848,ACC_NORMAL_720,2457.0,2026-06-25 15:00:00
TXN005570,ACC_NORMAL_571,ACC_NORMAL_395,2711.0,2026-06-13 13:00:00
TXN005571,ACC_NORMAL_262,ACC_NORMAL_706,3226.0,2026-03-15 20:00:00
TXN005572,ACC_NORMAL_402,ACC_NORMAL_380,7216.0,2026-06-06 12:00:00
TXN005573,ACC_NORMAL_680,ACC_NORMAL_424,490.0,2026-06-04 07:00:00
TXN005574,ACC_NORMAL_9,ACC_NORMAL_52,3728.0,2026-03-10 23:00:00
TXN005575,ACC_NORMAL_232,ACC_NORMAL_164,1947.0,2026-05-08 06:00:00
TXN005576,ACC_NORMAL_265,ACC_NORMAL_774,3109.0,2026-03-20 12:00:00
TXN005577,ACC_NORMAL_491,ACC_NORMAL_228,1652.0,2026-07-12 16:00:00
TXN005578,ACC_NORMAL_712,ACC_NORMAL_556,1839.0,2026-07-11 19:00:00
TXN005579,ACC_NORMAL_691,ACC_NORMAL_284,5306.0,2026-07-22 17:00:00
TXN005580,ACC_NORMAL_217,ACC_NORMAL_708,3266.0,2026-05-12 21:00:00
TXN005581,ACC_NORMAL_492,ACC_NORMAL_510,2251.0,2026-05-10 18:00:00
TXN005582,ACC_NORMAL_472,ACC_NORMAL_332,5171.0,2026-04-12 16:00:00
TXN005583,ACC_NORMAL_999,ACC_NORMAL_15,3459.0,2026-03-18 18:00:00
TXN005584,ACC_NORMAL_834,ACC_NORMAL_713,258.0,2026-06-29 19:00:00
TXN005585,ACC_NORMAL_337,ACC_NORMAL_655,6504.0,2026-04-26 10:00:00
TXN005586,ACC_NORMAL_937,ACC_NORMAL_515,3173.0,2026-03-20 04:00:00
TXN005587,ACC_NORMAL_685,ACC_NORMAL_569,6695.0,2026-07-08 05:00:00
TXN005588,ACC_NORMAL_22,ACC_NORMAL_523,9464.0,2026-04-30 11:00:00
TXN005589,ACC_NORMAL_13,ACC_NORMAL_251,7724.0,2026-04-11 12:00:00
TXN005590,ACC_NORMAL_750,ACC_NORMAL_69,3549.0,2026-03-30 23:00:00
TXN005591,ACC_NORMAL_683,ACC_NORMAL_343,7866.0,2026-03-20 17:00:00
TXN005592,ACC_NORMAL_86,ACC_NORMAL_748,1714.0,2026-05-19 22:00:00
TXN005593,ACC_NORMAL_110,ACC_NORMAL_672,7511.0,2026-07-10 10:00:00
TXN005594,ACC_NORMAL_613,ACC_NORMAL_368,9578.0,2026-06-04 00:00:00
TXN005595,ACC_NORMAL_178,ACC_NORMAL_683,3342.0,2026-07-19 19:00:00
TXN005596,ACC_NORMAL_580,ACC_NORMAL_975,3706.0,2026-04-29 04:00:00
TXN005597,ACC_NORMAL_592,ACC_NORMAL_964,2568.0,2026-04-02 17:00:00
TXN005598,ACC_NORMAL_797,ACC_NORMAL_625,4095.0,2026-06-27 12:00:00
TXN005599,ACC_NORMAL_409,ACC_NORMAL_920,733.0,2026-03-25 19:00:00
TXN005600,ACC_NORMAL_538,ACC_NORMAL_909,5733.0,2026-03-20 09:00:00
TXN005601,ACC_NORMAL_687,ACC_NORMAL_283,356.0,2026-07-04 21:00:00
TXN005602,ACC_NORMAL_823,ACC_NORMAL_326,6130.0,2026-04-13 20:00:00
TXN005603,ACC_NORMAL_89,ACC_NORMAL_909,4147.0,2026-03-28 06:00:00
TXN005604,ACC_NORMAL_977,ACC_NORMAL_5,175.0,2026-05-17 12:00:00
TXN005605,ACC_NORMAL_128,ACC_NORMAL_293,5158.0,2026-07-12 00:00:00
TXN005606,ACC_NORMAL_892,ACC_NORMAL_831,9896.0,2026-04-08 12:00:00
TXN005607,ACC_NORMAL_888,ACC_NORMAL_130,6139.0,2026-07-14 21:00:00
TXN005608,ACC_NORMAL_972,ACC_NORMAL_372,9144.0,2026-07-04 16:00:00
TXN005609,ACC_NORMAL_442,ACC_NORMAL_991,8242.0,2026-03-29 00:00:00
TXN005610,ACC_NORMAL_541,ACC_NORMAL_535,8310.0,2026-05-17 03:00:00
TXN005611,ACC_NORMAL_267,ACC_NORMAL_784,6011.0,2026-04-21 13:00:00
TXN005612,ACC_NORMAL_214,ACC_NORMAL_73,3372.0,2026-03-19 15:00:00
TXN005613,ACC_NORMAL_430,ACC_NORMAL_833,7718.0,2026-06-30 17:00:00
TXN005614,ACC_NORMAL_126,ACC_NORMAL_185,768.0,2026-04-22 05:00:00
TXN005615,ACC_NORMAL_413,ACC_NORMAL_148,7851.0,2026-06-06 20:00:00
TXN005616,ACC_NORMAL_690,ACC_NORMAL_701,4411.0,2026-04-14 14:00:00
TXN005617,ACC_NORMAL_949,ACC_NORMAL_311,2314.0,2026-06-23 10:00:00
TXN005618,ACC_NORMAL_314,ACC_NORMAL_695,9675.0,2026-05-20 20:00:00
TXN005619,ACC_NORMAL_304,ACC_NORMAL_493,3906.0,2026-05-30 10:00:00
TXN005620,ACC_NORMAL_606,ACC_NORMAL_721,3970.0,2026-06-10 02:00:00
TXN005621,ACC_NORMAL_234,ACC_NORMAL_677,9838.0,2026-05-23 21:00:00
TXN005622,ACC_NORMAL_585,ACC_NORMAL_495,7769.0,2026-03-28 23:00:00
TXN005623,ACC_NORMAL_465,ACC_NORMAL_697,7704.0,2026-06-09 05:00:00
TXN005624,ACC_NORMAL_28,ACC_NORMAL_99,8281.0,2026-04-23 01:00:00
TXN005625,ACC_NORMAL_611,ACC_NORMAL_463,5951.0,2026-07-23 08:00:00
TXN005626,ACC_NORMAL_942,ACC_NORMAL_377,1443.0,2026-07-01 12:00:00
TXN005627,ACC_NORMAL_204,ACC_NORMAL_222,1310.0,2026-07-06 13:00:00
TXN005628,ACC_NORMAL_195,ACC_NORMAL_905,9830.0,2026-06-28 02:00:00
TXN005629,ACC_NORMAL_30,ACC_NORMAL_986,2479.0,2026-07-18 06:00:00
TXN005630,ACC_NORMAL_521,ACC_NORMAL_389,6837.0,2026-05-28 12:00:00
TXN005631,ACC_NORMAL_917,ACC_NORMAL_488,3018.0,2026-03-09 06:00:00
TXN005632,ACC_NORMAL_349,ACC_NORMAL_905,6903.0,2026-06-23 11:00:00
TXN005633,ACC_NORMAL_919,ACC_NORMAL_207,8279.0,2026-06-19 03:00:00
TXN005634,ACC_NORMAL_696,ACC_NORMAL_247,1333.0,2026-03-29 03:00:00
TXN005635,ACC_NORMAL_851,ACC_NORMAL_441,340.0,2026-04-05 05:00:00
TXN005636,ACC_NORMAL_762,ACC_NORMAL_894,9548.0,2026-07-01 07:00:00
TXN005637,ACC_NORMAL_139,ACC_NORMAL_283,3497.0,2026-05-11 15:00:00
TXN005638,ACC_NORMAL_486,ACC_NORMAL_102,8497.0,2026-03-28 10:00:00
TXN005639,ACC_NORMAL_575,ACC_NORMAL_887,808.0,2026-04-21 22:00:00
TXN005640,ACC_NORMAL_487,ACC_NORMAL_572,4425.0,2026-06-30 18:00:00
TXN005641,ACC_NORMAL_985,ACC_NORMAL_818,9471.0,2026-06-02 23:00:00
TXN005642,ACC_NORMAL_846,ACC_NORMAL_356,5449.0,2026-03-22 09:00:00
TXN005643,ACC_NORMAL_738,ACC_NORMAL_2,1104.0,2026-04-25 01:00:00
TXN005644,ACC_NORMAL_33,ACC_NORMAL_772,8616.0,2026-07-15 12:00:00
TXN005645,ACC_NORMAL_933,ACC_NORMAL_724,3447.0,2026-05-25 15:00:00
TXN005646,ACC_NORMAL_340,ACC_NORMAL_113,4449.0,2026-03-10 06:00:00
TXN005647,ACC_NORMAL_430,ACC_NORMAL_938,1524.0,2026-07-03 17:00:00
TXN005648,ACC_NORMAL_258,ACC_NORMAL_989,9042.0,2026-07-23 17:00:00
TXN005649,ACC_NORMAL_981,ACC_NORMAL_682,1644.0,2026-04-02 22:00:00
TXN005650,ACC_NORMAL_325,ACC_NORMAL_183,3121.0,2026-04-18 09:00:00
TXN005651,ACC_NORMAL_38,ACC_NORMAL_682,663.0,2026-07-19 18:00:00
TXN005652,ACC_NORMAL_172,ACC_NORMAL_232,3412.0,2026-04-19 23:00:00
TXN005653,ACC_NORMAL_359,ACC_NORMAL_191,9320.0,2026-03-27 01:00:00
TXN005654,ACC_NORMAL_213,ACC_NORMAL_795,9534.0,2026-04-12 01:00:00
TXN005655,ACC_NORMAL_495,ACC_NORMAL_5,3519.0,2026-06-01 15:00:00
TXN005656,ACC_NORMAL_684,ACC_NORMAL_554,4746.0,2026-05-06 07:00:00
TXN005657,ACC_NORMAL_456,ACC_NORMAL_174,8555.0,2026-03-15 21:00:00
TXN005658,ACC_NORMAL_594,ACC_NORMAL_713,9288.0,2026-04-24 10:00:00
TXN005659,ACC_NORMAL_636,ACC_NORMAL_633,1942.0,2026-04-16 08:00:00
TXN005660,ACC_NORMAL_260,ACC_NORMAL_790,2468.0,2026-05-10 21:00:00
TXN005661,ACC_NORMAL_573,ACC_NORMAL_599,2336.0,2026-03-09 00:00:00
TXN005662,ACC_NORMAL_173,ACC_NORMAL_355,8231.0,2026-03-25 17:00:00
TXN005663,ACC_NORMAL_575,ACC_NORMAL_132,1484.0,2026-03-16 12:00:00
TXN005664,ACC_NORMAL_724,ACC_NORMAL_871,9304.0,2026-06-15 19:00:00
TXN005665,ACC_NORMAL_210,ACC_NORMAL_399,2829.0,2026-05-24 09:00:00
TXN005666,ACC_NORMAL_744,ACC_NORMAL_720,3039.0,2026-07-09 23:00:00
TXN005667,ACC_NORMAL_773,ACC_NORMAL_147,8864.0,2026-05-08 16:00:00
TXN005668,ACC_NORMAL_405,ACC_NORMAL_219,7323.0,2026-03-05 10:00:00
TXN005669,ACC_NORMAL_250,ACC_NORMAL_159,797.0,2026-07-25 19:00:00
TXN005670,ACC_NORMAL_68,ACC_NORMAL_490,9981.0,2026-06-13 10:00:00
TXN005671,ACC_NORMAL_568,ACC_NORMAL_580,3509.0,2026-06-10 21:00:00
TXN005672,ACC_NORMAL_536,ACC_NORMAL_203,9531.0,2026-07-06 10:00:00
TXN005673,ACC_NORMAL_924,ACC_NORMAL_501,4948.0,2026-06-02 07:00:00
TXN005674,ACC_NORMAL_343,ACC_NORMAL_916,1997.0,2026-05-04 22:00:00
TXN005675,ACC_NORMAL_138,ACC_NORMAL_666,5829.0,2026-05-03 07:00:00
TXN005676,ACC_NORMAL_574,ACC_NORMAL_118,5327.0,2026-06-23 11:00:00
TXN005677,ACC_NORMAL_647,ACC_NORMAL_533,5069.0,2026-03-27 16:00:00
TXN005678,ACC_NORMAL_296,ACC_NORMAL_740,8308.0,2026-04-12 05:00:00
TXN005679,ACC_NORMAL_664,ACC_NORMAL_767,9834.0,2026-04-12 10:00:00
TXN005680,ACC_NORMAL_603,ACC_NORMAL_408,8021.0,2026-03-14 13:00:00
TXN005681,ACC_NORMAL_682,ACC_NORMAL_970,196.0,2026-04-01 06:00:00
TXN005682,ACC_NORMAL_140,ACC_NORMAL_672,6898.0,2026-04-18 10:00:00
TXN005683,ACC_NORMAL_460,ACC_NORMAL_216,7475.0,2026-04-09 11:00:00
TXN005684,ACC_NORMAL_812,ACC_NORMAL_626,9098.0,2026-03-10 00:00:00
TXN005685,ACC_NORMAL_57,ACC_NORMAL_597,6216.0,2026-05-07 13:00:00
TXN005686,ACC_NORMAL_813,ACC_NORMAL_491,8217.0,2026-07-17 06:00:00
TXN005687,ACC_NORMAL_86,ACC_NORMAL_84,1369.0,2026-03-08 01:00:00
TXN005688,ACC_NORMAL_429,ACC_NORMAL_954,5747.0,2026-06-15 05:00:00
TXN005689,ACC_NORMAL_825,ACC_NORMAL_941,4900.0,2026-07-02 00:00:00
TXN005690,ACC_NORMAL_830,ACC_NORMAL_168,6370.0,2026-03-29 20:00:00
TXN005691,ACC_NORMAL_365,ACC_NORMAL_978,2663.0,2026-04-22 00:00:00
TXN005692,ACC_NORMAL_38,ACC_NORMAL_285,3116.0,2026-04-11 14:00:00
TXN005693,ACC_NORMAL_662,ACC_NORMAL_465,3782.0,2026-07-14 13:00:00
TXN005694,ACC_NORMAL_83,ACC_NORMAL_19,8367.0,2026-03-30 14:00:00
TXN005695,ACC_NORMAL_457,ACC_NORMAL_75,7811.0,2026-03-10 04:00:00
TXN005696,ACC_NORMAL_760,ACC_NORMAL_382,764.0,2026-03-29 04:00:00
TXN005697,ACC_NORMAL_613,ACC_NORMAL_999,5191.0,2026-04-21 01:00:00
TXN005698,ACC_NORMAL_82,ACC_NORMAL_91,9936.0,2026-04-20 10:00:00
TXN005699,ACC_NORMAL_596,ACC_NORMAL_98,9407.0,2026-05-11 17:00:00
TXN005700,ACC_NORMAL_63,ACC_NORMAL_980,1560.0,2026-03-11 00:00:00
TXN005701,ACC_NORMAL_756,ACC_NORMAL_289,3512.0,2026-04-12 14:00:00
TXN005702,ACC_NORMAL_216,ACC_NORMAL_665,6834.0,2026-06-23 00:00:00
TXN005703,ACC_NORMAL_162,ACC_NORMAL_460,1845.0,2026-03-11 07:00:00
TXN005704,ACC_NORMAL_866,ACC_NORMAL_16,8494.0,2026-05-13 17:00:00
TXN005705,ACC_NORMAL_654,ACC_NORMAL_133,9516.0,2026-06-24 13:00:00
TXN005706,ACC_NORMAL_494,ACC_NORMAL_48,1591.0,2026-04-02 14:00:00
TXN005707,ACC_NORMAL_189,ACC_NORMAL_537,7297.0,2026-04-13 23:00:00
TXN005708,ACC_NORMAL_136,ACC_NORMAL_963,9932.0,2026-03-25 17:00:00
TXN005709,ACC_NORMAL_810,ACC_NORMAL_472,6850.0,2026-05-30 20:00:00
TXN005710,ACC_NORMAL_821,ACC_NORMAL_557,4025.0,2026-06-19 16:00:00
TXN005711,ACC_NORMAL_321,ACC_NORMAL_602,692.0,2026-06-14 20:00:00
TXN005712,ACC_NORMAL_286,ACC_NORMAL_961,173.0,2026-05-12 05:00:00
TXN005713,ACC_NORMAL_434,ACC_NORMAL_865,4106.0,2026-04-23 23:00:00
TXN005714,ACC_NORMAL_348,ACC_NORMAL_23,2850.0,2026-05-02 12:00:00
TXN005715,ACC_NORMAL_347,ACC_NORMAL_68,5433.0,2026-06-12 12:00:00
TXN005716,ACC_NORMAL_808,ACC_NORMAL_985,4360.0,2026-06-30 16:00:00
TXN005717,ACC_NORMAL_788,ACC_NORMAL_626,9361.0,2026-03-04 14:00:00
TXN005718,ACC_NORMAL_160,ACC_NORMAL_243,3905.0,2026-06-10 23:00:00
TXN005719,ACC_NORMAL_160,ACC_NORMAL_978,5555.0,2026-04-18 07:00:00
TXN005720,ACC_NORMAL_842,ACC_NORMAL_389,4278.0,2026-04-21 08:00:00
TXN005721,ACC_NORMAL_655,ACC_NORMAL_464,8722.0,2026-06-25 03:00:00
TXN005722,ACC_NORMAL_302,ACC_NORMAL_65,854.0,2026-04-03 21:00:00
TXN005723,ACC_NORMAL_146,ACC_NORMAL_505,7241.0,2026-07-26 16:00:00
TXN005724,ACC_NORMAL_519,ACC_NORMAL_942,1290.0,2026-05-13 07:00:00
TXN005725,ACC_NORMAL_385,ACC_NORMAL_694,266.0,2026-05-27 18:00:00
TXN005726,ACC_NORMAL_538,ACC_NORMAL_40,2149.0,2026-03-26 18:00:00
TXN005727,ACC_NORMAL_698,ACC_NORMAL_846,8038.0,2026-05-21 10:00:00
TXN005728,ACC_NORMAL_974,ACC_NORMAL_310,9837.0,2026-07-22 11:00:00
TXN005729,ACC_NORMAL_41,ACC_NORMAL_789,7393.0,2026-05-26 01:00:00
TXN005730,ACC_NORMAL_996,ACC_NORMAL_939,9717.0,2026-05-30 21:00:00
TXN005731,ACC_NORMAL_16,ACC_NORMAL_842,753.0,2026-04-18 03:00:00
TXN005732,ACC_NORMAL_5,ACC_NORMAL_259,6350.0,2026-04-02 23:00:00
TXN005733,ACC_NORMAL_679,ACC_NORMAL_22,1278.0,2026-05-09 09:00:00
TXN005734,ACC_NORMAL_254,ACC_NORMAL_901,5025.0,2026-07-11 07:00:00
TXN005735,ACC_NORMAL_422,ACC_NORMAL_9,2155.0,2026-04-08 17:00:00
TXN005736,ACC_NORMAL_378,ACC_NORMAL_296,2693.0,2026-04-30 13:00:00
TXN005737,ACC_NORMAL_867,ACC_NORMAL_567,7553.0,2026-05-02 23:00:00
TXN005738,ACC_NORMAL_29,ACC_NORMAL_276,6947.0,2026-05-20 09:00:00
TXN005739,ACC_NORMAL_314,ACC_NORMAL_987,1494.0,2026-04-07 14:00:00
TXN005740,ACC_NORMAL_854,ACC_NORMAL_530,7447.0,2026-03-26 07:00:00
TXN005741,ACC_NORMAL_927,ACC_NORMAL_743,2815.0,2026-06-19 03:00:00
TXN005742,ACC_NORMAL_517,ACC_NORMAL_912,935.0,2026-06-17 05:00:00
TXN005743,ACC_NORMAL_909,ACC_NORMAL_649,3199.0,2026-06-30 05:00:00
TXN005744,ACC_NORMAL_756,ACC_NORMAL_521,2448.0,2026-03-07 06:00:00
TXN005745,ACC_NORMAL_570,ACC_NORMAL_540,7323.0,2026-05-08 01:00:00
TXN005746,ACC_NORMAL_198,ACC_NORMAL_275,153.0,2026-05-17 11:00:00
TXN005747,ACC_NORMAL_352,ACC_NORMAL_5,3616.0,2026-06-18 15:00:00
TXN005748,ACC_NORMAL_267,ACC_NORMAL_826,4965.0,2026-04-10 20:00:00
TXN005749,ACC_NORMAL_646,ACC_NORMAL_647,5843.0,2026-03-30 08:00:00
TXN005750,ACC_NORMAL_560,ACC_NORMAL_706,6999.0,2026-04-12 12:00:00
TXN005751,ACC_NORMAL_353,ACC_NORMAL_174,1908.0,2026-07-08 17:00:00
TXN005752,ACC_NORMAL_637,ACC_NORMAL_620,8357.0,2026-06-22 23:00:00
TXN005753,ACC_NORMAL_458,ACC_NORMAL_650,9950.0,2026-07-02 10:00:00
TXN005754,ACC_NORMAL_884,ACC_NORMAL_832,5838.0,2026-06-04 22:00:00
TXN005755,ACC_NORMAL_992,ACC_NORMAL_785,2882.0,2026-04-25 20:00:00
TXN005756,ACC_NORMAL_574,ACC_NORMAL_484,7642.0,2026-03-16 17:00:00
TXN005757,ACC_NORMAL_710,ACC_NORMAL_325,9614.0,2026-06-28 02:00:00
TXN005758,ACC_NORMAL_248,ACC_NORMAL_467,7015.0,2026-06-05 04:00:00
TXN005759,ACC_NORMAL_199,ACC_NORMAL_602,6880.0,2026-04-29 08:00:00
TXN005760,ACC_NORMAL_59,ACC_NORMAL_765,1185.0,2026-04-02 20:00:00
TXN005761,ACC_NORMAL_954,ACC_NORMAL_332,2544.0,2026-07-05 16:00:00
TXN005762,ACC_NORMAL_841,ACC_NORMAL_391,4382.0,2026-07-23 15:00:00
TXN005763,ACC_NORMAL_19,ACC_NORMAL_101,737.0,2026-06-17 15:00:00
TXN005764,ACC_NORMAL_750,ACC_NORMAL_952,1669.0,2026-07-04 07:00:00
TXN005765,ACC_NORMAL_235,ACC_NORMAL_603,8671.0,2026-03-15 20:00:00
TXN005766,ACC_NORMAL_914,ACC_NORMAL_398,709.0,2026-06-15 02:00:00
TXN005767,ACC_NORMAL_915,ACC_NORMAL_171,6863.0,2026-04-21 05:00:00
TXN005768,ACC_NORMAL_187,ACC_NORMAL_208,6862.0,2026-03-21 20:00:00
TXN005769,ACC_NORMAL_280,ACC_NORMAL_982,7809.0,2026-07-13 02:00:00
TXN005770,ACC_NORMAL_826,ACC_NORMAL_923,1249.0,2026-05-23 07:00:00
TXN005771,ACC_NORMAL_351,ACC_NORMAL_136,4953.0,2026-03-30 18:00:00
TXN005772,ACC_NORMAL_992,ACC_NORMAL_681,1630.0,2026-03-28 04:00:00
TXN005773,ACC_NORMAL_291,ACC_NORMAL_793,3909.0,2026-04-25 14:00:00
TXN005774,ACC_NORMAL_705,ACC_NORMAL_576,6034.0,2026-04-21 08:00:00
TXN005775,ACC_NORMAL_835,ACC_NORMAL_932,4150.0,2026-06-08 15:00:00
TXN005776,ACC_NORMAL_287,ACC_NORMAL_399,9642.0,2026-03-09 17:00:00
TXN005777,ACC_NORMAL_212,ACC_NORMAL_232,1008.0,2026-07-22 02:00:00
TXN005778,ACC_NORMAL_757,ACC_NORMAL_317,1197.0,2026-05-25 11:00:00
TXN005779,ACC_NORMAL_569,ACC_NORMAL_882,8148.0,2026-03-18 15:00:00
TXN005780,ACC_NORMAL_950,ACC_NORMAL_216,4932.0,2026-06-17 08:00:00
TXN005781,ACC_NORMAL_571,ACC_NORMAL_680,7768.0,2026-03-23 15:00:00
TXN005782,ACC_NORMAL_638,ACC_NORMAL_889,6513.0,2026-03-10 16:00:00
TXN005783,ACC_NORMAL_222,ACC_NORMAL_725,5767.0,2026-05-08 08:00:00
TXN005784,ACC_NORMAL_533,ACC_NORMAL_455,3152.0,2026-04-05 21:00:00
TXN005785,ACC_NORMAL_473,ACC_NORMAL_216,9961.0,2026-06-03 18:00:00
TXN005786,ACC_NORMAL_526,ACC_NORMAL_137,9291.0,2026-06-24 13:00:00
TXN005787,ACC_NORMAL_313,ACC_NORMAL_943,9155.0,2026-05-31 12:00:00
TXN005788,ACC_NORMAL_439,ACC_NORMAL_152,3638.0,2026-05-18 19:00:00
TXN005789,ACC_NORMAL_576,ACC_NORMAL_488,8365.0,2026-03-10 21:00:00
TXN005790,ACC_NORMAL_463,ACC_NORMAL_311,4207.0,2026-07-02 10:00:00
TXN005791,ACC_NORMAL_909,ACC_NORMAL_480,9995.0,2026-06-23 08:00:00
TXN005792,ACC_NORMAL_213,ACC_NORMAL_815,3911.0,2026-06-04 21:00:00
TXN005793,ACC_NORMAL_857,ACC_NORMAL_305,321.0,2026-04-27 03:00:00
TXN005794,ACC_NORMAL_192,ACC_NORMAL_4,8805.0,2026-06-21 18:00:00
TXN005795,ACC_NORMAL_990,ACC_NORMAL_470,1931.0,2026-03-23 04:00:00
TXN005796,ACC_NORMAL_618,ACC_NORMAL_758,2098.0,2026-05-30 09:00:00
TXN005797,ACC_NORMAL_108,ACC_NORMAL_717,627.0,2026-03-10 01:00:00
TXN005798,ACC_NORMAL_850,ACC_NORMAL_339,1036.0,2026-04-12 15:00:00
TXN005799,ACC_NORMAL_478,ACC_NORMAL_42,8750.0,2026-07-08 17:00:00
TXN005800,ACC_NORMAL_486,ACC_NORMAL_28,5582.0,2026-05-03 19:00:00
TXN005801,ACC_NORMAL_947,ACC_NORMAL_550,2566.0,2026-03-13 14:00:00
TXN005802,ACC_NORMAL_174,ACC_NORMAL_486,8045.0,2026-06-07 12:00:00
TXN005803,ACC_NORMAL_796,ACC_NORMAL_169,2516.0,2026-07-22 13:00:00
TXN005804,ACC_NORMAL_410,ACC_NORMAL_455,1273.0,2026-05-27 06:00:00
TXN005805,ACC_NORMAL_514,ACC_NORMAL_266,3152.0,2026-05-08 09:00:00
TXN005806,ACC_NORMAL_641,ACC_NORMAL_193,5229.0,2026-05-09 16:00:00
TXN005807,ACC_NORMAL_262,ACC_NORMAL_453,1562.0,2026-04-03 07:00:00
TXN005808,ACC_NORMAL_35,ACC_NORMAL_456,3285.0,2026-03-21 22:00:00
TXN005809,ACC_NORMAL_524,ACC_NORMAL_201,9534.0,2026-03-28 01:00:00
TXN005810,ACC_NORMAL_159,ACC_NORMAL_623,4642.0,2026-06-25 03:00:00
TXN005811,ACC_NORMAL_469,ACC_NORMAL_841,4864.0,2026-05-17 22:00:00
TXN005812,ACC_NORMAL_159,ACC_NORMAL_497,1293.0,2026-04-22 17:00:00
TXN005813,ACC_NORMAL_849,ACC_NORMAL_926,4699.0,2026-03-26 05:00:00
TXN005814,ACC_NORMAL_726,ACC_NORMAL_486,1214.0,2026-05-15 04:00:00
TXN005815,ACC_NORMAL_957,ACC_NORMAL_540,1325.0,2026-03-23 18:00:00
TXN005816,ACC_NORMAL_998,ACC_NORMAL_585,4429.0,2026-04-26 20:00:00
TXN005817,ACC_NORMAL_542,ACC_NORMAL_178,6220.0,2026-04-05 17:00:00
TXN005818,ACC_NORMAL_744,ACC_NORMAL_918,6570.0,2026-06-08 11:00:00
TXN005819,ACC_NORMAL_392,ACC_NORMAL_754,5740.0,2026-06-09 21:00:00
TXN005820,ACC_NORMAL_423,ACC_NORMAL_312,6943.0,2026-05-13 08:00:00
TXN005821,ACC_NORMAL_583,ACC_NORMAL_737,5760.0,2026-05-06 06:00:00
TXN005822,ACC_NORMAL_511,ACC_NORMAL_296,609.0,2026-04-07 06:00:00
TXN005823,ACC_NORMAL_425,ACC_NORMAL_143,164.0,2026-03-23 20:00:00
TXN005824,ACC_NORMAL_9,ACC_NORMAL_313,9352.0,2026-04-21 10:00:00
TXN005825,ACC_NORMAL_918,ACC_NORMAL_604,4985.0,2026-06-22 15:00:00
TXN005826,ACC_NORMAL_403,ACC_NORMAL_163,8974.0,2026-07-19 06:00:00
TXN005827,ACC_NORMAL_249,ACC_NORMAL_559,1228.0,2026-07-24 13:00:00
TXN005828,ACC_NORMAL_866,ACC_NORMAL_920,3270.0,2026-05-11 19:00:00
TXN005829,ACC_NORMAL_859,ACC_NORMAL_875,3679.0,2026-06-19 18:00:00
TXN005830,ACC_NORMAL_184,ACC_NORMAL_529,709.0,2026-04-10 00:00:00
TXN005831,ACC_NORMAL_45,ACC_NORMAL_344,1709.0,2026-07-11 21:00:00
TXN005832,ACC_NORMAL_752,ACC_NORMAL_938,5730.0,2026-05-29 16:00:00
TXN005833,ACC_NORMAL_167,ACC_NORMAL_606,4434.0,2026-06-14 17:00:00
TXN005834,ACC_NORMAL_162,ACC_NORMAL_612,3914.0,2026-04-18 15:00:00
TXN005835,ACC_NORMAL_738,ACC_NORMAL_748,2692.0,2026-04-11 12:00:00
TXN005836,ACC_NORMAL_395,ACC_NORMAL_729,6662.0,2026-04-10 23:00:00
TXN005837,ACC_NORMAL_995,ACC_NORMAL_98,6799.0,2026-05-24 15:00:00
TXN005838,ACC_NORMAL_995,ACC_NORMAL_876,6652.0,2026-03-25 17:00:00
TXN005839,ACC_NORMAL_172,ACC_NORMAL_23,2664.0,2026-05-07 15:00:00
TXN005840,ACC_NORMAL_527,ACC_NORMAL_177,7081.0,2026-04-03 10:00:00
TXN005841,ACC_NORMAL_181,ACC_NORMAL_394,1090.0,2026-06-27 08:00:00
TXN005842,ACC_NORMAL_734,ACC_NORMAL_121,2998.0,2026-06-16 18:00:00
TXN005843,ACC_NORMAL_385,ACC_NORMAL_691,3129.0,2026-03-21 13:00:00
TXN005844,ACC_NORMAL_811,ACC_NORMAL_305,4105.0,2026-04-09 08:00:00
TXN005845,ACC_NORMAL_38,ACC_NORMAL_31,403.0,2026-07-01 11:00:00
TXN005846,ACC_NORMAL_942,ACC_NORMAL_98,9134.0,2026-07-04 08:00:00
TXN005847,ACC_NORMAL_341,ACC_NORMAL_150,4070.0,2026-03-10 01:00:00
TXN005848,ACC_NORMAL_271,ACC_NORMAL_239,7677.0,2026-07-22 07:00:00
TXN005849,ACC_NORMAL_881,ACC_NORMAL_870,3763.0,2026-05-20 19:00:00
TXN005850,ACC_NORMAL_540,ACC_NORMAL_492,3026.0,2026-05-07 16:00:00
TXN005851,ACC_NORMAL_725,ACC_NORMAL_306,4225.0,2026-05-01 12:00:00
TXN005852,ACC_NORMAL_326,ACC_NORMAL_957,434.0,2026-04-28 23:00:00
TXN005853,ACC_NORMAL_765,ACC_NORMAL_993,7125.0,2026-07-05 16:00:00
TXN005854,ACC_NORMAL_317,ACC_NORMAL_433,5837.0,2026-03-18 22:00:00
TXN005855,ACC_NORMAL_118,ACC_NORMAL_455,7434.0,2026-07-01 11:00:00
TXN005856,ACC_NORMAL_40,ACC_NORMAL_405,3574.0,2026-06-05 12:00:00
TXN005857,ACC_NORMAL_547,ACC_NORMAL_815,2374.0,2026-03-17 18:00:00
TXN005858,ACC_NORMAL_319,ACC_NORMAL_669,8145.0,2026-07-23 16:00:00
TXN005859,ACC_NORMAL_716,ACC_NORMAL_853,5872.0,2026-07-21 08:00:00
TXN005860,ACC_NORMAL_920,ACC_NORMAL_661,7282.0,2026-07-19 12:00:00
TXN005861,ACC_NORMAL_218,ACC_NORMAL_139,7720.0,2026-04-18 03:00:00
TXN005862,ACC_NORMAL_840,ACC_NORMAL_434,9867.0,2026-07-18 10:00:00
TXN005863,ACC_NORMAL_758,ACC_NORMAL_897,6714.0,2026-06-21 21:00:00
TXN005864,ACC_NORMAL_355,ACC_NORMAL_57,6006.0,2026-06-26 00:00:00
TXN005865,ACC_NORMAL_348,ACC_NORMAL_853,1108.0,2026-06-20 00:00:00
TXN005866,ACC_NORMAL_359,ACC_NORMAL_795,2518.0,2026-07-17 20:00:00
TXN005867,ACC_NORMAL_344,ACC_NORMAL_42,6076.0,2026-03-28 03:00:00
TXN005868,ACC_NORMAL_780,ACC_NORMAL_75,5058.0,2026-05-04 05:00:00
TXN005869,ACC_NORMAL_373,ACC_NORMAL_280,209.0,2026-04-23 11:00:00
TXN005870,ACC_NORMAL_230,ACC_NORMAL_677,9066.0,2026-05-29 19:00:00
TXN005871,ACC_NORMAL_647,ACC_NORMAL_6,9469.0,2026-05-14 11:00:00
TXN005872,ACC_NORMAL_52,ACC_NORMAL_528,3910.0,2026-04-24 11:00:00
TXN005873,ACC_NORMAL_333,ACC_NORMAL_651,5808.0,2026-06-18 10:00:00
TXN005874,ACC_NORMAL_291,ACC_NORMAL_21,4788.0,2026-04-10 14:00:00
TXN005875,ACC_NORMAL_267,ACC_NORMAL_376,3085.0,2026-03-27 12:00:00
TXN005876,ACC_NORMAL_899,ACC_NORMAL_152,9876.0,2026-06-03 18:00:00
TXN005877,ACC_NORMAL_97,ACC_NORMAL_833,4706.0,2026-06-10 14:00:00
TXN005878,ACC_NORMAL_490,ACC_NORMAL_303,6876.0,2026-04-12 22:00:00
TXN005879,ACC_NORMAL_871,ACC_NORMAL_378,6990.0,2026-04-27 15:00:00
TXN005880,ACC_NORMAL_189,ACC_NORMAL_319,4340.0,2026-03-20 13:00:00
TXN005881,ACC_NORMAL_2,ACC_NORMAL_436,7100.0,2026-06-15 01:00:00
TXN005882,ACC_NORMAL_75,ACC_NORMAL_24,6627.0,2026-04-11 00:00:00
TXN005883,ACC_NORMAL_365,ACC_NORMAL_794,8479.0,2026-03-21 23:00:00
TXN005884,ACC_NORMAL_628,ACC_NORMAL_529,1421.0,2026-07-13 13:00:00
TXN005885,ACC_NORMAL_782,ACC_NORMAL_524,9766.0,2026-06-16 17:00:00
TXN005886,ACC_NORMAL_620,ACC_NORMAL_220,2205.0,2026-03-30 13:00:00
TXN005887,ACC_NORMAL_666,ACC_NORMAL_818,3129.0,2026-06-10 14:00:00
TXN005888,ACC_NORMAL_2,ACC_NORMAL_721,303.0,2026-06-08 06:00:00
TXN005889,ACC_NORMAL_295,ACC_NORMAL_826,8623.0,2026-07-06 05:00:00
TXN005890,ACC_NORMAL_753,ACC_NORMAL_899,6444.0,2026-06-16 00:00:00
TXN005891,ACC_NORMAL_731,ACC_NORMAL_403,6442.0,2026-07-06 11:00:00
TXN005892,ACC_NORMAL_348,ACC_NORMAL_340,5190.0,2026-05-10 03:00:00
TXN005893,ACC_NORMAL_786,ACC_NORMAL_112,1574.0,2026-06-27 03:00:00
TXN005894,ACC_NORMAL_965,ACC_NORMAL_105,5697.0,2026-07-22 21:00:00
TXN005895,ACC_NORMAL_198,ACC_NORMAL_75,6321.0,2026-05-01 04:00:00
TXN005896,ACC_NORMAL_298,ACC_NORMAL_484,8074.0,2026-07-22 21:00:00
TXN005897,ACC_NORMAL_94,ACC_NORMAL_801,9756.0,2026-05-02 05:00:00
TXN005898,ACC_NORMAL_824,ACC_NORMAL_807,2094.0,2026-05-31 19:00:00
TXN005899,ACC_NORMAL_913,ACC_NORMAL_527,9679.0,2026-04-06 09:00:00
TXN005900,ACC_NORMAL_794,ACC_NORMAL_310,5595.0,2026-05-19 02:00:00
TXN005901,ACC_NORMAL_396,ACC_NORMAL_383,1768.0,2026-04-24 19:00:00
TXN005902,ACC_NORMAL_512,ACC_NORMAL_609,7596.0,2026-04-01 11:00:00
TXN005903,ACC_NORMAL_995,ACC_NORMAL_402,4881.0,2026-04-15 07:00:00
TXN005904,ACC_NORMAL_35,ACC_NORMAL_356,9530.0,2026-04-26 11:00:00
TXN005905,ACC_NORMAL_587,ACC_NORMAL_360,8393.0,2026-05-09 01:00:00
TXN005906,ACC_NORMAL_748,ACC_NORMAL_767,8267.0,2026-06-06 09:00:00
TXN005907,ACC_NORMAL_980,ACC_NORMAL_19,769.0,2026-06-26 17:00:00
TXN005908,ACC_NORMAL_830,ACC_NORMAL_709,2786.0,2026-04-29 04:00:00
TXN005909,ACC_NORMAL_360,ACC_NORMAL_74,2655.0,2026-05-26 15:00:00
TXN005910,ACC_NORMAL_54,ACC_NORMAL_970,1057.0,2026-04-19 22:00:00
TXN005911,ACC_NORMAL_987,ACC_NORMAL_149,685.0,2026-04-23 19:00:00
TXN005912,ACC_NORMAL_193,ACC_NORMAL_336,5120.0,2026-05-19 02:00:00
TXN005913,ACC_NORMAL_562,ACC_NORMAL_390,3981.0,2026-03-17 16:00:00
TXN005914,ACC_NORMAL_443,ACC_NORMAL_862,7347.0,2026-04-08 15:00:00
TXN005915,ACC_NORMAL_999,ACC_NORMAL_788,4043.0,2026-03-23 00:00:00
TXN005916,ACC_NORMAL_398,ACC_NORMAL_13,8552.0,2026-06-30 13:00:00
TXN005917,ACC_NORMAL_313,ACC_NORMAL_312,8199.0,2026-03-23 13:00:00
TXN005918,ACC_NORMAL_775,ACC_NORMAL_576,6136.0,2026-05-14 13:00:00
TXN005919,ACC_NORMAL_87,ACC_NORMAL_697,8051.0,2026-03-22 14:00:00
TXN005920,ACC_NORMAL_277,ACC_NORMAL_633,1943.0,2026-05-12 19:00:00
TXN005921,ACC_NORMAL_77,ACC_NORMAL_439,5006.0,2026-03-10 05:00:00
TXN005922,ACC_NORMAL_682,ACC_NORMAL_171,5832.0,2026-06-14 15:00:00
TXN005923,ACC_NORMAL_174,ACC_NORMAL_879,7904.0,2026-07-15 14:00:00
TXN005924,ACC_NORMAL_606,ACC_NORMAL_902,7063.0,2026-05-21 14:00:00
TXN005925,ACC_NORMAL_561,ACC_NORMAL_500,4547.0,2026-04-07 15:00:00
TXN005926,ACC_NORMAL_248,ACC_NORMAL_761,8719.0,2026-07-07 18:00:00
TXN005927,ACC_NORMAL_845,ACC_NORMAL_843,8862.0,2026-03-05 05:00:00
TXN005928,ACC_NORMAL_81,ACC_NORMAL_925,3055.0,2026-07-09 08:00:00
TXN005929,ACC_NORMAL_27,ACC_NORMAL_140,7053.0,2026-04-27 04:00:00
TXN005930,ACC_NORMAL_63,ACC_NORMAL_619,4034.0,2026-05-30 10:00:00
TXN005931,ACC_NORMAL_562,ACC_NORMAL_782,690.0,2026-04-09 16:00:00
TXN005932,ACC_NORMAL_525,ACC_NORMAL_201,7114.0,2026-05-31 02:00:00
TXN005933,ACC_NORMAL_870,ACC_NORMAL_741,7350.0,2026-03-07 10:00:00
TXN005934,ACC_NORMAL_249,ACC_NORMAL_74,5451.0,2026-07-05 12:00:00
TXN005935,ACC_NORMAL_837,ACC_NORMAL_234,2347.0,2026-04-24 12:00:00
TXN005936,ACC_NORMAL_34,ACC_NORMAL_897,1818.0,2026-06-02 21:00:00
TXN005937,ACC_NORMAL_956,ACC_NORMAL_444,5387.0,2026-03-24 11:00:00
TXN005938,ACC_NORMAL_984,ACC_NORMAL_114,2218.0,2026-05-21 12:00:00
TXN005939,ACC_NORMAL_405,ACC_NORMAL_948,6380.0,2026-04-23 09:00:00
TXN005940,ACC_NORMAL_955,ACC_NORMAL_774,4135.0,2026-04-15 14:00:00
TXN005941,ACC_NORMAL_27,ACC_NORMAL_302,2422.0,2026-06-15 13:00:00
TXN005942,ACC_NORMAL_162,ACC_NORMAL_542,3178.0,2026-04-22 15:00:00
TXN005943,ACC_NORMAL_736,ACC_NORMAL_46,5087.0,2026-07-07 18:00:00
TXN005944,ACC_NORMAL_691,ACC_NORMAL_796,9180.0,2026-06-20 20:00:00
TXN005945,ACC_NORMAL_207,ACC_NORMAL_455,1021.0,2026-03-10 19:00:00
TXN005946,ACC_NORMAL_337,ACC_NORMAL_656,4938.0,2026-06-04 15:00:00
TXN005947,ACC_NORMAL_895,ACC_NORMAL_726,5583.0,2026-06-03 03:00:00
TXN005948,ACC_NORMAL_267,ACC_NORMAL_136,9697.0,2026-05-03 02:00:00
TXN005949,ACC_NORMAL_740,ACC_NORMAL_294,5758.0,2026-03-12 12:00:00
TXN005950,ACC_NORMAL_39,ACC_NORMAL_783,4714.0,2026-04-19 09:00:00
TXN005951,ACC_NORMAL_85,ACC_NORMAL_699,2268.0,2026-07-12 19:00:00
TXN005952,ACC_NORMAL_892,ACC_NORMAL_439,4385.0,2026-05-06 18:00:00
TXN005953,ACC_NORMAL_67,ACC_NORMAL_40,565.0,2026-06-30 10:00:00
TXN005954,ACC_NORMAL_266,ACC_NORMAL_522,794.0,2026-07-16 04:00:00
TXN005955,ACC_NORMAL_413,ACC_NORMAL_150,7704.0,2026-03-11 01:00:00
TXN005956,ACC_NORMAL_280,ACC_NORMAL_685,3581.0,2026-03-12 04:00:00
TXN005957,ACC_NORMAL_415,ACC_NORMAL_850,3692.0,2026-06-28 01:00:00
TXN005958,ACC_NORMAL_262,ACC_NORMAL_899,1923.0,2026-05-14 02:00:00
TXN005959,ACC_NORMAL_621,ACC_NORMAL_305,8709.0,2026-03-29 11:00:00
TXN005960,ACC_NORMAL_655,ACC_NORMAL_986,6218.0,2026-05-26 11:00:00
TXN005961,ACC_NORMAL_280,ACC_NORMAL_416,7532.0,2026-03-22 11:00:00
TXN005962,ACC_NORMAL_806,ACC_NORMAL_796,6834.0,2026-05-06 17:00:00
TXN005963,ACC_NORMAL_658,ACC_NORMAL_13,9281.0,2026-06-16 23:00:00
TXN005964,ACC_NORMAL_139,ACC_NORMAL_972,9740.0,2026-05-13 08:00:00
TXN005965,ACC_NORMAL_362,ACC_NORMAL_370,3612.0,2026-07-07 08:00:00
TXN005966,ACC_NORMAL_284,ACC_NORMAL_418,3586.0,2026-03-06 02:00:00
TXN005967,ACC_NORMAL_222,ACC_NORMAL_800,2190.0,2026-05-09 19:00:00
TXN005968,ACC_NORMAL_451,ACC_NORMAL_730,9795.0,2026-05-14 22:00:00
TXN005969,ACC_NORMAL_126,ACC_NORMAL_405,7258.0,2026-04-21 05:00:00
TXN005970,ACC_NORMAL_334,ACC_NORMAL_211,7636.0,2026-05-22 00:00:00
TXN005971,ACC_NORMAL_352,ACC_NORMAL_342,6166.0,2026-04-25 00:00:00
TXN005972,ACC_NORMAL_950,ACC_NORMAL_219,5710.0,2026-07-26 07:00:00
TXN005973,ACC_NORMAL_118,ACC_NORMAL_330,5327.0,2026-03-13 22:00:00
TXN005974,ACC_NORMAL_892,ACC_NORMAL_272,1041.0,2026-06-30 03:00:00
TXN005975,ACC_NORMAL_895,ACC_NORMAL_32,3050.0,2026-07-03 10:00:00
TXN005976,ACC_NORMAL_54,ACC_NORMAL_725,9480.0,2026-05-28 09:00:00
TXN005977,ACC_NORMAL_375,ACC_NORMAL_745,994.0,2026-06-18 00:00:00
TXN005978,ACC_NORMAL_827,ACC_NORMAL_838,5984.0,2026-05-02 07:00:00
TXN005979,ACC_NORMAL_480,ACC_NORMAL_50,8843.0,2026-07-07 19:00:00
TXN005980,ACC_NORMAL_230,ACC_NORMAL_133,5165.0,2026-04-15 14:00:00
TXN005981,ACC_NORMAL_109,ACC_NORMAL_935,5992.0,2026-06-29 14:00:00
TXN005982,ACC_NORMAL_294,ACC_NORMAL_239,2270.0,2026-03-30 17:00:00
TXN005983,ACC_NORMAL_134,ACC_NORMAL_142,4797.0,2026-06-29 11:00:00
TXN005984,ACC_NORMAL_282,ACC_NORMAL_432,8358.0,2026-03-17 20:00:00
TXN005985,ACC_NORMAL_35,ACC_NORMAL_919,5580.0,2026-04-08 00:00:00
TXN005986,ACC_NORMAL_735,ACC_NORMAL_134,3635.0,2026-03-13 09:00:00
TXN005987,ACC_NORMAL_35,ACC_NORMAL_203,2175.0,2026-04-15 22:00:00
TXN005988,ACC_NORMAL_563,ACC_NORMAL_962,6652.0,2026-06-21 04:00:00
TXN005989,ACC_NORMAL_475,ACC_NORMAL_868,5359.0,2026-04-05 13:00:00
TXN005990,ACC_NORMAL_764,ACC_NORMAL_385,7628.0,2026-03-14 21:00:00
TXN005991,ACC_NORMAL_341,ACC_NORMAL_731,2471.0,2026-07-28 02:00:00
TXN005992,ACC_NORMAL_665,ACC_NORMAL_325,1105.0,2026-07-08 11:00:00
TXN005993,ACC_NORMAL_956,ACC_NORMAL_25,4512.0,2026-04-25 16:00:00
TXN005994,ACC_NORMAL_338,ACC_NORMAL_444,5507.0,2026-04-15 14:00:00
TXN005995,ACC_NORMAL_514,ACC_NORMAL_965,6197.0,2026-06-29 19:00:00
TXN005996,ACC_NORMAL_273,ACC_NORMAL_69,1588.0,2026-03-22 15:00:00
TXN005997,ACC_NORMAL_696,ACC_NORMAL_113,3493.0,2026-06-06 05:00:00
TXN005998,ACC_NORMAL_744,ACC_NORMAL_96,4306.0,2026-05-15 14:00:00
TXN005999,ACC_NORMAL_768,ACC_NORMAL_590,2851.0,2026-06-16 04:00:00
TXN006000,ACC_NORMAL_778,ACC_NORMAL_815,4381.0,2026-06-03 11:00:00
TXN006001,ACC_NORMAL_887,ACC_NORMAL_609,1921.0,2026-04-18 05:00:00
TXN006002,ACC_NORMAL_499,ACC_NORMAL_590,4080.0,2026-05-22 01:00:00
TXN006003,ACC_NORMAL_881,ACC_NORMAL_434,1670.0,2026-05-01 05:00:00
TXN006004,ACC_NORMAL_500,ACC_NORMAL_818,6747.0,2026-07-15 04:00:00
TXN006005,ACC_NORMAL_887,ACC_NORMAL_366,9738.0,2026-03-04 18:00:00
TXN006006,ACC_NORMAL_967,ACC_NORMAL_708,8633.0,2026-07-26 17:00:00
TXN006007,ACC_NORMAL_315,ACC_NORMAL_113,2234.0,2026-07-09 12:00:00
TXN006008,ACC_NORMAL_271,ACC_NORMAL_483,160.0,2026-06-26 12:00:00
TXN006009,ACC_NORMAL_948,ACC_NORMAL_803,5164.0,2026-04-19 21:00:00
TXN006010,ACC_NORMAL_727,ACC_NORMAL_514,2807.0,2026-03-08 23:00:00
TXN006011,ACC_NORMAL_692,ACC_NORMAL_747,2709.0,2026-05-21 02:00:00
TXN006012,ACC_NORMAL_622,ACC_NORMAL_61,541.0,2026-07-01 02:00:00
TXN006013,ACC_NORMAL_571,ACC_NORMAL_215,9499.0,2026-07-12 10:00:00
TXN006014,ACC_NORMAL_775,ACC_NORMAL_223,5381.0,2026-05-09 22:00:00
TXN006015,ACC_NORMAL_952,ACC_NORMAL_765,7655.0,2026-07-23 13:00:00
TXN006016,ACC_NORMAL_179,ACC_NORMAL_903,854.0,2026-05-22 14:00:00
TXN006017,ACC_NORMAL_818,ACC_NORMAL_49,3097.0,2026-05-08 00:00:00
TXN006018,ACC_NORMAL_866,ACC_NORMAL_470,8381.0,2026-07-17 16:00:00
TXN006019,ACC_NORMAL_702,ACC_NORMAL_510,9045.0,2026-06-06 04:00:00
TXN006020,ACC_NORMAL_568,ACC_NORMAL_888,5274.0,2026-05-12 11:00:00
TXN006021,ACC_NORMAL_358,ACC_NORMAL_808,8179.0,2026-04-15 04:00:00
TXN006022,ACC_NORMAL_457,ACC_NORMAL_455,3150.0,2026-05-23 14:00:00
TXN006023,ACC_NORMAL_48,ACC_NORMAL_869,4140.0,2026-04-27 15:00:00
TXN006024,ACC_NORMAL_144,ACC_NORMAL_266,9511.0,2026-06-15 23:00:00
TXN006025,ACC_NORMAL_513,ACC_NORMAL_473,2991.0,2026-04-07 19:00:00
TXN006026,ACC_NORMAL_791,ACC_NORMAL_340,7481.0,2026-04-27 04:00:00
TXN006027,ACC_NORMAL_208,ACC_NORMAL_983,652.0,2026-05-05 15:00:00
TXN006028,ACC_NORMAL_570,ACC_NORMAL_630,8624.0,2026-06-30 17:00:00
TXN006029,ACC_NORMAL_858,ACC_NORMAL_924,8409.0,2026-04-26 07:00:00
TXN006030,ACC_NORMAL_159,ACC_NORMAL_556,2918.0,2026-03-18 11:00:00
TXN006031,ACC_NORMAL_217,ACC_NORMAL_345,8350.0,2026-05-31 01:00:00
TXN006032,ACC_NORMAL_245,ACC_NORMAL_800,1408.0,2026-07-01 15:00:00
TXN006033,ACC_NORMAL_697,ACC_NORMAL_801,4527.0,2026-04-24 06:00:00
TXN006034,ACC_NORMAL_770,ACC_NORMAL_673,6533.0,2026-03-28 01:00:00
TXN006035,ACC_NORMAL_173,ACC_NORMAL_428,3935.0,2026-07-02 20:00:00
TXN006036,ACC_NORMAL_510,ACC_NORMAL_655,2780.0,2026-06-27 01:00:00
TXN006037,ACC_NORMAL_825,ACC_NORMAL_404,3283.0,2026-06-17 18:00:00
TXN006038,ACC_NORMAL_535,ACC_NORMAL_712,8254.0,2026-07-19 06:00:00
TXN006039,ACC_NORMAL_484,ACC_NORMAL_915,4113.0,2026-05-02 18:00:00
TXN006040,ACC_NORMAL_963,ACC_NORMAL_947,4059.0,2026-04-02 20:00:00
TXN006041,ACC_NORMAL_497,ACC_NORMAL_70,8938.0,2026-04-20 05:00:00
TXN006042,ACC_NORMAL_942,ACC_NORMAL_24,7060.0,2026-05-17 03:00:00
TXN006043,ACC_NORMAL_895,ACC_NORMAL_385,1648.0,2026-03-20 09:00:00
TXN006044,ACC_NORMAL_572,ACC_NORMAL_243,8755.0,2026-05-19 01:00:00
TXN006045,ACC_NORMAL_880,ACC_NORMAL_454,4073.0,2026-04-06 21:00:00
TXN006046,ACC_NORMAL_4,ACC_NORMAL_117,7925.0,2026-03-08 14:00:00
TXN006047,ACC_NORMAL_308,ACC_NORMAL_905,2766.0,2026-05-14 11:00:00
TXN006048,ACC_NORMAL_821,ACC_NORMAL_32,4246.0,2026-06-22 09:00:00
TXN006049,ACC_NORMAL_104,ACC_NORMAL_511,7890.0,2026-05-10 14:00:00
TXN006050,ACC_NORMAL_19,ACC_NORMAL_657,4739.0,2026-05-15 00:00:00
TXN006051,ACC_NORMAL_771,ACC_NORMAL_107,6830.0,2026-07-15 21:00:00
TXN006052,ACC_NORMAL_506,ACC_NORMAL_625,1145.0,2026-03-20 05:00:00
TXN006053,ACC_NORMAL_455,ACC_NORMAL_890,9726.0,2026-04-17 07:00:00
TXN006054,ACC_NORMAL_449,ACC_NORMAL_271,7469.0,2026-07-22 14:00:00
TXN006055,ACC_NORMAL_856,ACC_NORMAL_34,2476.0,2026-07-23 21:00:00
TXN006056,ACC_NORMAL_632,ACC_NORMAL_481,4967.0,2026-06-08 07:00:00
TXN006057,ACC_NORMAL_457,ACC_NORMAL_303,5471.0,2026-04-03 09:00:00
TXN006058,ACC_NORMAL_81,ACC_NORMAL_250,6168.0,2026-05-01 21:00:00
TXN006059,ACC_NORMAL_717,ACC_NORMAL_104,6007.0,2026-04-02 16:00:00
TXN006060,ACC_NORMAL_673,ACC_NORMAL_758,6024.0,2026-04-20 14:00:00
TXN006061,ACC_NORMAL_220,ACC_NORMAL_731,5004.0,2026-06-26 00:00:00
TXN006062,ACC_NORMAL_586,ACC_NORMAL_794,9110.0,2026-07-05 23:00:00
TXN006063,ACC_NORMAL_362,ACC_NORMAL_769,882.0,2026-05-24 23:00:00
TXN006064,ACC_NORMAL_391,ACC_NORMAL_717,6244.0,2026-04-11 08:00:00
TXN006065,ACC_NORMAL_610,ACC_NORMAL_702,8330.0,2026-07-05 17:00:00
TXN006066,ACC_NORMAL_183,ACC_NORMAL_284,8480.0,2026-04-18 20:00:00
TXN006067,ACC_NORMAL_84,ACC_NORMAL_158,8377.0,2026-05-05 18:00:00
TXN006068,ACC_NORMAL_495,ACC_NORMAL_398,6977.0,2026-03-10 06:00:00
TXN006069,ACC_NORMAL_824,ACC_NORMAL_595,8445.0,2026-03-08 03:00:00
TXN006070,ACC_NORMAL_13,ACC_NORMAL_4,1837.0,2026-06-09 21:00:00
TXN006071,ACC_NORMAL_165,ACC_NORMAL_272,7953.0,2026-05-14 07:00:00
TXN006072,ACC_NORMAL_382,ACC_NORMAL_342,126.0,2026-04-09 22:00:00
TXN006073,ACC_NORMAL_927,ACC_NORMAL_702,6190.0,2026-05-07 21:00:00
TXN006074,ACC_NORMAL_569,ACC_NORMAL_801,5730.0,2026-05-13 02:00:00
TXN006075,ACC_NORMAL_769,ACC_NORMAL_578,6367.0,2026-06-24 08:00:00
TXN006076,ACC_NORMAL_217,ACC_NORMAL_721,5179.0,2026-04-11 19:00:00
TXN006077,ACC_NORMAL_832,ACC_NORMAL_221,4246.0,2026-04-17 23:00:00
TXN006078,ACC_NORMAL_624,ACC_NORMAL_233,2630.0,2026-05-11 18:00:00
TXN006079,ACC_NORMAL_918,ACC_NORMAL_492,6048.0,2026-04-23 23:00:00
TXN006080,ACC_NORMAL_384,ACC_NORMAL_706,4447.0,2026-07-04 08:00:00
TXN006081,ACC_NORMAL_929,ACC_NORMAL_724,4330.0,2026-07-16 02:00:00
TXN006082,ACC_NORMAL_240,ACC_NORMAL_92,9102.0,2026-07-02 03:00:00
TXN006083,ACC_NORMAL_327,ACC_NORMAL_81,2476.0,2026-04-19 15:00:00
TXN006084,ACC_NORMAL_527,ACC_NORMAL_971,301.0,2026-04-05 05:00:00
TXN006085,ACC_NORMAL_554,ACC_NORMAL_32,9428.0,2026-04-22 21:00:00
TXN006086,ACC_NORMAL_961,ACC_NORMAL_711,5992.0,2026-07-27 20:00:00
TXN006087,ACC_NORMAL_686,ACC_NORMAL_488,6965.0,2026-07-12 19:00:00
TXN006088,ACC_NORMAL_108,ACC_NORMAL_392,2737.0,2026-03-31 14:00:00
TXN006089,ACC_NORMAL_356,ACC_NORMAL_101,8127.0,2026-04-21 08:00:00
TXN006090,ACC_NORMAL_850,ACC_NORMAL_793,6242.0,2026-05-02 02:00:00
TXN006091,ACC_NORMAL_970,ACC_NORMAL_831,9153.0,2026-06-18 07:00:00
TXN006092,ACC_NORMAL_304,ACC_NORMAL_409,5718.0,2026-05-07 17:00:00
TXN006093,ACC_NORMAL_127,ACC_NORMAL_139,8960.0,2026-03-29 09:00:00
TXN006094,ACC_NORMAL_643,ACC_NORMAL_382,2494.0,2026-06-26 18:00:00
TXN006095,ACC_NORMAL_424,ACC_NORMAL_853,4040.0,2026-05-04 13:00:00
TXN006096,ACC_NORMAL_982,ACC_NORMAL_134,7654.0,2026-05-20 00:00:00
TXN006097,ACC_NORMAL_622,ACC_NORMAL_892,5720.0,2026-05-21 02:00:00
TXN006098,ACC_NORMAL_647,ACC_NORMAL_665,3411.0,2026-06-29 03:00:00
TXN006099,ACC_NORMAL_938,ACC_NORMAL_964,4133.0,2026-06-23 01:00:00
TXN006100,ACC_NORMAL_629,ACC_NORMAL_380,1910.0,2026-07-15 16:00:00
TXN006101,ACC_NORMAL_497,ACC_NORMAL_492,6329.0,2026-04-14 12:00:00
TXN006102,ACC_NORMAL_436,ACC_NORMAL_753,1437.0,2026-07-27 16:00:00
TXN006103,ACC_NORMAL_828,ACC_NORMAL_490,2814.0,2026-03-31 08:00:00
TXN006104,ACC_NORMAL_687,ACC_NORMAL_660,5445.0,2026-04-06 19:00:00
TXN006105,ACC_NORMAL_821,ACC_NORMAL_86,2141.0,2026-07-05 21:00:00
TXN006106,ACC_NORMAL_186,ACC_NORMAL_218,5015.0,2026-03-22 21:00:00
TXN006107,ACC_NORMAL_36,ACC_NORMAL_662,3087.0,2026-07-14 00:00:00
TXN006108,ACC_NORMAL_701,ACC_NORMAL_232,2569.0,2026-06-11 22:00:00
TXN006109,ACC_NORMAL_273,ACC_NORMAL_552,4387.0,2026-05-02 06:00:00
TXN006110,ACC_NORMAL_411,ACC_NORMAL_512,4000.0,2026-05-18 15:00:00
TXN006111,ACC_NORMAL_664,ACC_NORMAL_757,7520.0,2026-04-19 17:00:00
TXN006112,ACC_NORMAL_661,ACC_NORMAL_811,7139.0,2026-04-13 08:00:00
TXN006113,ACC_NORMAL_423,ACC_NORMAL_801,2402.0,2026-06-25 16:00:00
TXN006114,ACC_NORMAL_346,ACC_NORMAL_935,5207.0,2026-06-14 19:00:00
TXN006115,ACC_NORMAL_479,ACC_NORMAL_393,4403.0,2026-06-26 20:00:00
TXN006116,ACC_NORMAL_863,ACC_NORMAL_829,1863.0,2026-05-28 19:00:00
TXN006117,ACC_NORMAL_840,ACC_NORMAL_914,2332.0,2026-06-26 06:00:00
TXN006118,ACC_NORMAL_706,ACC_NORMAL_563,3071.0,2026-03-08 19:00:00
TXN006119,ACC_NORMAL_423,ACC_NORMAL_652,1967.0,2026-05-19 15:00:00
TXN006120,ACC_NORMAL_457,ACC_NORMAL_399,7457.0,2026-03-19 08:00:00
TXN006121,ACC_NORMAL_654,ACC_NORMAL_472,296.0,2026-03-21 05:00:00
TXN006122,ACC_NORMAL_895,ACC_NORMAL_612,7868.0,2026-03-07 23:00:00
TXN006123,ACC_NORMAL_661,ACC_NORMAL_40,9149.0,2026-07-12 23:00:00
TXN006124,ACC_NORMAL_285,ACC_NORMAL_653,2804.0,2026-05-14 22:00:00
TXN006125,ACC_NORMAL_572,ACC_NORMAL_578,7136.0,2026-03-04 13:00:00
TXN006126,ACC_NORMAL_727,ACC_NORMAL_570,1218.0,2026-05-24 06:00:00
TXN006127,ACC_NORMAL_715,ACC_NORMAL_853,1007.0,2026-06-23 00:00:00
TXN006128,ACC_NORMAL_928,ACC_NORMAL_326,7483.0,2026-05-20 08:00:00
TXN006129,ACC_NORMAL_115,ACC_NORMAL_34,2534.0,2026-06-16 12:00:00
TXN006130,ACC_NORMAL_395,ACC_NORMAL_957,8360.0,2026-06-14 17:00:00
TXN006131,ACC_NORMAL_134,ACC_NORMAL_413,9393.0,2026-04-12 18:00:00
TXN006132,ACC_NORMAL_460,ACC_NORMAL_251,860.0,2026-03-04 22:00:00
TXN006133,ACC_NORMAL_579,ACC_NORMAL_848,4084.0,2026-05-09 13:00:00
TXN006134,ACC_NORMAL_850,ACC_NORMAL_73,3517.0,2026-05-25 12:00:00
TXN006135,ACC_NORMAL_621,ACC_NORMAL_962,1435.0,2026-03-14 23:00:00
TXN006136,ACC_NORMAL_142,ACC_NORMAL_923,2497.0,2026-07-01 21:00:00
TXN006137,ACC_NORMAL_398,ACC_NORMAL_220,2890.0,2026-05-30 20:00:00
TXN006138,ACC_NORMAL_125,ACC_NORMAL_662,9798.0,2026-04-08 04:00:00
TXN006139,ACC_NORMAL_98,ACC_NORMAL_270,5388.0,2026-05-31 16:00:00
TXN006140,ACC_NORMAL_73,ACC_NORMAL_233,3193.0,2026-05-01 23:00:00
TXN006141,ACC_NORMAL_464,ACC_NORMAL_625,315.0,2026-03-27 14:00:00
TXN006142,ACC_NORMAL_170,ACC_NORMAL_641,9925.0,2026-06-25 15:00:00
TXN006143,ACC_NORMAL_163,ACC_NORMAL_217,5724.0,2026-04-11 01:00:00
TXN006144,ACC_NORMAL_391,ACC_NORMAL_429,8255.0,2026-07-08 09:00:00
TXN006145,ACC_NORMAL_511,ACC_NORMAL_636,8095.0,2026-07-22 21:00:00
TXN006146,ACC_NORMAL_355,ACC_NORMAL_296,1880.0,2026-05-11 09:00:00
TXN006147,ACC_NORMAL_695,ACC_NORMAL_859,6221.0,2026-03-29 10:00:00
TXN006148,ACC_NORMAL_360,ACC_NORMAL_725,3808.0,2026-05-07 17:00:00
TXN006149,ACC_NORMAL_672,ACC_NORMAL_113,7412.0,2026-04-20 05:00:00
TXN006150,ACC_NORMAL_688,ACC_NORMAL_361,9566.0,2026-04-20 11:00:00
TXN006151,ACC_NORMAL_391,ACC_NORMAL_766,8273.0,2026-05-10 13:00:00
TXN006152,ACC_NORMAL_16,ACC_NORMAL_811,9176.0,2026-04-27 00:00:00
TXN006153,ACC_NORMAL_452,ACC_NORMAL_741,8127.0,2026-06-10 08:00:00
TXN006154,ACC_NORMAL_444,ACC_NORMAL_594,7532.0,2026-05-06 08:00:00
TXN006155,ACC_NORMAL_646,ACC_NORMAL_573,1157.0,2026-06-17 18:00:00
TXN006156,ACC_NORMAL_422,ACC_NORMAL_145,5034.0,2026-04-12 18:00:00
TXN006157,ACC_NORMAL_622,ACC_NORMAL_706,9179.0,2026-05-29 20:00:00
TXN006158,ACC_NORMAL_150,ACC_NORMAL_651,6716.0,2026-06-07 11:00:00
TXN006159,ACC_NORMAL_147,ACC_NORMAL_161,9134.0,2026-04-20 20:00:00
TXN006160,ACC_NORMAL_172,ACC_NORMAL_222,5912.0,2026-04-12 14:00:00
TXN006161,ACC_NORMAL_740,ACC_NORMAL_588,2444.0,2026-06-09 20:00:00
TXN006162,ACC_NORMAL_844,ACC_NORMAL_774,5226.0,2026-06-25 16:00:00
TXN006163,ACC_NORMAL_362,ACC_NORMAL_141,2798.0,2026-07-05 06:00:00
TXN006164,ACC_NORMAL_115,ACC_NORMAL_422,1370.0,2026-03-11 18:00:00
TXN006165,ACC_NORMAL_234,ACC_NORMAL_389,3178.0,2026-05-28 01:00:00
TXN006166,ACC_NORMAL_425,ACC_NORMAL_195,3133.0,2026-04-28 00:00:00
TXN006167,ACC_NORMAL_392,ACC_NORMAL_393,3253.0,2026-07-23 21:00:00
TXN006168,ACC_NORMAL_872,ACC_NORMAL_999,4463.0,2026-04-28 13:00:00
TXN006169,ACC_NORMAL_87,ACC_NORMAL_896,704.0,2026-07-26 11:00:00
TXN006170,ACC_NORMAL_764,ACC_NORMAL_846,1419.0,2026-04-06 08:00:00
TXN006171,ACC_NORMAL_698,ACC_NORMAL_959,5928.0,2026-05-01 03:00:00
TXN006172,ACC_NORMAL_331,ACC_NORMAL_400,3974.0,2026-04-02 11:00:00
TXN006173,ACC_NORMAL_20,ACC_NORMAL_198,2041.0,2026-06-12 03:00:00
TXN006174,ACC_NORMAL_759,ACC_NORMAL_686,6397.0,2026-04-03 11:00:00
TXN006175,ACC_NORMAL_254,ACC_NORMAL_902,4636.0,2026-06-16 10:00:00
TXN006176,ACC_NORMAL_114,ACC_NORMAL_995,9292.0,2026-05-12 20:00:00
TXN006177,ACC_NORMAL_529,ACC_NORMAL_650,1909.0,2026-05-20 15:00:00
TXN006178,ACC_NORMAL_613,ACC_NORMAL_156,1522.0,2026-07-24 03:00:00
TXN006179,ACC_NORMAL_25,ACC_NORMAL_78,9843.0,2026-03-10 10:00:00
TXN006180,ACC_NORMAL_973,ACC_NORMAL_831,4287.0,2026-04-26 04:00:00
TXN006181,ACC_NORMAL_874,ACC_NORMAL_933,604.0,2026-05-14 16:00:00
TXN006182,ACC_NORMAL_313,ACC_NORMAL_16,4655.0,2026-05-05 07:00:00
TXN006183,ACC_NORMAL_264,ACC_NORMAL_933,3723.0,2026-03-25 04:00:00
TXN006184,ACC_NORMAL_468,ACC_NORMAL_993,4085.0,2026-07-03 02:00:00
TXN006185,ACC_NORMAL_752,ACC_NORMAL_433,824.0,2026-05-27 07:00:00
TXN006186,ACC_NORMAL_400,ACC_NORMAL_226,3823.0,2026-07-04 02:00:00
TXN006187,ACC_NORMAL_920,ACC_NORMAL_474,8761.0,2026-04-29 15:00:00
TXN006188,ACC_NORMAL_355,ACC_NORMAL_326,3533.0,2026-05-02 22:00:00
TXN006189,ACC_NORMAL_956,ACC_NORMAL_928,5556.0,2026-06-05 05:00:00
TXN006190,ACC_NORMAL_10,ACC_NORMAL_396,5067.0,2026-03-05 06:00:00
TXN006191,ACC_NORMAL_678,ACC_NORMAL_807,912.0,2026-03-14 23:00:00
TXN006192,ACC_NORMAL_41,ACC_NORMAL_782,9414.0,2026-04-21 16:00:00
TXN006193,ACC_NORMAL_459,ACC_NORMAL_13,383.0,2026-06-02 07:00:00
TXN006194,ACC_NORMAL_797,ACC_NORMAL_48,3770.0,2026-04-06 15:00:00
TXN006195,ACC_NORMAL_613,ACC_NORMAL_405,3978.0,2026-07-08 13:00:00
TXN006196,ACC_NORMAL_5,ACC_NORMAL_698,8795.0,2026-05-20 07:00:00
TXN006197,ACC_NORMAL_236,ACC_NORMAL_979,9299.0,2026-05-18 16:00:00
TXN006198,ACC_NORMAL_270,ACC_NORMAL_116,9499.0,2026-07-10 19:00:00
TXN006199,ACC_NORMAL_522,ACC_NORMAL_654,4870.0,2026-07-13 19:00:00
TXN006200,ACC_NORMAL_154,ACC_NORMAL_193,6660.0,2026-05-02 04:00:00
TXN006201,ACC_NORMAL_848,ACC_NORMAL_543,2120.0,2026-06-15 11:00:00
TXN006202,ACC_NORMAL_758,ACC_NORMAL_621,8087.0,2026-04-26 08:00:00
TXN006203,ACC_NORMAL_542,ACC_NORMAL_698,9501.0,2026-05-16 08:00:00
TXN006204,ACC_NORMAL_462,ACC_NORMAL_883,4263.0,2026-06-06 16:00:00
TXN006205,ACC_NORMAL_574,ACC_NORMAL_912,4214.0,2026-05-02 02:00:00
TXN006206,ACC_NORMAL_842,ACC_NORMAL_254,2473.0,2026-07-27 12:00:00
TXN006207,ACC_NORMAL_559,ACC_NORMAL_832,8819.0,2026-03-20 20:00:00
TXN006208,ACC_NORMAL_102,ACC_NORMAL_966,3639.0,2026-03-28 05:00:00
TXN006209,ACC_NORMAL_416,ACC_NORMAL_663,8452.0,2026-04-17 15:00:00
TXN006210,ACC_NORMAL_409,ACC_NORMAL_605,5959.0,2026-07-03 09:00:00
TXN006211,ACC_NORMAL_837,ACC_NORMAL_135,2597.0,2026-03-08 04:00:00
TXN006212,ACC_NORMAL_768,ACC_NORMAL_389,6967.0,2026-03-19 23:00:00
TXN006213,ACC_NORMAL_971,ACC_NORMAL_28,4754.0,2026-04-08 00:00:00
TXN006214,ACC_NORMAL_493,ACC_NORMAL_80,6970.0,2026-07-05 01:00:00
TXN006215,ACC_NORMAL_618,ACC_NORMAL_269,6727.0,2026-07-15 00:00:00
TXN006216,ACC_NORMAL_506,ACC_NORMAL_826,2078.0,2026-04-26 16:00:00
TXN006217,ACC_NORMAL_616,ACC_NORMAL_155,505.0,2026-04-13 19:00:00
TXN006218,ACC_NORMAL_335,ACC_NORMAL_215,1323.0,2026-07-25 11:00:00
TXN006219,ACC_NORMAL_923,ACC_NORMAL_878,1630.0,2026-06-05 10:00:00
TXN006220,ACC_NORMAL_949,ACC_NORMAL_346,7496.0,2026-04-19 06:00:00
TXN006221,ACC_NORMAL_196,ACC_NORMAL_344,2264.0,2026-06-27 17:00:00
TXN006222,ACC_NORMAL_692,ACC_NORMAL_769,1891.0,2026-03-13 17:00:00
TXN006223,ACC_NORMAL_903,ACC_NORMAL_775,9750.0,2026-07-09 16:00:00
TXN006224,ACC_NORMAL_669,ACC_NORMAL_402,5793.0,2026-04-11 09:00:00
TXN006225,ACC_NORMAL_96,ACC_NORMAL_885,7519.0,2026-04-09 18:00:00
TXN006226,ACC_NORMAL_200,ACC_NORMAL_601,6802.0,2026-06-05 22:00:00
TXN006227,ACC_NORMAL_224,ACC_NORMAL_433,3356.0,2026-05-03 23:00:00
TXN006228,ACC_NORMAL_875,ACC_NORMAL_424,4479.0,2026-04-27 07:00:00
TXN006229,ACC_NORMAL_900,ACC_NORMAL_286,2618.0,2026-07-20 23:00:00
TXN006230,ACC_NORMAL_35,ACC_NORMAL_598,5174.0,2026-04-23 01:00:00
TXN006231,ACC_NORMAL_663,ACC_NORMAL_336,8625.0,2026-07-03 04:00:00
TXN006232,ACC_NORMAL_669,ACC_NORMAL_574,8535.0,2026-04-14 10:00:00
TXN006233,ACC_NORMAL_962,ACC_NORMAL_597,7114.0,2026-06-20 00:00:00
TXN006234,ACC_NORMAL_356,ACC_NORMAL_496,6942.0,2026-07-07 10:00:00
TXN006235,ACC_NORMAL_759,ACC_NORMAL_389,5337.0,2026-03-21 17:00:00
TXN006236,ACC_NORMAL_990,ACC_NORMAL_222,5375.0,2026-04-07 13:00:00
TXN006237,ACC_NORMAL_554,ACC_NORMAL_390,8527.0,2026-04-19 17:00:00
TXN006238,ACC_NORMAL_716,ACC_NORMAL_167,6979.0,2026-03-25 06:00:00
TXN006239,ACC_NORMAL_111,ACC_NORMAL_219,4732.0,2026-05-06 01:00:00
TXN006240,ACC_NORMAL_535,ACC_NORMAL_626,1351.0,2026-03-18 02:00:00
TXN006241,ACC_NORMAL_809,ACC_NORMAL_281,9240.0,2026-04-24 12:00:00
TXN006242,ACC_NORMAL_655,ACC_NORMAL_976,2009.0,2026-06-15 17:00:00
TXN006243,ACC_NORMAL_850,ACC_NORMAL_57,4160.0,2026-04-19 12:00:00
TXN006244,ACC_NORMAL_280,ACC_NORMAL_265,9633.0,2026-06-20 19:00:00
TXN006245,ACC_NORMAL_307,ACC_NORMAL_433,101.0,2026-03-10 07:00:00
TXN006246,ACC_NORMAL_664,ACC_NORMAL_436,2015.0,2026-03-22 22:00:00
TXN006247,ACC_NORMAL_451,ACC_NORMAL_695,4512.0,2026-04-14 13:00:00
TXN006248,ACC_NORMAL_124,ACC_NORMAL_600,9451.0,2026-06-06 10:00:00
TXN006249,ACC_NORMAL_781,ACC_NORMAL_224,1417.0,2026-07-21 13:00:00
TXN006250,ACC_NORMAL_985,ACC_NORMAL_428,3518.0,2026-03-21 22:00:00
TXN006251,ACC_NORMAL_285,ACC_NORMAL_436,1149.0,2026-03-22 10:00:00
TXN006252,ACC_NORMAL_493,ACC_NORMAL_253,9830.0,2026-04-05 00:00:00
TXN006253,ACC_NORMAL_209,ACC_NORMAL_891,5922.0,2026-05-16 23:00:00
TXN006254,ACC_NORMAL_42,ACC_NORMAL_243,2435.0,2026-03-28 11:00:00
TXN006255,ACC_NORMAL_795,ACC_NORMAL_778,4091.0,2026-04-10 00:00:00
TXN006256,ACC_NORMAL_567,ACC_NORMAL_838,693.0,2026-03-12 23:00:00
TXN006257,ACC_NORMAL_316,ACC_NORMAL_815,8934.0,2026-07-08 17:00:00
TXN006258,ACC_NORMAL_26,ACC_NORMAL_87,1215.0,2026-04-24 16:00:00
TXN006259,ACC_NORMAL_746,ACC_NORMAL_683,448.0,2026-05-09 14:00:00
TXN006260,ACC_NORMAL_815,ACC_NORMAL_884,2607.0,2026-05-06 19:00:00
TXN006261,ACC_NORMAL_340,ACC_NORMAL_747,4497.0,2026-03-16 18:00:00
TXN006262,ACC_NORMAL_370,ACC_NORMAL_415,5670.0,2026-07-03 18:00:00
TXN006263,ACC_NORMAL_636,ACC_NORMAL_122,3458.0,2026-05-08 22:00:00
TXN006264,ACC_NORMAL_736,ACC_NORMAL_680,7063.0,2026-07-04 15:00:00
TXN006265,ACC_NORMAL_803,ACC_NORMAL_344,8553.0,2026-04-19 14:00:00
TXN006266,ACC_NORMAL_52,ACC_NORMAL_218,3433.0,2026-04-15 07:00:00
TXN006267,ACC_NORMAL_191,ACC_NORMAL_376,6833.0,2026-07-11 08:00:00
TXN006268,ACC_NORMAL_308,ACC_NORMAL_89,3777.0,2026-03-24 05:00:00
TXN006269,ACC_NORMAL_432,ACC_NORMAL_32,916.0,2026-06-13 14:00:00
TXN006270,ACC_NORMAL_145,ACC_NORMAL_468,2987.0,2026-04-14 15:00:00
TXN006271,ACC_NORMAL_1000,ACC_NORMAL_304,1023.0,2026-03-12 15:00:00
TXN006272,ACC_NORMAL_402,ACC_NORMAL_229,6525.0,2026-04-12 00:00:00
TXN006273,ACC_NORMAL_681,ACC_NORMAL_927,4484.0,2026-07-16 20:00:00
TXN006274,ACC_NORMAL_112,ACC_NORMAL_961,7880.0,2026-05-04 21:00:00
TXN006275,ACC_NORMAL_803,ACC_NORMAL_214,1447.0,2026-05-07 06:00:00
TXN006276,ACC_NORMAL_903,ACC_NORMAL_414,9477.0,2026-06-12 12:00:00
TXN006277,ACC_NORMAL_522,ACC_NORMAL_256,5576.0,2026-04-22 08:00:00
TXN006278,ACC_NORMAL_898,ACC_NORMAL_342,3526.0,2026-05-18 23:00:00
TXN006279,ACC_NORMAL_344,ACC_NORMAL_452,9701.0,2026-03-10 04:00:00
TXN006280,ACC_NORMAL_759,ACC_NORMAL_721,5363.0,2026-06-11 14:00:00
TXN006281,ACC_NORMAL_762,ACC_NORMAL_522,9611.0,2026-07-12 17:00:00
TXN006282,ACC_NORMAL_863,ACC_NORMAL_317,5881.0,2026-05-07 21:00:00
TXN006283,ACC_NORMAL_680,ACC_NORMAL_763,1851.0,2026-05-17 00:00:00
TXN006284,ACC_NORMAL_647,ACC_NORMAL_641,2751.0,2026-04-11 19:00:00
TXN006285,ACC_NORMAL_214,ACC_NORMAL_342,7528.0,2026-03-28 14:00:00
TXN006286,ACC_NORMAL_787,ACC_NORMAL_207,7126.0,2026-07-03 18:00:00
TXN006287,ACC_NORMAL_405,ACC_NORMAL_446,1546.0,2026-06-07 00:00:00
TXN006288,ACC_NORMAL_314,ACC_NORMAL_12,3603.0,2026-06-07 10:00:00
TXN006289,ACC_NORMAL_670,ACC_NORMAL_384,6466.0,2026-06-17 18:00:00
TXN006290,ACC_NORMAL_79,ACC_NORMAL_214,7210.0,2026-04-06 11:00:00
TXN006291,ACC_NORMAL_606,ACC_NORMAL_460,2720.0,2026-04-24 14:00:00
TXN006292,ACC_NORMAL_865,ACC_NORMAL_841,2585.0,2026-06-11 17:00:00
TXN006293,ACC_NORMAL_121,ACC_NORMAL_489,8407.0,2026-05-11 02:00:00
TXN006294,ACC_NORMAL_646,ACC_NORMAL_904,6553.0,2026-05-02 16:00:00
TXN006295,ACC_NORMAL_307,ACC_NORMAL_944,1738.0,2026-04-13 15:00:00
TXN006296,ACC_NORMAL_866,ACC_NORMAL_606,2002.0,2026-03-06 00:00:00
TXN006297,ACC_NORMAL_928,ACC_NORMAL_616,4886.0,2026-03-26 03:00:00
TXN006298,ACC_NORMAL_88,ACC_NORMAL_505,6472.0,2026-06-25 12:00:00
TXN006299,ACC_NORMAL_604,ACC_NORMAL_546,7822.0,2026-06-13 10:00:00
TXN006300,ACC_NORMAL_659,ACC_NORMAL_638,8222.0,2026-06-30 10:00:00
TXN006301,ACC_NORMAL_676,ACC_NORMAL_421,1921.0,2026-03-29 23:00:00
TXN006302,ACC_NORMAL_403,ACC_NORMAL_780,8378.0,2026-03-24 08:00:00
TXN006303,ACC_NORMAL_852,ACC_NORMAL_897,272.0,2026-05-02 02:00:00
TXN006304,ACC_NORMAL_20,ACC_NORMAL_219,9211.0,2026-05-17 06:00:00
TXN006305,ACC_NORMAL_893,ACC_NORMAL_854,3871.0,2026-04-23 20:00:00
TXN006306,ACC_NORMAL_602,ACC_NORMAL_676,5416.0,2026-06-29 00:00:00
TXN006307,ACC_NORMAL_661,ACC_NORMAL_175,1370.0,2026-03-24 01:00:00
TXN006308,ACC_NORMAL_675,ACC_NORMAL_645,2300.0,2026-06-11 12:00:00
TXN006309,ACC_NORMAL_367,ACC_NORMAL_657,853.0,2026-05-18 11:00:00
TXN006310,ACC_NORMAL_248,ACC_NORMAL_417,3443.0,2026-03-28 12:00:00
TXN006311,ACC_NORMAL_17,ACC_NORMAL_429,3924.0,2026-05-25 15:00:00
TXN006312,ACC_NORMAL_254,ACC_NORMAL_931,2195.0,2026-03-15 20:00:00
TXN006313,ACC_NORMAL_11,ACC_NORMAL_328,2255.0,2026-05-15 23:00:00
TXN006314,ACC_NORMAL_35,ACC_NORMAL_733,6933.0,2026-06-01 13:00:00
TXN006315,ACC_NORMAL_630,ACC_NORMAL_92,5945.0,2026-04-21 11:00:00
TXN006316,ACC_NORMAL_691,ACC_NORMAL_19,5568.0,2026-05-25 06:00:00
TXN006317,ACC_NORMAL_764,ACC_NORMAL_582,6559.0,2026-04-02 11:00:00
TXN006318,ACC_NORMAL_620,ACC_NORMAL_239,7439.0,2026-07-25 11:00:00
TXN006319,ACC_NORMAL_774,ACC_NORMAL_72,1169.0,2026-03-20 11:00:00
TXN006320,ACC_NORMAL_520,ACC_NORMAL_475,3732.0,2026-04-01 19:00:00
TXN006321,ACC_NORMAL_684,ACC_NORMAL_345,126.0,2026-06-29 23:00:00
TXN006322,ACC_NORMAL_388,ACC_NORMAL_188,4641.0,2026-06-05 12:00:00
TXN006323,ACC_NORMAL_698,ACC_NORMAL_74,5675.0,2026-03-31 15:00:00
TXN006324,ACC_NORMAL_95,ACC_NORMAL_127,6903.0,2026-04-01 18:00:00
TXN006325,ACC_NORMAL_230,ACC_NORMAL_873,4264.0,2026-05-13 11:00:00
TXN006326,ACC_NORMAL_378,ACC_NORMAL_190,2043.0,2026-05-30 07:00:00
TXN006327,ACC_NORMAL_975,ACC_NORMAL_196,580.0,2026-04-02 05:00:00
TXN006328,ACC_NORMAL_821,ACC_NORMAL_950,4452.0,2026-05-22 09:00:00
TXN006329,ACC_NORMAL_524,ACC_NORMAL_250,5078.0,2026-06-16 15:00:00
TXN006330,ACC_NORMAL_769,ACC_NORMAL_966,3289.0,2026-03-21 17:00:00
TXN006331,ACC_NORMAL_615,ACC_NORMAL_850,6910.0,2026-05-30 10:00:00
TXN006332,ACC_NORMAL_231,ACC_NORMAL_934,5520.0,2026-03-10 22:00:00
TXN006333,ACC_NORMAL_421,ACC_NORMAL_659,7155.0,2026-03-24 02:00:00
TXN006334,ACC_NORMAL_805,ACC_NORMAL_437,2452.0,2026-06-05 07:00:00
TXN006335,ACC_NORMAL_5,ACC_NORMAL_568,1474.0,2026-04-26 03:00:00
TXN006336,ACC_NORMAL_474,ACC_NORMAL_205,718.0,2026-05-05 02:00:00
TXN006337,ACC_NORMAL_440,ACC_NORMAL_242,4409.0,2026-05-26 13:00:00
TXN006338,ACC_NORMAL_700,ACC_NORMAL_776,7033.0,2026-07-05 23:00:00
TXN006339,ACC_NORMAL_245,ACC_NORMAL_420,4322.0,2026-03-11 14:00:00
TXN006340,ACC_NORMAL_846,ACC_NORMAL_651,6979.0,2026-03-20 23:00:00
TXN006341,ACC_NORMAL_626,ACC_NORMAL_292,8303.0,2026-06-27 12:00:00
TXN006342,ACC_NORMAL_995,ACC_NORMAL_798,6494.0,2026-04-29 12:00:00
TXN006343,ACC_NORMAL_45,ACC_NORMAL_526,1649.0,2026-03-30 04:00:00
TXN006344,ACC_NORMAL_958,ACC_NORMAL_212,7271.0,2026-06-05 13:00:00
TXN006345,ACC_NORMAL_193,ACC_NORMAL_755,3987.0,2026-03-31 20:00:00
TXN006346,ACC_NORMAL_615,ACC_NORMAL_329,2377.0,2026-07-02 01:00:00
TXN006347,ACC_NORMAL_913,ACC_NORMAL_193,1488.0,2026-04-23 06:00:00
TXN006348,ACC_NORMAL_991,ACC_NORMAL_736,3986.0,2026-07-01 16:00:00
TXN006349,ACC_NORMAL_947,ACC_NORMAL_437,2624.0,2026-07-14 11:00:00
TXN006350,ACC_NORMAL_867,ACC_NORMAL_401,6626.0,2026-06-15 03:00:00
TXN006351,ACC_NORMAL_919,ACC_NORMAL_732,2994.0,2026-06-24 14:00:00
TXN006352,ACC_NORMAL_267,ACC_NORMAL_659,4402.0,2026-05-22 08:00:00
TXN006353,ACC_NORMAL_156,ACC_NORMAL_775,4280.0,2026-05-03 08:00:00
TXN006354,ACC_NORMAL_890,ACC_NORMAL_933,2277.0,2026-07-05 16:00:00
TXN006355,ACC_NORMAL_784,ACC_NORMAL_608,8042.0,2026-06-24 17:00:00
TXN006356,ACC_NORMAL_955,ACC_NORMAL_35,9114.0,2026-07-19 18:00:00
TXN006357,ACC_NORMAL_52,ACC_NORMAL_511,8295.0,2026-03-13 17:00:00
TXN006358,ACC_NORMAL_679,ACC_NORMAL_244,9760.0,2026-06-16 09:00:00
TXN006359,ACC_NORMAL_331,ACC_NORMAL_632,7852.0,2026-04-30 23:00:00
TXN006360,ACC_NORMAL_110,ACC_NORMAL_877,4240.0,2026-04-06 09:00:00
TXN006361,ACC_NORMAL_94,ACC_NORMAL_891,7149.0,2026-04-09 06:00:00
TXN006362,ACC_NORMAL_523,ACC_NORMAL_813,9370.0,2026-07-06 06:00:00
TXN006363,ACC_NORMAL_836,ACC_NORMAL_258,7486.0,2026-06-15 21:00:00
TXN006364,ACC_NORMAL_634,ACC_NORMAL_130,9377.0,2026-07-25 16:00:00
TXN006365,ACC_NORMAL_301,ACC_NORMAL_4,3296.0,2026-05-09 03:00:00
TXN006366,ACC_NORMAL_2,ACC_NORMAL_774,9319.0,2026-05-27 17:00:00
TXN006367,ACC_NORMAL_476,ACC_NORMAL_663,2945.0,2026-05-18 13:00:00
TXN006368,ACC_NORMAL_908,ACC_NORMAL_499,4576.0,2026-07-27 09:00:00
TXN006369,ACC_NORMAL_222,ACC_NORMAL_603,8731.0,2026-07-18 20:00:00
TXN006370,ACC_NORMAL_257,ACC_NORMAL_793,6585.0,2026-03-18 14:00:00
TXN006371,ACC_NORMAL_915,ACC_NORMAL_442,2496.0,2026-05-23 02:00:00
TXN006372,ACC_NORMAL_76,ACC_NORMAL_747,8944.0,2026-05-02 01:00:00
TXN006373,ACC_NORMAL_482,ACC_NORMAL_423,7375.0,2026-04-23 05:00:00
TXN006374,ACC_NORMAL_568,ACC_NORMAL_304,4261.0,2026-05-11 03:00:00
TXN006375,ACC_NORMAL_173,ACC_NORMAL_794,8182.0,2026-03-14 23:00:00
TXN006376,ACC_NORMAL_775,ACC_NORMAL_635,892.0,2026-07-22 21:00:00
TXN006377,ACC_NORMAL_825,ACC_NORMAL_688,3337.0,2026-07-18 22:00:00
TXN006378,ACC_NORMAL_981,ACC_NORMAL_501,7659.0,2026-06-15 20:00:00
TXN006379,ACC_NORMAL_470,ACC_NORMAL_697,2473.0,2026-04-11 10:00:00
TXN006380,ACC_NORMAL_11,ACC_NORMAL_734,7957.0,2026-03-29 17:00:00
TXN006381,ACC_NORMAL_7,ACC_NORMAL_715,3173.0,2026-05-22 08:00:00
TXN006382,ACC_NORMAL_940,ACC_NORMAL_625,5049.0,2026-05-20 01:00:00
TXN006383,ACC_NORMAL_486,ACC_NORMAL_795,3096.0,2026-03-21 18:00:00
TXN006384,ACC_NORMAL_97,ACC_NORMAL_876,2809.0,2026-03-24 04:00:00
TXN006385,ACC_NORMAL_444,ACC_NORMAL_993,7384.0,2026-07-26 07:00:00
TXN006386,ACC_NORMAL_965,ACC_NORMAL_937,2835.0,2026-07-18 03:00:00
TXN006387,ACC_NORMAL_831,ACC_NORMAL_425,9618.0,2026-03-24 06:00:00
TXN006388,ACC_NORMAL_481,ACC_NORMAL_70,9301.0,2026-03-05 06:00:00
TXN006389,ACC_NORMAL_299,ACC_NORMAL_606,3703.0,2026-03-11 05:00:00
TXN006390,ACC_NORMAL_361,ACC_NORMAL_526,5867.0,2026-03-19 23:00:00
TXN006391,ACC_NORMAL_851,ACC_NORMAL_428,624.0,2026-06-10 06:00:00
TXN006392,ACC_NORMAL_507,ACC_NORMAL_522,6529.0,2026-06-14 09:00:00
TXN006393,ACC_NORMAL_454,ACC_NORMAL_210,2204.0,2026-07-01 03:00:00
TXN006394,ACC_NORMAL_945,ACC_NORMAL_805,3662.0,2026-04-23 10:00:00
TXN006395,ACC_NORMAL_515,ACC_NORMAL_283,1258.0,2026-05-26 10:00:00
TXN006396,ACC_NORMAL_927,ACC_NORMAL_403,7897.0,2026-04-06 23:00:00
TXN006397,ACC_NORMAL_579,ACC_NORMAL_201,5147.0,2026-04-04 22:00:00
TXN006398,ACC_NORMAL_949,ACC_NORMAL_552,5423.0,2026-05-22 17:00:00
TXN006399,ACC_NORMAL_501,ACC_NORMAL_610,1290.0,2026-06-21 20:00:00
TXN006400,ACC_NORMAL_365,ACC_NORMAL_928,7703.0,2026-04-03 10:00:00
TXN006401,ACC_NORMAL_422,ACC_NORMAL_554,139.0,2026-04-21 00:00:00
TXN006402,ACC_NORMAL_384,ACC_NORMAL_449,1256.0,2026-04-10 11:00:00
TXN006403,ACC_NORMAL_408,ACC_NORMAL_273,4562.0,2026-03-24 06:00:00
TXN006404,ACC_NORMAL_629,ACC_NORMAL_460,2588.0,2026-05-10 07:00:00
TXN006405,ACC_NORMAL_523,ACC_NORMAL_166,6062.0,2026-03-07 14:00:00
TXN006406,ACC_NORMAL_166,ACC_NORMAL_187,2800.0,2026-05-26 19:00:00
TXN006407,ACC_NORMAL_575,ACC_NORMAL_913,7346.0,2026-06-24 00:00:00
TXN006408,ACC_NORMAL_220,ACC_NORMAL_747,5860.0,2026-07-11 11:00:00
TXN006409,ACC_NORMAL_552,ACC_NORMAL_371,9447.0,2026-05-29 20:00:00
TXN006410,ACC_NORMAL_672,ACC_NORMAL_288,6335.0,2026-07-03 06:00:00
TXN006411,ACC_NORMAL_858,ACC_NORMAL_444,4379.0,2026-05-04 05:00:00
TXN006412,ACC_NORMAL_438,ACC_NORMAL_158,8701.0,2026-06-05 03:00:00
TXN006413,ACC_NORMAL_571,ACC_NORMAL_199,6020.0,2026-03-15 02:00:00
TXN006414,ACC_NORMAL_153,ACC_NORMAL_158,7036.0,2026-03-31 03:00:00
TXN006415,ACC_NORMAL_298,ACC_NORMAL_215,8135.0,2026-03-11 14:00:00
TXN006416,ACC_NORMAL_221,ACC_NORMAL_138,1480.0,2026-05-23 21:00:00
TXN006417,ACC_NORMAL_498,ACC_NORMAL_589,7482.0,2026-07-11 22:00:00
TXN006418,ACC_NORMAL_955,ACC_NORMAL_446,3750.0,2026-04-06 12:00:00
TXN006419,ACC_NORMAL_180,ACC_NORMAL_745,9850.0,2026-03-31 19:00:00
TXN006420,ACC_NORMAL_12,ACC_NORMAL_211,2384.0,2026-07-04 19:00:00
TXN006421,ACC_NORMAL_542,ACC_NORMAL_139,6652.0,2026-03-21 18:00:00
TXN006422,ACC_NORMAL_547,ACC_NORMAL_923,5040.0,2026-07-10 00:00:00
TXN006423,ACC_NORMAL_111,ACC_NORMAL_988,1220.0,2026-03-04 16:00:00
TXN006424,ACC_NORMAL_809,ACC_NORMAL_622,7544.0,2026-03-20 04:00:00
TXN006425,ACC_NORMAL_451,ACC_NORMAL_150,2967.0,2026-03-08 21:00:00
TXN006426,ACC_NORMAL_481,ACC_NORMAL_37,9552.0,2026-03-04 17:00:00
TXN006427,ACC_NORMAL_942,ACC_NORMAL_272,8256.0,2026-04-25 20:00:00
TXN006428,ACC_NORMAL_216,ACC_NORMAL_200,234.0,2026-06-12 13:00:00
TXN006429,ACC_NORMAL_306,ACC_NORMAL_700,6868.0,2026-07-21 09:00:00
TXN006430,ACC_NORMAL_528,ACC_NORMAL_293,4849.0,2026-05-22 04:00:00
TXN006431,ACC_NORMAL_168,ACC_NORMAL_756,3448.0,2026-06-24 16:00:00
TXN006432,ACC_NORMAL_365,ACC_NORMAL_307,9458.0,2026-07-03 21:00:00
TXN006433,ACC_NORMAL_109,ACC_NORMAL_551,663.0,2026-03-18 08:00:00
TXN006434,ACC_NORMAL_319,ACC_NORMAL_873,7107.0,2026-07-14 04:00:00
TXN006435,ACC_NORMAL_68,ACC_NORMAL_624,5727.0,2026-05-02 04:00:00
TXN006436,ACC_NORMAL_710,ACC_NORMAL_589,2492.0,2026-04-09 20:00:00
TXN006437,ACC_NORMAL_6,ACC_NORMAL_382,5284.0,2026-05-31 19:00:00
TXN006438,ACC_NORMAL_493,ACC_NORMAL_873,1129.0,2026-03-11 10:00:00
TXN006439,ACC_NORMAL_678,ACC_NORMAL_504,1303.0,2026-03-26 09:00:00
TXN006440,ACC_NORMAL_986,ACC_NORMAL_303,3205.0,2026-05-23 20:00:00
TXN006441,ACC_NORMAL_274,ACC_NORMAL_816,806.0,2026-05-01 02:00:00
TXN006442,ACC_NORMAL_105,ACC_NORMAL_402,5672.0,2026-06-25 15:00:00
TXN006443,ACC_NORMAL_280,ACC_NORMAL_428,7772.0,2026-04-26 15:00:00
TXN006444,ACC_NORMAL_438,ACC_NORMAL_484,5455.0,2026-05-06 19:00:00
TXN006445,ACC_NORMAL_917,ACC_NORMAL_364,3119.0,2026-04-11 12:00:00
TXN006446,ACC_NORMAL_397,ACC_NORMAL_51,584.0,2026-06-18 08:00:00
TXN006447,ACC_NORMAL_565,ACC_NORMAL_823,2340.0,2026-06-19 07:00:00
TXN006448,ACC_NORMAL_343,ACC_NORMAL_946,3306.0,2026-03-18 15:00:00
TXN006449,ACC_NORMAL_897,ACC_NORMAL_621,356.0,2026-03-27 08:00:00
TXN006450,ACC_NORMAL_520,ACC_NORMAL_109,6393.0,2026-04-21 07:00:00
TXN006451,ACC_NORMAL_588,ACC_NORMAL_380,9397.0,2026-05-27 20:00:00
TXN006452,ACC_NORMAL_583,ACC_NORMAL_313,6941.0,2026-04-23 13:00:00
TXN006453,ACC_NORMAL_688,ACC_NORMAL_884,4006.0,2026-03-16 06:00:00
TXN006454,ACC_NORMAL_415,ACC_NORMAL_115,9803.0,2026-06-12 13:00:00
TXN006455,ACC_NORMAL_603,ACC_NORMAL_818,6675.0,2026-06-24 07:00:00
TXN006456,ACC_NORMAL_284,ACC_NORMAL_247,7072.0,2026-05-08 08:00:00
TXN006457,ACC_NORMAL_317,ACC_NORMAL_960,7224.0,2026-07-19 23:00:00
TXN006458,ACC_NORMAL_621,ACC_NORMAL_502,1360.0,2026-04-24 04:00:00
TXN006459,ACC_NORMAL_726,ACC_NORMAL_735,9278.0,2026-03-12 13:00:00
TXN006460,ACC_NORMAL_140,ACC_NORMAL_664,8215.0,2026-05-27 22:00:00
TXN006461,ACC_NORMAL_324,ACC_NORMAL_283,6940.0,2026-07-07 18:00:00
TXN006462,ACC_NORMAL_274,ACC_NORMAL_921,9044.0,2026-04-01 23:00:00
TXN006463,ACC_NORMAL_797,ACC_NORMAL_91,626.0,2026-03-11 23:00:00
TXN006464,ACC_NORMAL_875,ACC_NORMAL_165,1229.0,2026-05-31 15:00:00
TXN006465,ACC_NORMAL_368,ACC_NORMAL_923,5967.0,2026-06-18 01:00:00
TXN006466,ACC_NORMAL_360,ACC_NORMAL_342,599.0,2026-06-22 21:00:00
TXN006467,ACC_NORMAL_811,ACC_NORMAL_794,7673.0,2026-05-31 00:00:00
TXN006468,ACC_NORMAL_451,ACC_NORMAL_876,2201.0,2026-06-08 15:00:00
TXN006469,ACC_NORMAL_904,ACC_NORMAL_822,5065.0,2026-06-16 08:00:00
TXN006470,ACC_NORMAL_25,ACC_NORMAL_884,8236.0,2026-06-26 01:00:00
TXN006471,ACC_NORMAL_25,ACC_NORMAL_435,7159.0,2026-05-06 20:00:00
TXN006472,ACC_NORMAL_961,ACC_NORMAL_755,3747.0,2026-07-11 21:00:00
TXN006473,ACC_NORMAL_162,ACC_NORMAL_935,4818.0,2026-05-16 02:00:00
TXN006474,ACC_NORMAL_905,ACC_NORMAL_379,7190.0,2026-06-18 22:00:00
TXN006475,ACC_NORMAL_911,ACC_NORMAL_658,9155.0,2026-03-22 03:00:00
TXN006476,ACC_NORMAL_691,ACC_NORMAL_748,9137.0,2026-03-22 16:00:00
TXN006477,ACC_NORMAL_722,ACC_NORMAL_553,6650.0,2026-04-14 17:00:00
TXN006478,ACC_NORMAL_780,ACC_NORMAL_544,6053.0,2026-05-14 00:00:00
TXN006479,ACC_NORMAL_196,ACC_NORMAL_628,9515.0,2026-04-20 08:00:00
TXN006480,ACC_NORMAL_709,ACC_NORMAL_580,4733.0,2026-07-01 13:00:00
TXN006481,ACC_NORMAL_264,ACC_NORMAL_485,4384.0,2026-05-17 04:00:00
TXN006482,ACC_NORMAL_754,ACC_NORMAL_57,6256.0,2026-05-16 19:00:00
TXN006483,ACC_NORMAL_686,ACC_NORMAL_86,1380.0,2026-04-29 23:00:00
TXN006484,ACC_NORMAL_504,ACC_NORMAL_4,2846.0,2026-05-14 22:00:00
TXN006485,ACC_NORMAL_171,ACC_NORMAL_53,4066.0,2026-06-09 16:00:00
TXN006486,ACC_NORMAL_867,ACC_NORMAL_741,5943.0,2026-03-09 11:00:00
TXN006487,ACC_NORMAL_870,ACC_NORMAL_143,5290.0,2026-03-18 05:00:00
TXN006488,ACC_NORMAL_511,ACC_NORMAL_265,5376.0,2026-06-12 09:00:00
TXN006489,ACC_NORMAL_938,ACC_NORMAL_986,4747.0,2026-03-08 05:00:00
TXN006490,ACC_NORMAL_718,ACC_NORMAL_557,4183.0,2026-05-23 04:00:00
TXN006491,ACC_NORMAL_674,ACC_NORMAL_868,3035.0,2026-05-09 14:00:00
TXN006492,ACC_NORMAL_415,ACC_NORMAL_393,5861.0,2026-06-07 05:00:00
TXN006493,ACC_NORMAL_243,ACC_NORMAL_531,987.0,2026-05-04 15:00:00
TXN006494,ACC_NORMAL_489,ACC_NORMAL_898,8277.0,2026-04-15 00:00:00
TXN006495,ACC_NORMAL_808,ACC_NORMAL_996,8397.0,2026-03-19 01:00:00
TXN006496,ACC_NORMAL_148,ACC_NORMAL_230,5507.0,2026-04-30 12:00:00
TXN006497,ACC_NORMAL_707,ACC_NORMAL_452,782.0,2026-06-05 05:00:00
TXN006498,ACC_NORMAL_939,ACC_NORMAL_901,8201.0,2026-07-12 06:00:00
TXN006499,ACC_NORMAL_186,ACC_NORMAL_313,4086.0,2026-04-16 15:00:00
TXN006500,ACC_NORMAL_975,ACC_NORMAL_20,8422.0,2026-03-10 14:00:00
TXN006501,ACC_NORMAL_180,ACC_NORMAL_652,918.0,2026-07-28 06:00:00
TXN006502,ACC_NORMAL_433,ACC_NORMAL_250,2013.0,2026-07-10 07:00:00
TXN006503,ACC_NORMAL_788,ACC_NORMAL_665,1630.0,2026-06-04 04:00:00
TXN006504,ACC_NORMAL_480,ACC_NORMAL_420,6853.0,2026-03-15 07:00:00
TXN006505,ACC_NORMAL_166,ACC_NORMAL_375,4208.0,2026-03-20 01:00:00
TXN006506,ACC_NORMAL_939,ACC_NORMAL_80,4144.0,2026-03-26 20:00:00
TXN006507,ACC_NORMAL_157,ACC_NORMAL_184,2600.0,2026-03-24 21:00:00
TXN006508,ACC_NORMAL_648,ACC_NORMAL_285,1451.0,2026-06-24 06:00:00
TXN006509,ACC_NORMAL_474,ACC_NORMAL_908,7886.0,2026-04-06 13:00:00
TXN006510,ACC_NORMAL_50,ACC_NORMAL_952,6860.0,2026-03-12 01:00:00
TXN006511,ACC_NORMAL_255,ACC_NORMAL_932,731.0,2026-05-14 19:00:00
TXN006512,ACC_NORMAL_706,ACC_NORMAL_697,6856.0,2026-05-30 03:00:00
TXN006513,ACC_NORMAL_931,ACC_NORMAL_106,592.0,2026-05-01 07:00:00
TXN006514,ACC_NORMAL_110,ACC_NORMAL_794,9970.0,2026-03-28 15:00:00
TXN006515,ACC_NORMAL_555,ACC_NORMAL_893,6712.0,2026-05-07 09:00:00
TXN006516,ACC_NORMAL_565,ACC_NORMAL_371,4613.0,2026-03-13 13:00:00
TXN006517,ACC_NORMAL_966,ACC_NORMAL_1000,2768.0,2026-06-19 01:00:00
TXN006518,ACC_NORMAL_499,ACC_NORMAL_266,8320.0,2026-04-23 05:00:00
TXN006519,ACC_NORMAL_376,ACC_NORMAL_172,5657.0,2026-07-09 05:00:00
TXN006520,ACC_NORMAL_411,ACC_NORMAL_451,1705.0,2026-06-11 03:00:00
TXN006521,ACC_NORMAL_212,ACC_NORMAL_539,9124.0,2026-06-11 11:00:00
TXN006522,ACC_NORMAL_134,ACC_NORMAL_71,8177.0,2026-04-08 04:00:00
TXN006523,ACC_NORMAL_80,ACC_NORMAL_478,325.0,2026-06-09 05:00:00
TXN006524,ACC_NORMAL_166,ACC_NORMAL_576,2663.0,2026-06-21 20:00:00
TXN006525,ACC_NORMAL_893,ACC_NORMAL_625,6262.0,2026-07-07 09:00:00
TXN006526,ACC_NORMAL_502,ACC_NORMAL_272,8059.0,2026-07-13 05:00:00
TXN006527,ACC_NORMAL_630,ACC_NORMAL_537,4323.0,2026-03-29 03:00:00
TXN006528,ACC_NORMAL_27,ACC_NORMAL_26,5142.0,2026-07-01 22:00:00
TXN006529,ACC_NORMAL_662,ACC_NORMAL_805,9746.0,2026-05-07 02:00:00
TXN006530,ACC_NORMAL_558,ACC_NORMAL_713,4154.0,2026-04-06 21:00:00
TXN006531,ACC_NORMAL_111,ACC_NORMAL_593,8483.0,2026-06-06 17:00:00
TXN006532,ACC_NORMAL_581,ACC_NORMAL_456,3211.0,2026-03-26 03:00:00
TXN006533,ACC_NORMAL_80,ACC_NORMAL_339,2918.0,2026-03-08 07:00:00
TXN006534,ACC_NORMAL_441,ACC_NORMAL_451,7587.0,2026-07-16 04:00:00
TXN006535,ACC_NORMAL_171,ACC_NORMAL_760,9083.0,2026-03-09 02:00:00
TXN006536,ACC_NORMAL_339,ACC_NORMAL_203,2805.0,2026-05-23 11:00:00
TXN006537,ACC_NORMAL_22,ACC_NORMAL_177,1381.0,2026-06-18 06:00:00
TXN006538,ACC_NORMAL_907,ACC_NORMAL_978,6901.0,2026-06-02 05:00:00
TXN006539,ACC_NORMAL_726,ACC_NORMAL_194,8797.0,2026-05-04 13:00:00
TXN006540,ACC_NORMAL_95,ACC_NORMAL_835,2522.0,2026-03-13 15:00:00
TXN006541,ACC_NORMAL_152,ACC_NORMAL_168,3232.0,2026-04-01 00:00:00
TXN006542,ACC_NORMAL_15,ACC_NORMAL_932,2539.0,2026-07-02 10:00:00
TXN006543,ACC_NORMAL_609,ACC_NORMAL_773,1876.0,2026-04-17 18:00:00
TXN006544,ACC_NORMAL_38,ACC_NORMAL_184,5243.0,2026-07-09 01:00:00
TXN006545,ACC_NORMAL_129,ACC_NORMAL_722,5192.0,2026-05-26 20:00:00
TXN006546,ACC_NORMAL_513,ACC_NORMAL_215,2527.0,2026-07-18 16:00:00
TXN006547,ACC_NORMAL_897,ACC_NORMAL_504,8588.0,2026-06-26 00:00:00
TXN006548,ACC_NORMAL_272,ACC_NORMAL_506,6546.0,2026-05-12 01:00:00
TXN006549,ACC_NORMAL_707,ACC_NORMAL_54,3002.0,2026-04-04 00:00:00
TXN006550,ACC_NORMAL_573,ACC_NORMAL_214,6612.0,2026-06-16 23:00:00
TXN006551,ACC_NORMAL_53,ACC_NORMAL_482,8630.0,2026-04-13 22:00:00
TXN006552,ACC_NORMAL_369,ACC_NORMAL_232,5705.0,2026-07-06 17:00:00
TXN006553,ACC_NORMAL_322,ACC_NORMAL_658,4079.0,2026-07-04 08:00:00
TXN006554,ACC_NORMAL_31,ACC_NORMAL_354,9059.0,2026-04-17 04:00:00
TXN006555,ACC_NORMAL_786,ACC_NORMAL_625,9718.0,2026-07-19 02:00:00
TXN006556,ACC_NORMAL_528,ACC_NORMAL_504,5791.0,2026-03-22 23:00:00
TXN006557,ACC_NORMAL_958,ACC_NORMAL_961,6184.0,2026-07-20 23:00:00
TXN006558,ACC_NORMAL_618,ACC_NORMAL_799,4674.0,2026-05-25 18:00:00
TXN006559,ACC_NORMAL_424,ACC_NORMAL_139,7730.0,2026-03-07 03:00:00
TXN006560,ACC_NORMAL_955,ACC_NORMAL_115,5323.0,2026-03-12 23:00:00
TXN006561,ACC_NORMAL_293,ACC_NORMAL_106,2309.0,2026-07-13 16:00:00
TXN006562,ACC_NORMAL_445,ACC_NORMAL_110,1984.0,2026-06-17 14:00:00
TXN006563,ACC_NORMAL_147,ACC_NORMAL_756,2745.0,2026-06-30 11:00:00
TXN006564,ACC_NORMAL_703,ACC_NORMAL_781,2784.0,2026-07-21 11:00:00
TXN006565,ACC_NORMAL_957,ACC_NORMAL_997,697.0,2026-05-05 03:00:00
TXN006566,ACC_NORMAL_926,ACC_NORMAL_669,2438.0,2026-06-27 20:00:00
TXN006567,ACC_NORMAL_706,ACC_NORMAL_708,8099.0,2026-04-17 01:00:00
TXN006568,ACC_NORMAL_554,ACC_NORMAL_239,5462.0,2026-06-10 09:00:00
TXN006569,ACC_NORMAL_1000,ACC_NORMAL_830,664.0,2026-03-20 21:00:00
TXN006570,ACC_NORMAL_560,ACC_NORMAL_210,4862.0,2026-07-02 21:00:00
TXN006571,ACC_NORMAL_497,ACC_NORMAL_787,7790.0,2026-03-04 12:00:00
TXN006572,ACC_NORMAL_85,ACC_NORMAL_713,5157.0,2026-04-05 23:00:00
TXN006573,ACC_NORMAL_964,ACC_NORMAL_437,168.0,2026-03-09 10:00:00
TXN006574,ACC_NORMAL_2,ACC_NORMAL_99,6742.0,2026-06-29 17:00:00
TXN006575,ACC_NORMAL_309,ACC_NORMAL_350,9844.0,2026-05-14 03:00:00
TXN006576,ACC_NORMAL_181,ACC_NORMAL_888,7540.0,2026-06-15 16:00:00
TXN006577,ACC_NORMAL_862,ACC_NORMAL_989,5931.0,2026-04-11 15:00:00
TXN006578,ACC_NORMAL_77,ACC_NORMAL_192,5141.0,2026-04-03 23:00:00
TXN006579,ACC_NORMAL_692,ACC_NORMAL_700,5586.0,2026-03-24 21:00:00
TXN006580,ACC_NORMAL_153,ACC_NORMAL_720,2487.0,2026-03-05 02:00:00
TXN006581,ACC_NORMAL_521,ACC_NORMAL_220,6086.0,2026-06-18 21:00:00
TXN006582,ACC_NORMAL_343,ACC_NORMAL_445,3529.0,2026-05-14 19:00:00
TXN006583,ACC_NORMAL_622,ACC_NORMAL_576,6349.0,2026-07-15 11:00:00
TXN006584,ACC_NORMAL_785,ACC_NORMAL_983,8120.0,2026-05-19 20:00:00
TXN006585,ACC_NORMAL_423,ACC_NORMAL_710,6321.0,2026-07-22 06:00:00
TXN006586,ACC_NORMAL_488,ACC_NORMAL_795,9730.0,2026-04-29 07:00:00
TXN006587,ACC_NORMAL_304,ACC_NORMAL_468,2716.0,2026-04-17 11:00:00
TXN006588,ACC_NORMAL_293,ACC_NORMAL_665,2976.0,2026-06-03 12:00:00
TXN006589,ACC_NORMAL_253,ACC_NORMAL_751,3595.0,2026-07-08 07:00:00
TXN006590,ACC_NORMAL_999,ACC_NORMAL_18,7267.0,2026-04-29 09:00:00
TXN006591,ACC_NORMAL_543,ACC_NORMAL_784,8733.0,2026-04-27 18:00:00
TXN006592,ACC_NORMAL_179,ACC_NORMAL_219,7957.0,2026-03-13 15:00:00
TXN006593,ACC_NORMAL_990,ACC_NORMAL_689,142.0,2026-05-26 10:00:00
TXN006594,ACC_NORMAL_944,ACC_NORMAL_290,5353.0,2026-06-24 05:00:00
TXN006595,ACC_NORMAL_951,ACC_NORMAL_972,4782.0,2026-05-13 18:00:00
TXN006596,ACC_NORMAL_732,ACC_NORMAL_62,3316.0,2026-05-10 07:00:00
TXN006597,ACC_NORMAL_564,ACC_NORMAL_333,7108.0,2026-03-29 23:00:00
TXN006598,ACC_NORMAL_754,ACC_NORMAL_10,3976.0,2026-03-10 11:00:00
TXN006599,ACC_NORMAL_149,ACC_NORMAL_87,6976.0,2026-06-14 18:00:00
TXN006600,ACC_NORMAL_928,ACC_NORMAL_712,6931.0,2026-04-16 18:00:00
TXN006601,ACC_NORMAL_183,ACC_NORMAL_749,991.0,2026-03-17 03:00:00
TXN006602,ACC_NORMAL_356,ACC_NORMAL_334,481.0,2026-05-21 04:00:00
TXN006603,ACC_NORMAL_770,ACC_NORMAL_382,7550.0,2026-03-09 22:00:00
TXN006604,ACC_NORMAL_673,ACC_NORMAL_502,6414.0,2026-06-03 21:00:00
TXN006605,ACC_NORMAL_273,ACC_NORMAL_916,7798.0,2026-05-18 10:00:00
TXN006606,ACC_NORMAL_51,ACC_NORMAL_414,9113.0,2026-05-29 03:00:00
TXN006607,ACC_NORMAL_449,ACC_NORMAL_392,3731.0,2026-03-15 19:00:00
TXN006608,ACC_NORMAL_360,ACC_NORMAL_390,2186.0,2026-06-24 18:00:00
TXN006609,ACC_NORMAL_388,ACC_NORMAL_959,6161.0,2026-07-13 13:00:00
TXN006610,ACC_NORMAL_449,ACC_NORMAL_342,9183.0,2026-06-26 16:00:00
TXN006611,ACC_NORMAL_77,ACC_NORMAL_389,5277.0,2026-06-03 05:00:00
TXN006612,ACC_NORMAL_710,ACC_NORMAL_34,5994.0,2026-04-18 19:00:00
TXN006613,ACC_NORMAL_806,ACC_NORMAL_756,326.0,2026-06-05 04:00:00
TXN006614,ACC_NORMAL_949,ACC_NORMAL_766,396.0,2026-05-11 06:00:00
TXN006615,ACC_NORMAL_316,ACC_NORMAL_261,7906.0,2026-03-29 06:00:00
TXN006616,ACC_NORMAL_148,ACC_NORMAL_78,6796.0,2026-05-14 05:00:00
TXN006617,ACC_NORMAL_444,ACC_NORMAL_330,1297.0,2026-06-23 11:00:00
TXN006618,ACC_NORMAL_958,ACC_NORMAL_73,993.0,2026-07-24 11:00:00
TXN006619,ACC_NORMAL_97,ACC_NORMAL_66,6055.0,2026-05-27 21:00:00
TXN006620,ACC_NORMAL_947,ACC_NORMAL_555,7926.0,2026-07-12 15:00:00
TXN006621,ACC_NORMAL_724,ACC_NORMAL_138,4262.0,2026-04-30 04:00:00
TXN006622,ACC_NORMAL_232,ACC_NORMAL_332,4876.0,2026-04-27 03:00:00
TXN006623,ACC_NORMAL_854,ACC_NORMAL_415,6759.0,2026-05-27 01:00:00
TXN006624,ACC_NORMAL_656,ACC_NORMAL_428,8983.0,2026-07-19 05:00:00
TXN006625,ACC_NORMAL_350,ACC_NORMAL_919,4928.0,2026-05-02 20:00:00
TXN006626,ACC_NORMAL_53,ACC_NORMAL_908,4396.0,2026-03-26 10:00:00
TXN006627,ACC_NORMAL_337,ACC_NORMAL_98,2852.0,2026-03-30 15:00:00
TXN006628,ACC_NORMAL_12,ACC_NORMAL_597,3022.0,2026-04-18 23:00:00
TXN006629,ACC_NORMAL_110,ACC_NORMAL_922,1645.0,2026-03-16 02:00:00
TXN006630,ACC_NORMAL_642,ACC_NORMAL_36,689.0,2026-06-08 16:00:00
TXN006631,ACC_NORMAL_359,ACC_NORMAL_80,9760.0,2026-03-21 14:00:00
TXN006632,ACC_NORMAL_931,ACC_NORMAL_548,3965.0,2026-03-15 13:00:00
TXN006633,ACC_NORMAL_731,ACC_NORMAL_496,8566.0,2026-04-29 09:00:00
TXN006634,ACC_NORMAL_227,ACC_NORMAL_479,6403.0,2026-03-29 00:00:00
TXN006635,ACC_NORMAL_765,ACC_NORMAL_158,1367.0,2026-04-06 03:00:00
TXN006636,ACC_NORMAL_104,ACC_NORMAL_169,2734.0,2026-06-26 16:00:00
TXN006637,ACC_NORMAL_31,ACC_NORMAL_485,4326.0,2026-06-27 19:00:00
TXN006638,ACC_NORMAL_138,ACC_NORMAL_230,2563.0,2026-04-24 18:00:00
TXN006639,ACC_NORMAL_708,ACC_NORMAL_617,2012.0,2026-03-08 05:00:00
TXN006640,ACC_NORMAL_344,ACC_NORMAL_665,6211.0,2026-05-14 07:00:00
TXN006641,ACC_NORMAL_362,ACC_NORMAL_509,5321.0,2026-03-23 16:00:00
TXN006642,ACC_NORMAL_21,ACC_NORMAL_899,2379.0,2026-06-24 04:00:00
TXN006643,ACC_NORMAL_523,ACC_NORMAL_634,420.0,2026-05-05 22:00:00
TXN006644,ACC_NORMAL_938,ACC_NORMAL_724,5520.0,2026-07-07 17:00:00
TXN006645,ACC_NORMAL_2,ACC_NORMAL_579,4241.0,2026-05-19 09:00:00
TXN006646,ACC_NORMAL_152,ACC_NORMAL_997,408.0,2026-05-09 15:00:00
TXN006647,ACC_NORMAL_517,ACC_NORMAL_521,5039.0,2026-03-25 10:00:00
TXN006648,ACC_NORMAL_731,ACC_NORMAL_461,274.0,2026-05-11 06:00:00
TXN006649,ACC_NORMAL_547,ACC_NORMAL_212,8557.0,2026-07-09 10:00:00
TXN006650,ACC_NORMAL_993,ACC_NORMAL_597,4891.0,2026-06-23 01:00:00
TXN006651,ACC_NORMAL_445,ACC_NORMAL_508,9509.0,2026-06-16 02:00:00
TXN006652,ACC_NORMAL_361,ACC_NORMAL_930,3152.0,2026-06-30 04:00:00
TXN006653,ACC_NORMAL_437,ACC_NORMAL_814,7435.0,2026-07-07 16:00:00
TXN006654,ACC_NORMAL_207,ACC_NORMAL_443,2206.0,2026-07-11 20:00:00
TXN006655,ACC_NORMAL_348,ACC_NORMAL_187,6258.0,2026-05-31 05:00:00
TXN006656,ACC_NORMAL_294,ACC_NORMAL_889,4233.0,2026-06-25 19:00:00
TXN006657,ACC_NORMAL_333,ACC_NORMAL_382,7765.0,2026-04-12 19:00:00
TXN006658,ACC_NORMAL_70,ACC_NORMAL_441,3586.0,2026-06-17 08:00:00
TXN006659,ACC_NORMAL_749,ACC_NORMAL_909,5281.0,2026-04-14 05:00:00
TXN006660,ACC_NORMAL_691,ACC_NORMAL_729,8245.0,2026-04-24 17:00:00
TXN006661,ACC_NORMAL_12,ACC_NORMAL_210,8445.0,2026-07-02 22:00:00
TXN006662,ACC_NORMAL_390,ACC_NORMAL_868,2041.0,2026-06-12 04:00:00
TXN006663,ACC_NORMAL_271,ACC_NORMAL_266,6717.0,2026-06-13 09:00:00
TXN006664,ACC_NORMAL_899,ACC_NORMAL_432,5486.0,2026-06-04 09:00:00
TXN006665,ACC_NORMAL_850,ACC_NORMAL_911,8207.0,2026-03-10 06:00:00
TXN006666,ACC_NORMAL_628,ACC_NORMAL_801,2089.0,2026-03-19 16:00:00
TXN006667,ACC_NORMAL_891,ACC_NORMAL_75,5416.0,2026-07-22 02:00:00
TXN006668,ACC_NORMAL_871,ACC_NORMAL_437,5216.0,2026-06-13 11:00:00
TXN006669,ACC_NORMAL_908,ACC_NORMAL_680,6823.0,2026-05-23 04:00:00
TXN006670,ACC_NORMAL_392,ACC_NORMAL_838,8108.0,2026-03-19 14:00:00
TXN006671,ACC_NORMAL_288,ACC_NORMAL_254,5391.0,2026-03-23 16:00:00
TXN006672,ACC_NORMAL_116,ACC_NORMAL_669,9714.0,2026-05-06 15:00:00
TXN006673,ACC_NORMAL_764,ACC_NORMAL_55,6635.0,2026-07-23 03:00:00
TXN006674,ACC_NORMAL_649,ACC_NORMAL_418,6489.0,2026-05-30 02:00:00
TXN006675,ACC_NORMAL_919,ACC_NORMAL_302,4739.0,2026-06-03 03:00:00
TXN006676,ACC_NORMAL_159,ACC_NORMAL_675,7392.0,2026-06-13 23:00:00
TXN006677,ACC_NORMAL_129,ACC_NORMAL_928,3532.0,2026-04-10 09:00:00
TXN006678,ACC_NORMAL_111,ACC_NORMAL_398,944.0,2026-04-16 02:00:00
TXN006679,ACC_NORMAL_837,ACC_NORMAL_65,2663.0,2026-03-14 15:00:00
TXN006680,ACC_NORMAL_305,ACC_NORMAL_432,9402.0,2026-07-26 07:00:00
TXN006681,ACC_NORMAL_248,ACC_NORMAL_339,9262.0,2026-03-05 01:00:00
TXN006682,ACC_NORMAL_94,ACC_NORMAL_250,1681.0,2026-07-17 12:00:00
TXN006683,ACC_NORMAL_259,ACC_NORMAL_578,6330.0,2026-03-11 17:00:00
TXN006684,ACC_NORMAL_564,ACC_NORMAL_932,1348.0,2026-06-11 00:00:00
TXN006685,ACC_NORMAL_515,ACC_NORMAL_693,4768.0,2026-05-04 12:00:00
TXN006686,ACC_NORMAL_118,ACC_NORMAL_116,8801.0,2026-03-06 05:00:00
TXN006687,ACC_NORMAL_99,ACC_NORMAL_55,6424.0,2026-04-22 05:00:00
TXN006688,ACC_NORMAL_997,ACC_NORMAL_310,7989.0,2026-06-14 13:00:00
TXN006689,ACC_NORMAL_715,ACC_NORMAL_680,5260.0,2026-07-03 07:00:00
TXN006690,ACC_NORMAL_268,ACC_NORMAL_182,8846.0,2026-05-03 00:00:00
TXN006691,ACC_NORMAL_792,ACC_NORMAL_171,5858.0,2026-05-25 05:00:00
TXN006692,ACC_NORMAL_858,ACC_NORMAL_518,6815.0,2026-03-26 07:00:00
TXN006693,ACC_NORMAL_557,ACC_NORMAL_791,1437.0,2026-04-09 06:00:00
TXN006694,ACC_NORMAL_777,ACC_NORMAL_724,1626.0,2026-06-01 09:00:00
TXN006695,ACC_NORMAL_259,ACC_NORMAL_133,8100.0,2026-04-02 05:00:00
TXN006696,ACC_NORMAL_306,ACC_NORMAL_82,6144.0,2026-04-11 21:00:00
TXN006697,ACC_NORMAL_769,ACC_NORMAL_491,6648.0,2026-05-08 09:00:00
TXN006698,ACC_NORMAL_903,ACC_NORMAL_408,8875.0,2026-04-26 11:00:00
TXN006699,ACC_NORMAL_641,ACC_NORMAL_134,3213.0,2026-04-16 10:00:00
TXN006700,ACC_NORMAL_223,ACC_NORMAL_797,7902.0,2026-06-11 00:00:00
TXN006701,ACC_NORMAL_65,ACC_NORMAL_913,1398.0,2026-03-07 12:00:00
TXN006702,ACC_NORMAL_363,ACC_NORMAL_617,4536.0,2026-04-12 14:00:00
TXN006703,ACC_NORMAL_996,ACC_NORMAL_476,4931.0,2026-07-08 17:00:00
TXN006704,ACC_NORMAL_414,ACC_NORMAL_439,7533.0,2026-03-11 09:00:00
TXN006705,ACC_NORMAL_782,ACC_NORMAL_20,3223.0,2026-04-23 16:00:00
TXN006706,ACC_NORMAL_617,ACC_NORMAL_845,5295.0,2026-05-23 23:00:00
TXN006707,ACC_NORMAL_844,ACC_NORMAL_587,1630.0,2026-04-16 17:00:00
TXN006708,ACC_NORMAL_442,ACC_NORMAL_297,5927.0,2026-03-30 00:00:00
TXN006709,ACC_NORMAL_464,ACC_NORMAL_633,2184.0,2026-04-26 06:00:00
TXN006710,ACC_NORMAL_251,ACC_NORMAL_385,735.0,2026-06-23 09:00:00
TXN006711,ACC_NORMAL_709,ACC_NORMAL_35,786.0,2026-07-12 09:00:00
TXN006712,ACC_NORMAL_857,ACC_NORMAL_802,3603.0,2026-06-06 19:00:00
TXN006713,ACC_NORMAL_82,ACC_NORMAL_274,7703.0,2026-04-24 00:00:00
TXN006714,ACC_NORMAL_404,ACC_NORMAL_427,6441.0,2026-03-13 17:00:00
TXN006715,ACC_NORMAL_305,ACC_NORMAL_14,4228.0,2026-05-16 12:00:00
TXN006716,ACC_NORMAL_932,ACC_NORMAL_429,1216.0,2026-07-24 20:00:00
TXN006717,ACC_NORMAL_101,ACC_NORMAL_95,2790.0,2026-03-21 17:00:00
TXN006718,ACC_NORMAL_765,ACC_NORMAL_278,1190.0,2026-06-07 08:00:00
TXN006719,ACC_NORMAL_809,ACC_NORMAL_931,7861.0,2026-03-30 13:00:00
TXN006720,ACC_NORMAL_981,ACC_NORMAL_921,8229.0,2026-06-25 15:00:00
TXN006721,ACC_NORMAL_798,ACC_NORMAL_143,4800.0,2026-03-28 08:00:00
TXN006722,ACC_NORMAL_573,ACC_NORMAL_853,3249.0,2026-07-14 01:00:00
TXN006723,ACC_NORMAL_133,ACC_NORMAL_321,5616.0,2026-05-30 14:00:00
TXN006724,ACC_NORMAL_658,ACC_NORMAL_373,614.0,2026-06-05 23:00:00
TXN006725,ACC_NORMAL_337,ACC_NORMAL_302,1034.0,2026-07-13 07:00:00
TXN006726,ACC_NORMAL_120,ACC_NORMAL_311,9585.0,2026-06-21 21:00:00
TXN006727,ACC_NORMAL_534,ACC_NORMAL_844,7329.0,2026-05-08 08:00:00
TXN006728,ACC_NORMAL_217,ACC_NORMAL_517,8054.0,2026-04-25 14:00:00
TXN006729,ACC_NORMAL_977,ACC_NORMAL_230,299.0,2026-06-05 16:00:00
TXN006730,ACC_NORMAL_723,ACC_NORMAL_327,761.0,2026-05-13 13:00:00
TXN006731,ACC_NORMAL_800,ACC_NORMAL_618,490.0,2026-04-27 11:00:00
TXN006732,ACC_NORMAL_243,ACC_NORMAL_962,1742.0,2026-05-10 12:00:00
TXN006733,ACC_NORMAL_509,ACC_NORMAL_301,896.0,2026-05-11 05:00:00
TXN006734,ACC_NORMAL_69,ACC_NORMAL_340,1314.0,2026-05-16 16:00:00
TXN006735,ACC_NORMAL_342,ACC_NORMAL_120,3488.0,2026-04-21 21:00:00
TXN006736,ACC_NORMAL_647,ACC_NORMAL_757,6975.0,2026-06-10 04:00:00
TXN006737,ACC_NORMAL_936,ACC_NORMAL_799,7356.0,2026-05-30 20:00:00
TXN006738,ACC_NORMAL_182,ACC_NORMAL_794,2020.0,2026-06-03 08:00:00
TXN006739,ACC_NORMAL_992,ACC_NORMAL_288,2193.0,2026-06-25 23:00:00
TXN006740,ACC_NORMAL_561,ACC_NORMAL_992,2337.0,2026-04-20 20:00:00
TXN006741,ACC_NORMAL_139,ACC_NORMAL_352,768.0,2026-04-16 18:00:00
TXN006742,ACC_NORMAL_912,ACC_NORMAL_744,5987.0,2026-06-07 12:00:00
TXN006743,ACC_NORMAL_783,ACC_NORMAL_969,4756.0,2026-03-17 05:00:00
TXN006744,ACC_NORMAL_86,ACC_NORMAL_431,5798.0,2026-05-02 00:00:00
TXN006745,ACC_NORMAL_733,ACC_NORMAL_489,3440.0,2026-04-18 10:00:00
TXN006746,ACC_NORMAL_756,ACC_NORMAL_6,6936.0,2026-04-06 18:00:00
TXN006747,ACC_NORMAL_560,ACC_NORMAL_415,7673.0,2026-04-11 12:00:00
TXN006748,ACC_NORMAL_194,ACC_NORMAL_685,6301.0,2026-04-09 14:00:00
TXN006749,ACC_NORMAL_13,ACC_NORMAL_436,8424.0,2026-04-29 23:00:00
TXN006750,ACC_NORMAL_162,ACC_NORMAL_545,6665.0,2026-07-05 23:00:00
TXN006751,ACC_NORMAL_537,ACC_NORMAL_756,4626.0,2026-06-26 11:00:00
TXN006752,ACC_NORMAL_920,ACC_NORMAL_22,9192.0,2026-06-25 14:00:00
TXN006753,ACC_NORMAL_137,ACC_NORMAL_988,424.0,2026-04-04 03:00:00
TXN006754,ACC_NORMAL_699,ACC_NORMAL_378,9850.0,2026-06-13 10:00:00
TXN006755,ACC_NORMAL_331,ACC_NORMAL_972,9695.0,2026-06-12 17:00:00
TXN006756,ACC_NORMAL_807,ACC_NORMAL_60,6779.0,2026-06-04 18:00:00
TXN006757,ACC_NORMAL_366,ACC_NORMAL_825,6808.0,2026-05-09 12:00:00
TXN006758,ACC_NORMAL_95,ACC_NORMAL_437,7039.0,2026-06-16 17:00:00
TXN006759,ACC_NORMAL_912,ACC_NORMAL_718,8043.0,2026-05-18 21:00:00
TXN006760,ACC_NORMAL_89,ACC_NORMAL_137,3753.0,2026-04-09 09:00:00
TXN006761,ACC_NORMAL_795,ACC_NORMAL_732,9103.0,2026-05-07 13:00:00
TXN006762,ACC_NORMAL_932,ACC_NORMAL_320,4984.0,2026-06-29 09:00:00
TXN006763,ACC_NORMAL_730,ACC_NORMAL_795,3368.0,2026-03-16 18:00:00
TXN006764,ACC_NORMAL_847,ACC_NORMAL_673,1814.0,2026-05-04 11:00:00
TXN006765,ACC_NORMAL_188,ACC_NORMAL_486,9116.0,2026-06-24 19:00:00
TXN006766,ACC_NORMAL_753,ACC_NORMAL_561,6838.0,2026-05-02 05:00:00
TXN006767,ACC_NORMAL_178,ACC_NORMAL_546,9558.0,2026-03-20 18:00:00
TXN006768,ACC_NORMAL_671,ACC_NORMAL_826,5130.0,2026-06-07 03:00:00
TXN006769,ACC_NORMAL_512,ACC_NORMAL_169,6095.0,2026-07-16 07:00:00
TXN006770,ACC_NORMAL_230,ACC_NORMAL_671,1283.0,2026-07-14 11:00:00
TXN006771,ACC_NORMAL_534,ACC_NORMAL_711,6598.0,2026-05-11 14:00:00
TXN006772,ACC_NORMAL_464,ACC_NORMAL_778,1263.0,2026-06-22 19:00:00
TXN006773,ACC_NORMAL_713,ACC_NORMAL_389,6803.0,2026-04-17 07:00:00
TXN006774,ACC_NORMAL_942,ACC_NORMAL_168,2352.0,2026-04-05 05:00:00
TXN006775,ACC_NORMAL_910,ACC_NORMAL_586,6027.0,2026-07-12 06:00:00
TXN006776,ACC_NORMAL_551,ACC_NORMAL_577,5705.0,2026-06-12 19:00:00
TXN006777,ACC_NORMAL_393,ACC_NORMAL_879,8861.0,2026-06-28 11:00:00
TXN006778,ACC_NORMAL_209,ACC_NORMAL_682,7098.0,2026-05-08 11:00:00
TXN006779,ACC_NORMAL_203,ACC_NORMAL_91,3478.0,2026-06-20 13:00:00
TXN006780,ACC_NORMAL_553,ACC_NORMAL_904,6412.0,2026-06-06 22:00:00
TXN006781,ACC_NORMAL_34,ACC_NORMAL_794,9786.0,2026-03-30 01:00:00
TXN006782,ACC_NORMAL_165,ACC_NORMAL_352,9039.0,2026-07-22 02:00:00
TXN006783,ACC_NORMAL_202,ACC_NORMAL_427,2662.0,2026-04-12 14:00:00
TXN006784,ACC_NORMAL_778,ACC_NORMAL_445,4198.0,2026-03-28 11:00:00
TXN006785,ACC_NORMAL_279,ACC_NORMAL_108,9807.0,2026-07-18 15:00:00
TXN006786,ACC_NORMAL_129,ACC_NORMAL_98,6237.0,2026-06-15 08:00:00
TXN006787,ACC_NORMAL_453,ACC_NORMAL_425,6587.0,2026-05-04 05:00:00
TXN006788,ACC_NORMAL_524,ACC_NORMAL_406,8988.0,2026-07-24 22:00:00
TXN006789,ACC_NORMAL_967,ACC_NORMAL_177,4047.0,2026-04-22 01:00:00
TXN006790,ACC_NORMAL_721,ACC_NORMAL_565,3382.0,2026-07-25 05:00:00
TXN006791,ACC_NORMAL_586,ACC_NORMAL_918,4314.0,2026-07-09 02:00:00
TXN006792,ACC_NORMAL_616,ACC_NORMAL_796,7040.0,2026-05-24 04:00:00
TXN006793,ACC_NORMAL_397,ACC_NORMAL_885,2648.0,2026-06-10 18:00:00
TXN006794,ACC_NORMAL_293,ACC_NORMAL_88,8409.0,2026-04-13 13:00:00
TXN006795,ACC_NORMAL_292,ACC_NORMAL_57,8663.0,2026-06-25 15:00:00
TXN006796,ACC_NORMAL_707,ACC_NORMAL_319,3110.0,2026-04-26 15:00:00
TXN006797,ACC_NORMAL_116,ACC_NORMAL_712,8549.0,2026-06-11 03:00:00
TXN006798,ACC_NORMAL_500,ACC_NORMAL_14,3501.0,2026-06-07 23:00:00
TXN006799,ACC_NORMAL_447,ACC_NORMAL_515,1053.0,2026-03-08 06:00:00
TXN006800,ACC_NORMAL_766,ACC_NORMAL_845,8002.0,2026-05-25 11:00:00
TXN006801,ACC_NORMAL_428,ACC_NORMAL_30,6124.0,2026-05-28 20:00:00
TXN006802,ACC_NORMAL_849,ACC_NORMAL_927,3030.0,2026-06-17 05:00:00
TXN006803,ACC_NORMAL_906,ACC_NORMAL_454,9791.0,2026-05-03 19:00:00
TXN006804,ACC_NORMAL_648,ACC_NORMAL_977,7524.0,2026-05-06 03:00:00
TXN006805,ACC_NORMAL_602,ACC_NORMAL_829,8944.0,2026-04-23 04:00:00
TXN006806,ACC_NORMAL_688,ACC_NORMAL_928,2557.0,2026-04-24 05:00:00
TXN006807,ACC_NORMAL_619,ACC_NORMAL_989,2101.0,2026-05-26 00:00:00
TXN006808,ACC_NORMAL_103,ACC_NORMAL_664,3300.0,2026-05-24 08:00:00
TXN006809,ACC_NORMAL_843,ACC_NORMAL_110,711.0,2026-07-26 16:00:00
TXN006810,ACC_NORMAL_998,ACC_NORMAL_119,8347.0,2026-04-29 04:00:00
TXN006811,ACC_NORMAL_806,ACC_NORMAL_655,851.0,2026-04-01 05:00:00
TXN006812,ACC_NORMAL_113,ACC_NORMAL_35,7120.0,2026-05-24 13:00:00
TXN006813,ACC_NORMAL_493,ACC_NORMAL_102,9665.0,2026-06-18 09:00:00
TXN006814,ACC_NORMAL_589,ACC_NORMAL_29,3227.0,2026-06-11 20:00:00
TXN006815,ACC_NORMAL_436,ACC_NORMAL_256,1809.0,2026-06-08 13:00:00
TXN006816,ACC_NORMAL_88,ACC_NORMAL_363,9084.0,2026-04-20 09:00:00
TXN006817,ACC_NORMAL_200,ACC_NORMAL_394,6505.0,2026-05-03 18:00:00
TXN006818,ACC_NORMAL_258,ACC_NORMAL_184,4737.0,2026-05-24 01:00:00
TXN006819,ACC_NORMAL_458,ACC_NORMAL_175,2305.0,2026-06-17 02:00:00
TXN006820,ACC_NORMAL_74,ACC_NORMAL_526,6103.0,2026-03-10 06:00:00
TXN006821,ACC_NORMAL_460,ACC_NORMAL_313,1726.0,2026-04-19 13:00:00
TXN006822,ACC_NORMAL_884,ACC_NORMAL_740,5385.0,2026-07-24 06:00:00
TXN006823,ACC_NORMAL_580,ACC_NORMAL_748,7635.0,2026-05-27 18:00:00
TXN006824,ACC_NORMAL_573,ACC_NORMAL_46,8276.0,2026-07-27 01:00:00
TXN006825,ACC_NORMAL_78,ACC_NORMAL_272,6347.0,2026-06-18 12:00:00
TXN006826,ACC_NORMAL_408,ACC_NORMAL_190,7663.0,2026-03-09 22:00:00
TXN006827,ACC_NORMAL_235,ACC_NORMAL_316,7058.0,2026-07-27 07:00:00
TXN006828,ACC_NORMAL_45,ACC_NORMAL_299,4853.0,2026-07-20 17:00:00
TXN006829,ACC_NORMAL_547,ACC_NORMAL_856,4028.0,2026-03-29 22:00:00
TXN006830,ACC_NORMAL_725,ACC_NORMAL_665,6540.0,2026-04-15 20:00:00
TXN006831,ACC_NORMAL_716,ACC_NORMAL_344,9003.0,2026-03-26 23:00:00
TXN006832,ACC_NORMAL_299,ACC_NORMAL_410,3291.0,2026-05-28 07:00:00
TXN006833,ACC_NORMAL_389,ACC_NORMAL_59,8957.0,2026-03-13 14:00:00
TXN006834,ACC_NORMAL_981,ACC_NORMAL_327,3903.0,2026-07-09 21:00:00
TXN006835,ACC_NORMAL_791,ACC_NORMAL_477,3424.0,2026-07-16 15:00:00
TXN006836,ACC_NORMAL_646,ACC_NORMAL_912,3656.0,2026-04-26 16:00:00
TXN006837,ACC_NORMAL_901,ACC_NORMAL_518,1699.0,2026-05-05 19:00:00
TXN006838,ACC_NORMAL_323,ACC_NORMAL_911,2041.0,2026-03-10 15:00:00
TXN006839,ACC_NORMAL_432,ACC_NORMAL_799,2811.0,2026-03-16 01:00:00
TXN006840,ACC_NORMAL_422,ACC_NORMAL_528,4597.0,2026-05-24 20:00:00
TXN006841,ACC_NORMAL_146,ACC_NORMAL_458,8292.0,2026-07-13 10:00:00
TXN006842,ACC_NORMAL_21,ACC_NORMAL_131,5893.0,2026-05-05 19:00:00
TXN006843,ACC_NORMAL_907,ACC_NORMAL_961,1342.0,2026-04-28 00:00:00
TXN006844,ACC_NORMAL_223,ACC_NORMAL_752,1283.0,2026-03-15 02:00:00
TXN006845,ACC_NORMAL_268,ACC_NORMAL_698,7200.0,2026-06-12 06:00:00
TXN006846,ACC_NORMAL_360,ACC_NORMAL_469,4616.0,2026-03-18 12:00:00
TXN006847,ACC_NORMAL_313,ACC_NORMAL_272,6077.0,2026-05-16 22:00:00
TXN006848,ACC_NORMAL_411,ACC_NORMAL_748,9654.0,2026-06-20 00:00:00
TXN006849,ACC_NORMAL_283,ACC_NORMAL_480,7526.0,2026-06-14 15:00:00
TXN006850,ACC_NORMAL_602,ACC_NORMAL_321,6484.0,2026-05-08 06:00:00
TXN006851,ACC_NORMAL_297,ACC_NORMAL_445,633.0,2026-06-02 16:00:00
TXN006852,ACC_NORMAL_227,ACC_NORMAL_422,4418.0,2026-05-31 20:00:00
TXN006853,ACC_NORMAL_515,ACC_NORMAL_460,5647.0,2026-05-04 14:00:00
TXN006854,ACC_NORMAL_680,ACC_NORMAL_95,3573.0,2026-03-31 07:00:00
TXN006855,ACC_NORMAL_81,ACC_NORMAL_438,9428.0,2026-07-18 03:00:00
TXN006856,ACC_NORMAL_349,ACC_NORMAL_807,5225.0,2026-05-19 05:00:00
TXN006857,ACC_NORMAL_626,ACC_NORMAL_64,649.0,2026-03-14 18:00:00
TXN006858,ACC_NORMAL_89,ACC_NORMAL_82,8399.0,2026-05-11 07:00:00
TXN006859,ACC_NORMAL_163,ACC_NORMAL_681,5538.0,2026-05-02 22:00:00
TXN006860,ACC_NORMAL_802,ACC_NORMAL_317,4597.0,2026-03-11 21:00:00
TXN006861,ACC_NORMAL_81,ACC_NORMAL_864,6332.0,2026-05-01 07:00:00
TXN006862,ACC_NORMAL_645,ACC_NORMAL_205,3611.0,2026-04-15 23:00:00
TXN006863,ACC_NORMAL_271,ACC_NORMAL_113,4498.0,2026-07-07 22:00:00
TXN006864,ACC_NORMAL_769,ACC_NORMAL_257,3207.0,2026-07-08 23:00:00
TXN006865,ACC_NORMAL_670,ACC_NORMAL_695,5478.0,2026-05-13 05:00:00
TXN006866,ACC_NORMAL_37,ACC_NORMAL_19,2918.0,2026-05-12 19:00:00
TXN006867,ACC_NORMAL_344,ACC_NORMAL_541,2379.0,2026-07-11 10:00:00
TXN006868,ACC_NORMAL_539,ACC_NORMAL_249,3809.0,2026-07-27 15:00:00
TXN006869,ACC_NORMAL_201,ACC_NORMAL_633,1849.0,2026-05-29 15:00:00
TXN006870,ACC_NORMAL_355,ACC_NORMAL_856,1372.0,2026-07-01 19:00:00
TXN006871,ACC_NORMAL_588,ACC_NORMAL_605,4253.0,2026-06-23 21:00:00
TXN006872,ACC_NORMAL_783,ACC_NORMAL_797,7974.0,2026-03-29 00:00:00
TXN006873,ACC_NORMAL_119,ACC_NORMAL_711,6374.0,2026-07-05 06:00:00
TXN006874,ACC_NORMAL_1,ACC_NORMAL_458,4205.0,2026-06-03 17:00:00
TXN006875,ACC_NORMAL_974,ACC_NORMAL_421,1314.0,2026-07-14 19:00:00
TXN006876,ACC_NORMAL_889,ACC_NORMAL_372,3917.0,2026-03-07 14:00:00
TXN006877,ACC_NORMAL_69,ACC_NORMAL_465,364.0,2026-03-20 20:00:00
TXN006878,ACC_NORMAL_643,ACC_NORMAL_410,3777.0,2026-06-30 04:00:00
TXN006879,ACC_NORMAL_257,ACC_NORMAL_516,2283.0,2026-07-14 03:00:00
TXN006880,ACC_NORMAL_84,ACC_NORMAL_559,7690.0,2026-04-14 12:00:00
TXN006881,ACC_NORMAL_36,ACC_NORMAL_441,8177.0,2026-07-27 05:00:00
TXN006882,ACC_NORMAL_636,ACC_NORMAL_398,6714.0,2026-03-31 05:00:00
TXN006883,ACC_NORMAL_606,ACC_NORMAL_435,699.0,2026-03-30 22:00:00
TXN006884,ACC_NORMAL_714,ACC_NORMAL_304,490.0,2026-06-09 12:00:00
TXN006885,ACC_NORMAL_264,ACC_NORMAL_311,3675.0,2026-05-07 07:00:00
TXN006886,ACC_NORMAL_872,ACC_NORMAL_426,725.0,2026-06-25 17:00:00
TXN006887,ACC_NORMAL_193,ACC_NORMAL_883,1379.0,2026-04-06 04:00:00
TXN006888,ACC_NORMAL_812,ACC_NORMAL_712,819.0,2026-04-11 01:00:00
TXN006889,ACC_NORMAL_857,ACC_NORMAL_18,7625.0,2026-04-27 22:00:00
TXN006890,ACC_NORMAL_919,ACC_NORMAL_879,7240.0,2026-03-24 15:00:00
TXN006891,ACC_NORMAL_906,ACC_NORMAL_934,9746.0,2026-05-26 09:00:00
TXN006892,ACC_NORMAL_902,ACC_NORMAL_440,736.0,2026-06-21 06:00:00
TXN006893,ACC_NORMAL_644,ACC_NORMAL_710,4815.0,2026-03-22 12:00:00
TXN006894,ACC_NORMAL_295,ACC_NORMAL_486,558.0,2026-04-16 20:00:00
TXN006895,ACC_NORMAL_519,ACC_NORMAL_887,5228.0,2026-07-21 21:00:00
TXN006896,ACC_NORMAL_44,ACC_NORMAL_901,1863.0,2026-07-25 12:00:00
TXN006897,ACC_NORMAL_465,ACC_NORMAL_294,8254.0,2026-04-30 16:00:00
TXN006898,ACC_NORMAL_770,ACC_NORMAL_286,9437.0,2026-07-19 14:00:00
TXN006899,ACC_NORMAL_661,ACC_NORMAL_790,5376.0,2026-07-26 22:00:00
TXN006900,ACC_NORMAL_313,ACC_NORMAL_665,7233.0,2026-04-28 18:00:00
TXN006901,ACC_NORMAL_432,ACC_NORMAL_240,4971.0,2026-05-17 11:00:00
TXN006902,ACC_NORMAL_391,ACC_NORMAL_576,1158.0,2026-07-01 03:00:00
TXN006903,ACC_NORMAL_497,ACC_NORMAL_859,4976.0,2026-04-29 02:00:00
TXN006904,ACC_NORMAL_197,ACC_NORMAL_375,2716.0,2026-04-10 12:00:00
TXN006905,ACC_NORMAL_22,ACC_NORMAL_739,5398.0,2026-07-26 10:00:00
TXN006906,ACC_NORMAL_831,ACC_NORMAL_472,6264.0,2026-04-05 12:00:00
TXN006907,ACC_NORMAL_370,ACC_NORMAL_82,1546.0,2026-06-11 13:00:00
TXN006908,ACC_NORMAL_686,ACC_NORMAL_286,6179.0,2026-04-14 15:00:00
TXN006909,ACC_NORMAL_164,ACC_NORMAL_140,9918.0,2026-05-26 19:00:00
TXN006910,ACC_NORMAL_62,ACC_NORMAL_477,218.0,2026-05-12 09:00:00
TXN006911,ACC_NORMAL_362,ACC_NORMAL_12,1752.0,2026-03-07 12:00:00
TXN006912,ACC_NORMAL_84,ACC_NORMAL_8,9699.0,2026-03-20 15:00:00
TXN006913,ACC_NORMAL_501,ACC_NORMAL_149,8844.0,2026-03-29 17:00:00
TXN006914,ACC_NORMAL_218,ACC_NORMAL_56,6324.0,2026-06-17 09:00:00
TXN006915,ACC_NORMAL_181,ACC_NORMAL_192,1160.0,2026-06-04 16:00:00
TXN006916,ACC_NORMAL_768,ACC_NORMAL_969,5554.0,2026-05-21 18:00:00
TXN006917,ACC_NORMAL_259,ACC_NORMAL_649,9643.0,2026-06-04 20:00:00
TXN006918,ACC_NORMAL_188,ACC_NORMAL_410,3841.0,2026-05-29 11:00:00
TXN006919,ACC_NORMAL_279,ACC_NORMAL_368,6875.0,2026-07-20 12:00:00
TXN006920,ACC_NORMAL_775,ACC_NORMAL_905,1755.0,2026-03-13 11:00:00
TXN006921,ACC_NORMAL_524,ACC_NORMAL_622,3839.0,2026-03-28 07:00:00
TXN006922,ACC_NORMAL_531,ACC_NORMAL_264,1243.0,2026-06-29 14:00:00
TXN006923,ACC_NORMAL_611,ACC_NORMAL_152,5372.0,2026-05-28 18:00:00
TXN006924,ACC_NORMAL_66,ACC_NORMAL_425,7785.0,2026-03-20 06:00:00
TXN006925,ACC_NORMAL_979,ACC_NORMAL_584,8831.0,2026-03-12 09:00:00
TXN006926,ACC_NORMAL_419,ACC_NORMAL_500,342.0,2026-06-29 22:00:00
TXN006927,ACC_NORMAL_879,ACC_NORMAL_827,6597.0,2026-07-23 18:00:00
TXN006928,ACC_NORMAL_652,ACC_NORMAL_779,5451.0,2026-03-07 13:00:00
TXN006929,ACC_NORMAL_671,ACC_NORMAL_122,4083.0,2026-04-14 12:00:00
TXN006930,ACC_NORMAL_12,ACC_NORMAL_483,7204.0,2026-07-01 18:00:00
TXN006931,ACC_NORMAL_698,ACC_NORMAL_754,1882.0,2026-03-15 14:00:00
TXN006932,ACC_NORMAL_52,ACC_NORMAL_704,5376.0,2026-05-17 06:00:00
TXN006933,ACC_NORMAL_267,ACC_NORMAL_511,6745.0,2026-05-12 11:00:00
TXN006934,ACC_NORMAL_866,ACC_NORMAL_126,7631.0,2026-04-06 00:00:00
TXN006935,ACC_NORMAL_579,ACC_NORMAL_195,5779.0,2026-06-21 15:00:00
TXN006936,ACC_NORMAL_763,ACC_NORMAL_256,5531.0,2026-07-18 00:00:00
TXN006937,ACC_NORMAL_447,ACC_NORMAL_858,9974.0,2026-06-09 08:00:00
TXN006938,ACC_NORMAL_786,ACC_NORMAL_339,108.0,2026-05-31 05:00:00
TXN006939,ACC_NORMAL_319,ACC_NORMAL_584,6114.0,2026-03-31 09:00:00
TXN006940,ACC_NORMAL_280,ACC_NORMAL_76,3957.0,2026-05-30 01:00:00
TXN006941,ACC_NORMAL_654,ACC_NORMAL_116,5477.0,2026-04-23 19:00:00
TXN006942,ACC_NORMAL_551,ACC_NORMAL_690,7534.0,2026-06-09 00:00:00
TXN006943,ACC_NORMAL_666,ACC_NORMAL_789,3050.0,2026-07-23 02:00:00
TXN006944,ACC_NORMAL_4,ACC_NORMAL_76,5506.0,2026-03-28 03:00:00
TXN006945,ACC_NORMAL_97,ACC_NORMAL_511,6138.0,2026-05-28 15:00:00
TXN006946,ACC_NORMAL_892,ACC_NORMAL_333,1650.0,2026-03-10 02:00:00
TXN006947,ACC_NORMAL_738,ACC_NORMAL_535,6463.0,2026-07-07 19:00:00
TXN006948,ACC_NORMAL_465,ACC_NORMAL_901,6471.0,2026-06-02 22:00:00
TXN006949,ACC_NORMAL_145,ACC_NORMAL_487,9625.0,2026-04-10 23:00:00
TXN006950,ACC_NORMAL_304,ACC_NORMAL_918,9887.0,2026-05-26 06:00:00
TXN006951,ACC_NORMAL_42,ACC_NORMAL_160,4952.0,2026-03-17 22:00:00
TXN006952,ACC_NORMAL_836,ACC_NORMAL_712,5399.0,2026-04-16 23:00:00
TXN006953,ACC_NORMAL_984,ACC_NORMAL_145,5041.0,2026-07-20 07:00:00
TXN006954,ACC_NORMAL_820,ACC_NORMAL_975,199.0,2026-05-16 02:00:00
TXN006955,ACC_NORMAL_249,ACC_NORMAL_589,642.0,2026-03-10 13:00:00
TXN006956,ACC_NORMAL_741,ACC_NORMAL_642,7807.0,2026-04-20 09:00:00
TXN006957,ACC_NORMAL_474,ACC_NORMAL_227,4864.0,2026-07-14 07:00:00
TXN006958,ACC_NORMAL_277,ACC_NORMAL_556,8697.0,2026-04-02 22:00:00
TXN006959,ACC_NORMAL_939,ACC_NORMAL_704,1729.0,2026-06-21 05:00:00
TXN006960,ACC_NORMAL_747,ACC_NORMAL_547,802.0,2026-03-17 12:00:00
TXN006961,ACC_NORMAL_698,ACC_NORMAL_160,8433.0,2026-04-30 18:00:00
TXN006962,ACC_NORMAL_957,ACC_NORMAL_611,342.0,2026-07-09 10:00:00
TXN006963,ACC_NORMAL_566,ACC_NORMAL_476,9138.0,2026-03-22 16:00:00
TXN006964,ACC_NORMAL_27,ACC_NORMAL_302,1339.0,2026-03-28 00:00:00
TXN006965,ACC_NORMAL_361,ACC_NORMAL_955,1937.0,2026-03-11 22:00:00
TXN006966,ACC_NORMAL_854,ACC_NORMAL_855,927.0,2026-07-08 01:00:00
TXN006967,ACC_NORMAL_406,ACC_NORMAL_580,2540.0,2026-06-06 20:00:00
TXN006968,ACC_NORMAL_654,ACC_NORMAL_581,5977.0,2026-06-25 03:00:00
TXN006969,ACC_NORMAL_173,ACC_NORMAL_538,8384.0,2026-03-05 16:00:00
TXN006970,ACC_NORMAL_359,ACC_NORMAL_75,4345.0,2026-03-13 12:00:00
TXN006971,ACC_NORMAL_468,ACC_NORMAL_498,8278.0,2026-06-14 19:00:00
TXN006972,ACC_NORMAL_381,ACC_NORMAL_893,8588.0,2026-04-22 06:00:00
TXN006973,ACC_NORMAL_28,ACC_NORMAL_992,9913.0,2026-06-05 17:00:00
TXN006974,ACC_NORMAL_224,ACC_NORMAL_152,9176.0,2026-04-22 09:00:00
TXN006975,ACC_NORMAL_544,ACC_NORMAL_479,3606.0,2026-05-04 16:00:00
TXN006976,ACC_NORMAL_275,ACC_NORMAL_101,9583.0,2026-06-12 17:00:00
TXN006977,ACC_NORMAL_336,ACC_NORMAL_919,7687.0,2026-07-01 23:00:00
TXN006978,ACC_NORMAL_834,ACC_NORMAL_944,6348.0,2026-03-15 17:00:00
TXN006979,ACC_NORMAL_426,ACC_NORMAL_129,1527.0,2026-06-03 20:00:00
TXN006980,ACC_NORMAL_542,ACC_NORMAL_171,1733.0,2026-06-16 19:00:00
TXN006981,ACC_NORMAL_544,ACC_NORMAL_217,1684.0,2026-07-15 20:00:00
TXN006982,ACC_NORMAL_720,ACC_NORMAL_154,1936.0,2026-07-04 04:00:00
TXN006983,ACC_NORMAL_250,ACC_NORMAL_22,4984.0,2026-03-20 14:00:00
TXN006984,ACC_NORMAL_556,ACC_NORMAL_677,1877.0,2026-04-17 11:00:00
TXN006985,ACC_NORMAL_255,ACC_NORMAL_404,6609.0,2026-07-20 23:00:00
TXN006986,ACC_NORMAL_671,ACC_NORMAL_749,8633.0,2026-06-04 05:00:00
TXN006987,ACC_NORMAL_562,ACC_NORMAL_189,5014.0,2026-04-02 03:00:00
TXN006988,ACC_NORMAL_572,ACC_NORMAL_688,119.0,2026-03-21 13:00:00
TXN006989,ACC_NORMAL_831,ACC_NORMAL_976,1134.0,2026-04-15 00:00:00
TXN006990,ACC_NORMAL_607,ACC_NORMAL_413,865.0,2026-06-26 20:00:00
TXN006991,ACC_NORMAL_633,ACC_NORMAL_245,684.0,2026-07-15 15:00:00
TXN006992,ACC_NORMAL_273,ACC_NORMAL_234,2216.0,2026-07-05 13:00:00
TXN006993,ACC_NORMAL_286,ACC_NORMAL_642,8231.0,2026-04-26 20:00:00
TXN006994,ACC_NORMAL_672,ACC_NORMAL_288,8148.0,2026-05-21 08:00:00
TXN006995,ACC_NORMAL_538,ACC_NORMAL_336,1194.0,2026-04-13 10:00:00
TXN006996,ACC_NORMAL_259,ACC_NORMAL_549,3922.0,2026-05-08 01:00:00
TXN006997,ACC_NORMAL_446,ACC_NORMAL_133,8117.0,2026-05-28 18:00:00
TXN006998,ACC_NORMAL_25,ACC_NORMAL_523,2599.0,2026-03-05 23:00:00
TXN006999,ACC_NORMAL_322,ACC_NORMAL_664,7487.0,2026-03-09 14:00:00
TXN007000,ACC_NORMAL_309,ACC_NORMAL_134,215.0,2026-04-07 05:00:00
TXN007001,ACC_NORMAL_895,ACC_NORMAL_190,6057.0,2026-07-23 15:00:00
TXN007002,ACC_NORMAL_940,ACC_NORMAL_373,2789.0,2026-07-01 05:00:00
TXN007003,ACC_NORMAL_868,ACC_NORMAL_426,1560.0,2026-07-26 04:00:00
TXN007004,ACC_NORMAL_28,ACC_NORMAL_636,3317.0,2026-05-02 20:00:00
TXN007005,ACC_NORMAL_325,ACC_NORMAL_585,8900.0,2026-05-06 20:00:00
TXN007006,ACC_NORMAL_784,ACC_NORMAL_470,4641.0,2026-07-09 10:00:00
TXN007007,ACC_NORMAL_282,ACC_NORMAL_802,7513.0,2026-03-25 09:00:00
TXN007008,ACC_NORMAL_906,ACC_NORMAL_35,4596.0,2026-06-01 05:00:00
TXN007009,ACC_NORMAL_885,ACC_NORMAL_968,5572.0,2026-04-03 10:00:00
TXN007010,ACC_NORMAL_786,ACC_NORMAL_427,3007.0,2026-07-16 20:00:00
TXN007011,ACC_NORMAL_178,ACC_NORMAL_987,6252.0,2026-07-23 21:00:00
TXN007012,ACC_NORMAL_184,ACC_NORMAL_597,8625.0,2026-03-13 19:00:00
TXN007013,ACC_NORMAL_301,ACC_NORMAL_768,7854.0,2026-05-07 23:00:00
TXN007014,ACC_NORMAL_42,ACC_NORMAL_601,3647.0,2026-04-07 12:00:00
TXN007015,ACC_NORMAL_126,ACC_NORMAL_485,2252.0,2026-07-16 23:00:00
TXN007016,ACC_NORMAL_386,ACC_NORMAL_219,3071.0,2026-06-10 14:00:00
TXN007017,ACC_NORMAL_959,ACC_NORMAL_56,7145.0,2026-07-08 10:00:00
TXN007018,ACC_NORMAL_794,ACC_NORMAL_535,657.0,2026-04-04 11:00:00
TXN007019,ACC_NORMAL_734,ACC_NORMAL_900,1534.0,2026-04-24 18:00:00
TXN007020,ACC_NORMAL_252,ACC_NORMAL_63,6943.0,2026-06-25 02:00:00
TXN007021,ACC_NORMAL_336,ACC_NORMAL_793,9291.0,2026-06-30 10:00:00
TXN007022,ACC_NORMAL_382,ACC_NORMAL_953,2343.0,2026-06-12 22:00:00
TXN007023,ACC_NORMAL_52,ACC_NORMAL_878,9756.0,2026-03-15 09:00:00
TXN007024,ACC_NORMAL_14,ACC_NORMAL_72,2049.0,2026-04-18 02:00:00
TXN007025,ACC_NORMAL_455,ACC_NORMAL_960,5965.0,2026-06-22 13:00:00
TXN007026,ACC_NORMAL_609,ACC_NORMAL_26,895.0,2026-04-20 12:00:00
TXN007027,ACC_NORMAL_843,ACC_NORMAL_120,177.0,2026-05-28 12:00:00
TXN007028,ACC_NORMAL_231,ACC_NORMAL_847,141.0,2026-05-24 03:00:00
TXN007029,ACC_NORMAL_862,ACC_NORMAL_957,5048.0,2026-03-05 13:00:00
TXN007030,ACC_NORMAL_897,ACC_NORMAL_433,2422.0,2026-03-17 17:00:00
TXN007031,ACC_NORMAL_144,ACC_NORMAL_458,1705.0,2026-03-06 10:00:00
TXN007032,ACC_NORMAL_941,ACC_NORMAL_906,3397.0,2026-04-28 12:00:00
TXN007033,ACC_NORMAL_20,ACC_NORMAL_440,6378.0,2026-03-12 16:00:00
TXN007034,ACC_NORMAL_10,ACC_NORMAL_233,6818.0,2026-06-22 19:00:00
TXN007035,ACC_NORMAL_39,ACC_NORMAL_454,4701.0,2026-06-13 10:00:00
TXN007036,ACC_NORMAL_518,ACC_NORMAL_785,2363.0,2026-03-07 10:00:00
TXN007037,ACC_NORMAL_812,ACC_NORMAL_690,6400.0,2026-06-24 01:00:00
TXN007038,ACC_NORMAL_111,ACC_NORMAL_548,9134.0,2026-07-19 14:00:00
TXN007039,ACC_NORMAL_239,ACC_NORMAL_995,8966.0,2026-06-03 08:00:00
TXN007040,ACC_NORMAL_809,ACC_NORMAL_417,4354.0,2026-04-09 18:00:00
TXN007041,ACC_NORMAL_346,ACC_NORMAL_724,851.0,2026-07-10 19:00:00
TXN007042,ACC_NORMAL_2,ACC_NORMAL_50,9018.0,2026-07-25 23:00:00
TXN007043,ACC_NORMAL_146,ACC_NORMAL_414,7277.0,2026-04-13 20:00:00
TXN007044,ACC_NORMAL_299,ACC_NORMAL_577,5773.0,2026-03-05 18:00:00
TXN007045,ACC_NORMAL_819,ACC_NORMAL_484,6572.0,2026-03-09 04:00:00
TXN007046,ACC_NORMAL_136,ACC_NORMAL_726,1016.0,2026-06-23 16:00:00
TXN007047,ACC_NORMAL_671,ACC_NORMAL_801,6615.0,2026-04-19 00:00:00
TXN007048,ACC_NORMAL_924,ACC_NORMAL_914,7331.0,2026-06-08 02:00:00
TXN007049,ACC_NORMAL_951,ACC_NORMAL_940,3794.0,2026-04-07 12:00:00
TXN007050,ACC_NORMAL_956,ACC_NORMAL_396,6770.0,2026-06-15 10:00:00
TXN007051,ACC_NORMAL_171,ACC_NORMAL_167,9533.0,2026-05-28 11:00:00
TXN007052,ACC_NORMAL_726,ACC_NORMAL_695,1986.0,2026-06-15 17:00:00
TXN007053,ACC_NORMAL_465,ACC_NORMAL_460,2571.0,2026-07-02 23:00:00
TXN007054,ACC_NORMAL_824,ACC_NORMAL_22,1466.0,2026-07-09 17:00:00
TXN007055,ACC_NORMAL_754,ACC_NORMAL_679,127.0,2026-03-07 05:00:00
TXN007056,ACC_NORMAL_833,ACC_NORMAL_964,1291.0,2026-04-08 01:00:00
TXN007057,ACC_NORMAL_618,ACC_NORMAL_830,5431.0,2026-05-15 04:00:00
TXN007058,ACC_NORMAL_725,ACC_NORMAL_17,9492.0,2026-04-19 19:00:00
TXN007059,ACC_NORMAL_565,ACC_NORMAL_808,4541.0,2026-04-24 07:00:00
TXN007060,ACC_NORMAL_65,ACC_NORMAL_585,9334.0,2026-06-18 09:00:00
TXN007061,ACC_NORMAL_114,ACC_NORMAL_373,2577.0,2026-04-10 22:00:00
TXN007062,ACC_NORMAL_658,ACC_NORMAL_646,8743.0,2026-07-07 01:00:00
TXN007063,ACC_NORMAL_791,ACC_NORMAL_423,8670.0,2026-04-22 18:00:00
TXN007064,ACC_NORMAL_821,ACC_NORMAL_185,9539.0,2026-04-07 01:00:00
TXN007065,ACC_NORMAL_437,ACC_NORMAL_882,7795.0,2026-03-24 03:00:00
TXN007066,ACC_NORMAL_989,ACC_NORMAL_58,6805.0,2026-07-24 16:00:00
TXN007067,ACC_NORMAL_544,ACC_NORMAL_35,4833.0,2026-07-14 08:00:00
TXN007068,ACC_NORMAL_942,ACC_NORMAL_821,6026.0,2026-05-28 05:00:00
TXN007069,ACC_NORMAL_912,ACC_NORMAL_177,5811.0,2026-04-06 15:00:00
TXN007070,ACC_NORMAL_785,ACC_NORMAL_362,349.0,2026-05-10 17:00:00
TXN007071,ACC_NORMAL_766,ACC_NORMAL_321,5553.0,2026-03-13 14:00:00
TXN007072,ACC_NORMAL_699,ACC_NORMAL_87,534.0,2026-04-23 02:00:00
TXN007073,ACC_NORMAL_673,ACC_NORMAL_262,3860.0,2026-04-25 10:00:00
TXN007074,ACC_NORMAL_643,ACC_NORMAL_736,7210.0,2026-05-22 09:00:00
TXN007075,ACC_NORMAL_702,ACC_NORMAL_237,8938.0,2026-07-08 09:00:00
TXN007076,ACC_NORMAL_43,ACC_NORMAL_733,7197.0,2026-07-22 21:00:00
TXN007077,ACC_NORMAL_666,ACC_NORMAL_61,1081.0,2026-07-23 01:00:00
TXN007078,ACC_NORMAL_213,ACC_NORMAL_259,9866.0,2026-05-04 03:00:00
TXN007079,ACC_NORMAL_689,ACC_NORMAL_401,2833.0,2026-04-17 23:00:00
TXN007080,ACC_NORMAL_208,ACC_NORMAL_248,4820.0,2026-06-17 12:00:00
TXN007081,ACC_NORMAL_452,ACC_NORMAL_818,5832.0,2026-03-20 09:00:00
TXN007082,ACC_NORMAL_735,ACC_NORMAL_348,616.0,2026-06-21 02:00:00
TXN007083,ACC_NORMAL_422,ACC_NORMAL_73,1094.0,2026-03-15 04:00:00
TXN007084,ACC_NORMAL_622,ACC_NORMAL_798,9633.0,2026-07-10 02:00:00
TXN007085,ACC_NORMAL_330,ACC_NORMAL_852,8406.0,2026-04-21 20:00:00
TXN007086,ACC_NORMAL_870,ACC_NORMAL_838,5393.0,2026-07-18 16:00:00
TXN007087,ACC_NORMAL_73,ACC_NORMAL_434,8345.0,2026-07-10 09:00:00
TXN007088,ACC_NORMAL_125,ACC_NORMAL_182,2788.0,2026-07-05 22:00:00
TXN007089,ACC_NORMAL_861,ACC_NORMAL_704,8263.0,2026-03-11 10:00:00
TXN007090,ACC_NORMAL_224,ACC_NORMAL_958,3857.0,2026-03-27 21:00:00
TXN007091,ACC_NORMAL_659,ACC_NORMAL_773,8399.0,2026-05-06 05:00:00
TXN007092,ACC_NORMAL_473,ACC_NORMAL_880,3695.0,2026-07-18 11:00:00
TXN007093,ACC_NORMAL_870,ACC_NORMAL_365,5706.0,2026-05-29 11:00:00
TXN007094,ACC_NORMAL_316,ACC_NORMAL_433,3472.0,2026-03-16 05:00:00
TXN007095,ACC_NORMAL_603,ACC_NORMAL_604,8932.0,2026-05-11 09:00:00
TXN007096,ACC_NORMAL_94,ACC_NORMAL_358,322.0,2026-07-22 20:00:00
TXN007097,ACC_NORMAL_904,ACC_NORMAL_276,8525.0,2026-04-10 15:00:00
TXN007098,ACC_NORMAL_124,ACC_NORMAL_667,5889.0,2026-05-31 20:00:00
TXN007099,ACC_NORMAL_271,ACC_NORMAL_228,6912.0,2026-06-06 09:00:00
TXN007100,ACC_NORMAL_263,ACC_NORMAL_891,5530.0,2026-03-28 23:00:00
TXN007101,ACC_NORMAL_301,ACC_NORMAL_167,6596.0,2026-03-24 15:00:00
TXN007102,ACC_NORMAL_684,ACC_NORMAL_154,6293.0,2026-06-14 14:00:00
TXN007103,ACC_NORMAL_497,ACC_NORMAL_363,7757.0,2026-03-17 05:00:00
TXN007104,ACC_NORMAL_883,ACC_NORMAL_825,4487.0,2026-05-30 18:00:00
TXN007105,ACC_NORMAL_852,ACC_NORMAL_656,4328.0,2026-05-11 09:00:00
TXN007106,ACC_NORMAL_573,ACC_NORMAL_618,6099.0,2026-05-30 21:00:00
TXN007107,ACC_NORMAL_688,ACC_NORMAL_168,9425.0,2026-03-18 17:00:00
TXN007108,ACC_NORMAL_427,ACC_NORMAL_931,4862.0,2026-05-23 12:00:00
TXN007109,ACC_NORMAL_386,ACC_NORMAL_36,2691.0,2026-05-01 08:00:00
TXN007110,ACC_NORMAL_240,ACC_NORMAL_392,2063.0,2026-04-03 11:00:00
TXN007111,ACC_NORMAL_60,ACC_NORMAL_937,4493.0,2026-06-07 01:00:00
TXN007112,ACC_NORMAL_978,ACC_NORMAL_607,8037.0,2026-04-16 15:00:00
TXN007113,ACC_NORMAL_219,ACC_NORMAL_49,2775.0,2026-03-12 01:00:00
TXN007114,ACC_NORMAL_441,ACC_NORMAL_62,8508.0,2026-04-05 00:00:00
TXN007115,ACC_NORMAL_568,ACC_NORMAL_258,2978.0,2026-04-08 03:00:00
TXN007116,ACC_NORMAL_123,ACC_NORMAL_387,571.0,2026-04-26 03:00:00
TXN007117,ACC_NORMAL_632,ACC_NORMAL_91,9064.0,2026-03-07 09:00:00
TXN007118,ACC_NORMAL_567,ACC_NORMAL_56,8524.0,2026-03-21 19:00:00
TXN007119,ACC_NORMAL_578,ACC_NORMAL_617,7703.0,2026-05-13 09:00:00
TXN007120,ACC_NORMAL_264,ACC_NORMAL_515,4874.0,2026-06-23 19:00:00
TXN007121,ACC_NORMAL_196,ACC_NORMAL_257,3455.0,2026-05-04 10:00:00
TXN007122,ACC_NORMAL_303,ACC_NORMAL_833,5034.0,2026-04-21 21:00:00
TXN007123,ACC_NORMAL_820,ACC_NORMAL_398,5540.0,2026-05-13 17:00:00
TXN007124,ACC_NORMAL_17,ACC_NORMAL_774,5412.0,2026-03-28 13:00:00
TXN007125,ACC_NORMAL_661,ACC_NORMAL_538,3867.0,2026-06-21 09:00:00
TXN007126,ACC_NORMAL_693,ACC_NORMAL_822,5331.0,2026-05-15 11:00:00
TXN007127,ACC_NORMAL_712,ACC_NORMAL_484,7010.0,2026-05-12 16:00:00
TXN007128,ACC_NORMAL_7,ACC_NORMAL_153,5785.0,2026-05-12 05:00:00
TXN007129,ACC_NORMAL_699,ACC_NORMAL_292,7133.0,2026-03-31 23:00:00
TXN007130,ACC_NORMAL_781,ACC_NORMAL_804,8406.0,2026-05-11 15:00:00
TXN007131,ACC_NORMAL_828,ACC_NORMAL_812,4686.0,2026-06-15 00:00:00
TXN007132,ACC_NORMAL_825,ACC_NORMAL_500,3897.0,2026-05-24 11:00:00
TXN007133,ACC_NORMAL_168,ACC_NORMAL_657,240.0,2026-05-27 02:00:00
TXN007134,ACC_NORMAL_202,ACC_NORMAL_982,913.0,2026-07-23 18:00:00
TXN007135,ACC_NORMAL_129,ACC_NORMAL_703,342.0,2026-03-15 18:00:00
TXN007136,ACC_NORMAL_762,ACC_NORMAL_51,6001.0,2026-03-26 11:00:00
TXN007137,ACC_NORMAL_896,ACC_NORMAL_464,5261.0,2026-06-04 16:00:00
TXN007138,ACC_NORMAL_674,ACC_NORMAL_357,133.0,2026-07-01 16:00:00
TXN007139,ACC_NORMAL_483,ACC_NORMAL_879,7247.0,2026-07-13 16:00:00
TXN007140,ACC_NORMAL_553,ACC_NORMAL_8,3839.0,2026-06-02 11:00:00
TXN007141,ACC_NORMAL_242,ACC_NORMAL_158,6467.0,2026-07-08 00:00:00
TXN007142,ACC_NORMAL_342,ACC_NORMAL_476,537.0,2026-04-18 05:00:00
TXN007143,ACC_NORMAL_316,ACC_NORMAL_499,526.0,2026-04-16 04:00:00
TXN007144,ACC_NORMAL_754,ACC_NORMAL_586,4275.0,2026-03-26 23:00:00
TXN007145,ACC_NORMAL_568,ACC_NORMAL_92,4679.0,2026-05-14 07:00:00
TXN007146,ACC_NORMAL_203,ACC_NORMAL_796,6513.0,2026-07-24 06:00:00
TXN007147,ACC_NORMAL_620,ACC_NORMAL_486,4473.0,2026-05-06 04:00:00
TXN007148,ACC_NORMAL_739,ACC_NORMAL_174,4325.0,2026-06-13 08:00:00
TXN007149,ACC_NORMAL_268,ACC_NORMAL_68,224.0,2026-06-17 01:00:00
TXN007150,ACC_NORMAL_195,ACC_NORMAL_435,1491.0,2026-07-26 02:00:00
TXN007151,ACC_NORMAL_370,ACC_NORMAL_750,3646.0,2026-03-27 20:00:00
TXN007152,ACC_NORMAL_568,ACC_NORMAL_529,4083.0,2026-04-02 06:00:00
TXN007153,ACC_NORMAL_499,ACC_NORMAL_879,9984.0,2026-03-08 09:00:00
TXN007154,ACC_NORMAL_173,ACC_NORMAL_662,4138.0,2026-04-23 08:00:00
TXN007155,ACC_NORMAL_179,ACC_NORMAL_581,1652.0,2026-03-11 21:00:00
TXN007156,ACC_NORMAL_433,ACC_NORMAL_643,7398.0,2026-05-30 07:00:00
TXN007157,ACC_NORMAL_267,ACC_NORMAL_885,8473.0,2026-06-06 22:00:00
TXN007158,ACC_NORMAL_658,ACC_NORMAL_817,1891.0,2026-05-10 03:00:00
TXN007159,ACC_NORMAL_857,ACC_NORMAL_723,6890.0,2026-05-27 03:00:00
TXN007160,ACC_NORMAL_64,ACC_NORMAL_729,6663.0,2026-05-16 23:00:00
TXN007161,ACC_NORMAL_882,ACC_NORMAL_960,3082.0,2026-04-27 05:00:00
TXN007162,ACC_NORMAL_316,ACC_NORMAL_159,736.0,2026-05-23 16:00:00
TXN007163,ACC_NORMAL_610,ACC_NORMAL_849,7445.0,2026-05-01 04:00:00
TXN007164,ACC_NORMAL_908,ACC_NORMAL_61,6197.0,2026-06-09 02:00:00
TXN007165,ACC_NORMAL_463,ACC_NORMAL_32,575.0,2026-06-01 21:00:00
TXN007166,ACC_NORMAL_248,ACC_NORMAL_631,6341.0,2026-05-05 00:00:00
TXN007167,ACC_NORMAL_100,ACC_NORMAL_712,3624.0,2026-05-15 04:00:00
TXN007168,ACC_NORMAL_518,ACC_NORMAL_279,1245.0,2026-06-11 06:00:00
TXN007169,ACC_NORMAL_717,ACC_NORMAL_601,1714.0,2026-04-25 04:00:00
TXN007170,ACC_NORMAL_673,ACC_NORMAL_170,5489.0,2026-07-26 03:00:00
TXN007171,ACC_NORMAL_102,ACC_NORMAL_721,4996.0,2026-04-21 03:00:00
TXN007172,ACC_NORMAL_739,ACC_NORMAL_702,6734.0,2026-07-14 15:00:00
TXN007173,ACC_NORMAL_215,ACC_NORMAL_905,7425.0,2026-05-22 19:00:00
TXN007174,ACC_NORMAL_523,ACC_NORMAL_553,4072.0,2026-05-11 12:00:00
TXN007175,ACC_NORMAL_710,ACC_NORMAL_130,2954.0,2026-05-23 18:00:00
TXN007176,ACC_NORMAL_237,ACC_NORMAL_727,4011.0,2026-04-13 00:00:00
TXN007177,ACC_NORMAL_396,ACC_NORMAL_801,1374.0,2026-06-27 11:00:00
TXN007178,ACC_NORMAL_166,ACC_NORMAL_374,373.0,2026-07-14 01:00:00
TXN007179,ACC_NORMAL_506,ACC_NORMAL_539,3478.0,2026-05-27 08:00:00
TXN007180,ACC_NORMAL_631,ACC_NORMAL_448,356.0,2026-06-13 17:00:00
TXN007181,ACC_NORMAL_756,ACC_NORMAL_253,3287.0,2026-06-16 00:00:00
TXN007182,ACC_NORMAL_489,ACC_NORMAL_916,6368.0,2026-05-11 21:00:00
TXN007183,ACC_NORMAL_608,ACC_NORMAL_312,8606.0,2026-03-28 15:00:00
TXN007184,ACC_NORMAL_450,ACC_NORMAL_228,9899.0,2026-04-01 17:00:00
TXN007185,ACC_NORMAL_986,ACC_NORMAL_413,7801.0,2026-07-13 05:00:00
TXN007186,ACC_NORMAL_418,ACC_NORMAL_791,5434.0,2026-03-17 10:00:00
TXN007187,ACC_NORMAL_497,ACC_NORMAL_131,1118.0,2026-05-07 01:00:00
TXN007188,ACC_NORMAL_426,ACC_NORMAL_710,4363.0,2026-04-18 01:00:00
TXN007189,ACC_NORMAL_59,ACC_NORMAL_52,417.0,2026-03-09 13:00:00
TXN007190,ACC_NORMAL_554,ACC_NORMAL_47,4572.0,2026-03-20 09:00:00
TXN007191,ACC_NORMAL_412,ACC_NORMAL_655,6747.0,2026-06-05 14:00:00
TXN007192,ACC_NORMAL_653,ACC_NORMAL_265,9497.0,2026-03-06 08:00:00
TXN007193,ACC_NORMAL_569,ACC_NORMAL_634,6486.0,2026-06-16 10:00:00
TXN007194,ACC_NORMAL_467,ACC_NORMAL_201,1725.0,2026-04-25 16:00:00
TXN007195,ACC_NORMAL_504,ACC_NORMAL_42,4265.0,2026-07-16 06:00:00
TXN007196,ACC_NORMAL_530,ACC_NORMAL_461,5190.0,2026-03-25 01:00:00
TXN007197,ACC_NORMAL_778,ACC_NORMAL_13,2408.0,2026-04-01 12:00:00
TXN007198,ACC_NORMAL_775,ACC_NORMAL_568,8006.0,2026-05-05 20:00:00
TXN007199,ACC_NORMAL_206,ACC_NORMAL_578,3653.0,2026-06-24 03:00:00
TXN007200,ACC_NORMAL_739,ACC_NORMAL_136,9359.0,2026-03-23 03:00:00
TXN007201,ACC_NORMAL_839,ACC_NORMAL_42,3199.0,2026-05-15 04:00:00
TXN007202,ACC_NORMAL_24,ACC_NORMAL_553,5410.0,2026-05-22 19:00:00
TXN007203,ACC_NORMAL_906,ACC_NORMAL_500,2335.0,2026-06-15 02:00:00
TXN007204,ACC_NORMAL_339,ACC_NORMAL_740,3299.0,2026-03-15 02:00:00
TXN007205,ACC_NORMAL_283,ACC_NORMAL_899,3887.0,2026-06-01 08:00:00
TXN007206,ACC_NORMAL_746,ACC_NORMAL_714,6506.0,2026-03-29 23:00:00
TXN007207,ACC_NORMAL_949,ACC_NORMAL_989,271.0,2026-04-30 12:00:00
TXN007208,ACC_NORMAL_634,ACC_NORMAL_247,5654.0,2026-06-27 13:00:00
TXN007209,ACC_NORMAL_471,ACC_NORMAL_741,910.0,2026-03-16 14:00:00
TXN007210,ACC_NORMAL_224,ACC_NORMAL_601,6127.0,2026-07-19 06:00:00
TXN007211,ACC_NORMAL_518,ACC_NORMAL_217,5590.0,2026-03-09 21:00:00
TXN007212,ACC_NORMAL_696,ACC_NORMAL_94,8637.0,2026-07-06 10:00:00
TXN007213,ACC_NORMAL_865,ACC_NORMAL_169,5908.0,2026-06-12 09:00:00
TXN007214,ACC_NORMAL_961,ACC_NORMAL_525,2910.0,2026-05-10 04:00:00
TXN007215,ACC_NORMAL_956,ACC_NORMAL_946,7238.0,2026-06-30 04:00:00
TXN007216,ACC_NORMAL_265,ACC_NORMAL_197,4530.0,2026-06-24 15:00:00
TXN007217,ACC_NORMAL_433,ACC_NORMAL_694,8953.0,2026-03-08 11:00:00
TXN007218,ACC_NORMAL_581,ACC_NORMAL_479,6271.0,2026-05-16 02:00:00
TXN007219,ACC_NORMAL_34,ACC_NORMAL_505,3489.0,2026-03-18 18:00:00
TXN007220,ACC_NORMAL_11,ACC_NORMAL_238,4957.0,2026-04-11 06:00:00
TXN007221,ACC_NORMAL_650,ACC_NORMAL_984,3764.0,2026-03-26 10:00:00
TXN007222,ACC_NORMAL_886,ACC_NORMAL_924,2122.0,2026-07-04 11:00:00
TXN007223,ACC_NORMAL_417,ACC_NORMAL_204,2276.0,2026-03-15 17:00:00
TXN007224,ACC_NORMAL_213,ACC_NORMAL_707,527.0,2026-05-25 03:00:00
TXN007225,ACC_NORMAL_651,ACC_NORMAL_468,7963.0,2026-07-21 00:00:00
TXN007226,ACC_NORMAL_962,ACC_NORMAL_380,7883.0,2026-04-14 08:00:00
TXN007227,ACC_NORMAL_229,ACC_NORMAL_751,5992.0,2026-07-18 16:00:00
TXN007228,ACC_NORMAL_811,ACC_NORMAL_26,3338.0,2026-04-15 22:00:00
TXN007229,ACC_NORMAL_334,ACC_NORMAL_541,3899.0,2026-07-16 14:00:00
TXN007230,ACC_NORMAL_729,ACC_NORMAL_103,1267.0,2026-03-29 10:00:00
TXN007231,ACC_NORMAL_848,ACC_NORMAL_35,510.0,2026-05-22 23:00:00
TXN007232,ACC_NORMAL_353,ACC_NORMAL_110,1350.0,2026-04-23 15:00:00
TXN007233,ACC_NORMAL_860,ACC_NORMAL_997,3776.0,2026-06-03 22:00:00
TXN007234,ACC_NORMAL_816,ACC_NORMAL_223,8132.0,2026-07-01 10:00:00
TXN007235,ACC_NORMAL_86,ACC_NORMAL_691,1931.0,2026-05-31 10:00:00
TXN007236,ACC_NORMAL_529,ACC_NORMAL_936,9314.0,2026-03-31 15:00:00
TXN007237,ACC_NORMAL_836,ACC_NORMAL_854,8154.0,2026-03-27 01:00:00
TXN007238,ACC_NORMAL_710,ACC_NORMAL_45,3477.0,2026-04-03 13:00:00
TXN007239,ACC_NORMAL_186,ACC_NORMAL_399,3904.0,2026-05-24 17:00:00
TXN007240,ACC_NORMAL_330,ACC_NORMAL_204,6329.0,2026-06-24 18:00:00
TXN007241,ACC_NORMAL_61,ACC_NORMAL_104,2460.0,2026-05-09 09:00:00
TXN007242,ACC_NORMAL_82,ACC_NORMAL_451,3949.0,2026-06-18 22:00:00
TXN007243,ACC_NORMAL_567,ACC_NORMAL_901,9332.0,2026-04-04 02:00:00
TXN007244,ACC_NORMAL_16,ACC_NORMAL_510,8486.0,2026-03-19 10:00:00
TXN007245,ACC_NORMAL_546,ACC_NORMAL_904,1148.0,2026-07-16 09:00:00
TXN007246,ACC_NORMAL_622,ACC_NORMAL_990,3076.0,2026-07-04 19:00:00
TXN007247,ACC_NORMAL_27,ACC_NORMAL_397,1917.0,2026-03-26 19:00:00
TXN007248,ACC_NORMAL_415,ACC_NORMAL_207,673.0,2026-05-13 01:00:00
TXN007249,ACC_NORMAL_736,ACC_NORMAL_451,8857.0,2026-04-27 13:00:00
TXN007250,ACC_NORMAL_891,ACC_NORMAL_971,5253.0,2026-03-08 20:00:00
TXN007251,ACC_NORMAL_599,ACC_NORMAL_859,8421.0,2026-05-04 05:00:00
TXN007252,ACC_NORMAL_349,ACC_NORMAL_570,9251.0,2026-07-15 03:00:00
TXN007253,ACC_NORMAL_91,ACC_NORMAL_603,305.0,2026-07-19 15:00:00
TXN007254,ACC_NORMAL_950,ACC_NORMAL_584,809.0,2026-06-19 12:00:00
TXN007255,ACC_NORMAL_47,ACC_NORMAL_357,1208.0,2026-06-24 18:00:00
TXN007256,ACC_NORMAL_190,ACC_NORMAL_373,5426.0,2026-05-14 01:00:00
TXN007257,ACC_NORMAL_363,ACC_NORMAL_178,6100.0,2026-04-27 00:00:00
TXN007258,ACC_NORMAL_827,ACC_NORMAL_956,103.0,2026-07-24 01:00:00
TXN007259,ACC_NORMAL_385,ACC_NORMAL_910,9299.0,2026-04-30 16:00:00
TXN007260,ACC_NORMAL_957,ACC_NORMAL_599,5352.0,2026-07-11 19:00:00
TXN007261,ACC_NORMAL_176,ACC_NORMAL_555,5818.0,2026-04-21 06:00:00
TXN007262,ACC_NORMAL_494,ACC_NORMAL_326,8381.0,2026-04-16 22:00:00
TXN007263,ACC_NORMAL_52,ACC_NORMAL_435,4349.0,2026-03-07 00:00:00
TXN007264,ACC_NORMAL_834,ACC_NORMAL_226,5999.0,2026-05-07 22:00:00
TXN007265,ACC_NORMAL_509,ACC_NORMAL_860,7156.0,2026-03-19 23:00:00
TXN007266,ACC_NORMAL_584,ACC_NORMAL_426,8853.0,2026-07-04 06:00:00
TXN007267,ACC_NORMAL_755,ACC_NORMAL_529,4680.0,2026-06-27 04:00:00
TXN007268,ACC_NORMAL_811,ACC_NORMAL_661,9431.0,2026-03-09 00:00:00
TXN007269,ACC_NORMAL_192,ACC_NORMAL_102,6197.0,2026-04-01 15:00:00
TXN007270,ACC_NORMAL_661,ACC_NORMAL_863,5860.0,2026-03-31 00:00:00
TXN007271,ACC_NORMAL_805,ACC_NORMAL_630,9116.0,2026-06-12 18:00:00
TXN007272,ACC_NORMAL_539,ACC_NORMAL_772,8530.0,2026-04-08 05:00:00
TXN007273,ACC_NORMAL_522,ACC_NORMAL_998,4829.0,2026-03-10 14:00:00
TXN007274,ACC_NORMAL_549,ACC_NORMAL_662,6024.0,2026-03-10 16:00:00
TXN007275,ACC_NORMAL_105,ACC_NORMAL_108,568.0,2026-05-13 11:00:00
TXN007276,ACC_NORMAL_526,ACC_NORMAL_999,4483.0,2026-06-01 21:00:00
TXN007277,ACC_NORMAL_785,ACC_NORMAL_249,8123.0,2026-04-29 05:00:00
TXN007278,ACC_NORMAL_192,ACC_NORMAL_904,8194.0,2026-05-17 19:00:00
TXN007279,ACC_NORMAL_601,ACC_NORMAL_684,5015.0,2026-06-06 18:00:00
TXN007280,ACC_NORMAL_25,ACC_NORMAL_26,5486.0,2026-06-04 21:00:00
TXN007281,ACC_NORMAL_752,ACC_NORMAL_173,8201.0,2026-07-02 01:00:00
TXN007282,ACC_NORMAL_613,ACC_NORMAL_807,5126.0,2026-07-25 02:00:00
TXN007283,ACC_NORMAL_876,ACC_NORMAL_351,5449.0,2026-04-22 06:00:00
TXN007284,ACC_NORMAL_711,ACC_NORMAL_918,7467.0,2026-03-11 18:00:00
TXN007285,ACC_NORMAL_73,ACC_NORMAL_273,5750.0,2026-04-16 19:00:00
TXN007286,ACC_NORMAL_980,ACC_NORMAL_58,8896.0,2026-04-28 15:00:00
TXN007287,ACC_NORMAL_291,ACC_NORMAL_470,7102.0,2026-04-02 12:00:00
TXN007288,ACC_NORMAL_742,ACC_NORMAL_471,8100.0,2026-07-04 10:00:00
TXN007289,ACC_NORMAL_771,ACC_NORMAL_493,6711.0,2026-03-24 00:00:00
TXN007290,ACC_NORMAL_496,ACC_NORMAL_379,9774.0,2026-06-26 04:00:00
TXN007291,ACC_NORMAL_596,ACC_NORMAL_660,8393.0,2026-05-11 03:00:00
TXN007292,ACC_NORMAL_823,ACC_NORMAL_933,8427.0,2026-05-29 05:00:00
TXN007293,ACC_NORMAL_16,ACC_NORMAL_630,9743.0,2026-04-10 14:00:00
TXN007294,ACC_NORMAL_269,ACC_NORMAL_782,2776.0,2026-07-25 07:00:00
TXN007295,ACC_NORMAL_155,ACC_NORMAL_767,6789.0,2026-07-14 14:00:00
TXN007296,ACC_NORMAL_811,ACC_NORMAL_584,6915.0,2026-05-29 03:00:00
TXN007297,ACC_NORMAL_379,ACC_NORMAL_964,8741.0,2026-04-19 05:00:00
TXN007298,ACC_NORMAL_112,ACC_NORMAL_759,698.0,2026-04-04 12:00:00
TXN007299,ACC_NORMAL_855,ACC_NORMAL_559,9874.0,2026-07-03 01:00:00
TXN007300,ACC_NORMAL_6,ACC_NORMAL_714,392.0,2026-06-20 18:00:00
TXN007301,ACC_NORMAL_315,ACC_NORMAL_904,8320.0,2026-07-22 14:00:00
TXN007302,ACC_NORMAL_414,ACC_NORMAL_563,1282.0,2026-05-21 22:00:00
TXN007303,ACC_NORMAL_970,ACC_NORMAL_241,4181.0,2026-07-27 08:00:00
TXN007304,ACC_NORMAL_288,ACC_NORMAL_223,7858.0,2026-07-12 09:00:00
TXN007305,ACC_NORMAL_621,ACC_NORMAL_471,3861.0,2026-05-11 21:00:00
TXN007306,ACC_NORMAL_71,ACC_NORMAL_741,1513.0,2026-05-13 11:00:00
TXN007307,ACC_NORMAL_654,ACC_NORMAL_498,2937.0,2026-07-01 05:00:00
TXN007308,ACC_NORMAL_584,ACC_NORMAL_734,1003.0,2026-07-01 02:00:00
TXN007309,ACC_NORMAL_798,ACC_NORMAL_95,9131.0,2026-05-21 20:00:00
TXN007310,ACC_NORMAL_713,ACC_NORMAL_987,3565.0,2026-03-20 14:00:00
TXN007311,ACC_NORMAL_936,ACC_NORMAL_85,7898.0,2026-06-11 21:00:00
TXN007312,ACC_NORMAL_23,ACC_NORMAL_194,9843.0,2026-07-03 22:00:00
TXN007313,ACC_NORMAL_614,ACC_NORMAL_458,6193.0,2026-04-10 00:00:00
TXN007314,ACC_NORMAL_587,ACC_NORMAL_366,9763.0,2026-03-26 06:00:00
TXN007315,ACC_NORMAL_894,ACC_NORMAL_433,1583.0,2026-04-15 17:00:00
TXN007316,ACC_NORMAL_91,ACC_NORMAL_136,1917.0,2026-07-24 01:00:00
TXN007317,ACC_NORMAL_627,ACC_NORMAL_227,9069.0,2026-03-29 22:00:00
TXN007318,ACC_NORMAL_707,ACC_NORMAL_239,3138.0,2026-05-27 15:00:00
TXN007319,ACC_NORMAL_345,ACC_NORMAL_390,3944.0,2026-06-29 14:00:00
TXN007320,ACC_NORMAL_17,ACC_NORMAL_127,4524.0,2026-03-22 04:00:00
TXN007321,ACC_NORMAL_640,ACC_NORMAL_679,2136.0,2026-04-18 15:00:00
TXN007322,ACC_NORMAL_153,ACC_NORMAL_538,5167.0,2026-03-20 20:00:00
TXN007323,ACC_NORMAL_358,ACC_NORMAL_211,1024.0,2026-05-26 17:00:00
TXN007324,ACC_NORMAL_770,ACC_NORMAL_33,549.0,2026-05-07 17:00:00
TXN007325,ACC_NORMAL_984,ACC_NORMAL_832,2120.0,2026-05-02 04:00:00
TXN007326,ACC_NORMAL_951,ACC_NORMAL_990,4165.0,2026-06-27 03:00:00
TXN007327,ACC_NORMAL_766,ACC_NORMAL_717,3902.0,2026-03-20 17:00:00
TXN007328,ACC_NORMAL_719,ACC_NORMAL_513,2802.0,2026-03-15 09:00:00
TXN007329,ACC_NORMAL_584,ACC_NORMAL_850,7353.0,2026-05-24 16:00:00
TXN007330,ACC_NORMAL_787,ACC_NORMAL_56,8443.0,2026-03-23 02:00:00
TXN007331,ACC_NORMAL_142,ACC_NORMAL_372,4122.0,2026-06-09 13:00:00
TXN007332,ACC_NORMAL_347,ACC_NORMAL_229,2046.0,2026-05-05 17:00:00
TXN007333,ACC_NORMAL_657,ACC_NORMAL_689,274.0,2026-07-16 11:00:00
TXN007334,ACC_NORMAL_920,ACC_NORMAL_809,3125.0,2026-05-15 11:00:00
TXN007335,ACC_NORMAL_529,ACC_NORMAL_672,8588.0,2026-04-17 19:00:00
TXN007336,ACC_NORMAL_938,ACC_NORMAL_509,5270.0,2026-06-01 10:00:00
TXN007337,ACC_NORMAL_401,ACC_NORMAL_964,7668.0,2026-05-26 03:00:00
TXN007338,ACC_NORMAL_29,ACC_NORMAL_140,8299.0,2026-07-10 02:00:00
TXN007339,ACC_NORMAL_873,ACC_NORMAL_815,8383.0,2026-07-07 15:00:00
TXN007340,ACC_NORMAL_912,ACC_NORMAL_734,3089.0,2026-07-05 02:00:00
TXN007341,ACC_NORMAL_133,ACC_NORMAL_325,7011.0,2026-05-13 08:00:00
TXN007342,ACC_NORMAL_591,ACC_NORMAL_957,9059.0,2026-05-31 03:00:00
TXN007343,ACC_NORMAL_241,ACC_NORMAL_309,7817.0,2026-04-16 10:00:00
TXN007344,ACC_NORMAL_881,ACC_NORMAL_194,2155.0,2026-07-04 17:00:00
TXN007345,ACC_NORMAL_296,ACC_NORMAL_468,2280.0,2026-03-24 05:00:00
TXN007346,ACC_NORMAL_326,ACC_NORMAL_308,961.0,2026-05-02 11:00:00
TXN007347,ACC_NORMAL_555,ACC_NORMAL_133,9591.0,2026-04-21 15:00:00
TXN007348,ACC_NORMAL_176,ACC_NORMAL_483,5158.0,2026-05-31 01:00:00
TXN007349,ACC_NORMAL_133,ACC_NORMAL_918,2966.0,2026-04-01 08:00:00
TXN007350,ACC_NORMAL_685,ACC_NORMAL_126,3082.0,2026-07-06 10:00:00
TXN007351,ACC_NORMAL_663,ACC_NORMAL_588,9076.0,2026-03-13 20:00:00
TXN007352,ACC_NORMAL_162,ACC_NORMAL_669,2372.0,2026-05-05 22:00:00
TXN007353,ACC_NORMAL_677,ACC_NORMAL_560,9299.0,2026-05-09 01:00:00
TXN007354,ACC_NORMAL_156,ACC_NORMAL_872,9639.0,2026-04-09 19:00:00
TXN007355,ACC_NORMAL_870,ACC_NORMAL_679,9323.0,2026-05-24 15:00:00
TXN007356,ACC_NORMAL_888,ACC_NORMAL_729,7096.0,2026-04-30 09:00:00
TXN007357,ACC_NORMAL_88,ACC_NORMAL_646,1363.0,2026-05-25 23:00:00
TXN007358,ACC_NORMAL_625,ACC_NORMAL_824,3072.0,2026-07-10 17:00:00
TXN007359,ACC_NORMAL_781,ACC_NORMAL_177,5456.0,2026-06-29 13:00:00
TXN007360,ACC_NORMAL_143,ACC_NORMAL_43,6023.0,2026-03-29 20:00:00
TXN007361,ACC_NORMAL_774,ACC_NORMAL_229,8055.0,2026-04-11 14:00:00
TXN007362,ACC_NORMAL_230,ACC_NORMAL_402,4698.0,2026-07-11 14:00:00
TXN007363,ACC_NORMAL_685,ACC_NORMAL_769,6752.0,2026-07-05 18:00:00
TXN007364,ACC_NORMAL_997,ACC_NORMAL_875,3952.0,2026-06-11 06:00:00
TXN007365,ACC_NORMAL_450,ACC_NORMAL_26,7055.0,2026-03-18 16:00:00
TXN007366,ACC_NORMAL_498,ACC_NORMAL_570,7195.0,2026-04-28 02:00:00
TXN007367,ACC_NORMAL_320,ACC_NORMAL_356,9500.0,2026-04-27 01:00:00
TXN007368,ACC_NORMAL_100,ACC_NORMAL_532,4381.0,2026-07-16 01:00:00
TXN007369,ACC_NORMAL_23,ACC_NORMAL_756,2228.0,2026-06-07 07:00:00
TXN007370,ACC_NORMAL_71,ACC_NORMAL_945,4240.0,2026-06-01 05:00:00
TXN007371,ACC_NORMAL_927,ACC_NORMAL_416,117.0,2026-07-02 11:00:00
TXN007372,ACC_NORMAL_278,ACC_NORMAL_7,5231.0,2026-03-18 23:00:00
TXN007373,ACC_NORMAL_777,ACC_NORMAL_856,6735.0,2026-06-05 10:00:00
TXN007374,ACC_NORMAL_910,ACC_NORMAL_890,450.0,2026-06-25 17:00:00
TXN007375,ACC_NORMAL_713,ACC_NORMAL_207,3095.0,2026-06-08 07:00:00
TXN007376,ACC_NORMAL_173,ACC_NORMAL_169,6289.0,2026-07-21 11:00:00
TXN007377,ACC_NORMAL_893,ACC_NORMAL_408,210.0,2026-04-13 09:00:00
TXN007378,ACC_NORMAL_797,ACC_NORMAL_888,4974.0,2026-06-06 03:00:00
TXN007379,ACC_NORMAL_201,ACC_NORMAL_178,7751.0,2026-05-05 21:00:00
TXN007380,ACC_NORMAL_433,ACC_NORMAL_201,5127.0,2026-05-09 22:00:00
TXN007381,ACC_NORMAL_757,ACC_NORMAL_596,6719.0,2026-06-05 21:00:00
TXN007382,ACC_NORMAL_134,ACC_NORMAL_761,1362.0,2026-05-18 03:00:00
TXN007383,ACC_NORMAL_167,ACC_NORMAL_870,1524.0,2026-05-27 16:00:00
TXN007384,ACC_NORMAL_657,ACC_NORMAL_876,8494.0,2026-07-05 07:00:00
TXN007385,ACC_NORMAL_643,ACC_NORMAL_280,4737.0,2026-04-17 01:00:00
TXN007386,ACC_NORMAL_111,ACC_NORMAL_423,7026.0,2026-06-28 06:00:00
TXN007387,ACC_NORMAL_231,ACC_NORMAL_431,160.0,2026-05-31 15:00:00
TXN007388,ACC_NORMAL_717,ACC_NORMAL_599,4749.0,2026-07-04 15:00:00
TXN007389,ACC_NORMAL_807,ACC_NORMAL_845,9006.0,2026-04-25 18:00:00
TXN007390,ACC_NORMAL_119,ACC_NORMAL_115,3827.0,2026-07-23 14:00:00
TXN007391,ACC_NORMAL_953,ACC_NORMAL_134,7289.0,2026-04-19 00:00:00
TXN007392,ACC_NORMAL_213,ACC_NORMAL_305,9966.0,2026-05-17 02:00:00
TXN007393,ACC_NORMAL_207,ACC_NORMAL_651,732.0,2026-04-06 22:00:00
TXN007394,ACC_NORMAL_836,ACC_NORMAL_505,9042.0,2026-04-11 19:00:00
TXN007395,ACC_NORMAL_451,ACC_NORMAL_544,4096.0,2026-07-02 14:00:00
TXN007396,ACC_NORMAL_330,ACC_NORMAL_288,10000.0,2026-06-09 18:00:00
TXN007397,ACC_NORMAL_456,ACC_NORMAL_99,8579.0,2026-04-23 14:00:00
TXN007398,ACC_NORMAL_738,ACC_NORMAL_487,5811.0,2026-06-28 05:00:00
TXN007399,ACC_NORMAL_396,ACC_NORMAL_64,3216.0,2026-03-17 06:00:00
TXN007400,ACC_NORMAL_258,ACC_NORMAL_895,459.0,2026-03-07 15:00:00
TXN007401,ACC_NORMAL_252,ACC_NORMAL_735,4478.0,2026-04-01 10:00:00
TXN007402,ACC_NORMAL_341,ACC_NORMAL_550,3427.0,2026-05-10 01:00:00
TXN007403,ACC_NORMAL_245,ACC_NORMAL_732,9202.0,2026-07-23 23:00:00
TXN007404,ACC_NORMAL_161,ACC_NORMAL_56,7595.0,2026-07-09 23:00:00
TXN007405,ACC_NORMAL_318,ACC_NORMAL_346,2581.0,2026-07-10 13:00:00
TXN007406,ACC_NORMAL_245,ACC_NORMAL_420,7106.0,2026-06-23 03:00:00
TXN007407,ACC_NORMAL_232,ACC_NORMAL_911,8332.0,2026-03-08 11:00:00
TXN007408,ACC_NORMAL_308,ACC_NORMAL_269,1629.0,2026-05-05 01:00:00
TXN007409,ACC_NORMAL_643,ACC_NORMAL_922,3933.0,2026-06-03 08:00:00
TXN007410,ACC_NORMAL_472,ACC_NORMAL_49,9697.0,2026-03-06 17:00:00
TXN007411,ACC_NORMAL_306,ACC_NORMAL_324,4874.0,2026-04-25 22:00:00
TXN007412,ACC_NORMAL_383,ACC_NORMAL_270,7390.0,2026-07-15 17:00:00
TXN007413,ACC_NORMAL_368,ACC_NORMAL_109,1367.0,2026-03-27 19:00:00
TXN007414,ACC_NORMAL_467,ACC_NORMAL_283,8291.0,2026-06-19 08:00:00
TXN007415,ACC_NORMAL_703,ACC_NORMAL_496,3847.0,2026-07-21 03:00:00
TXN007416,ACC_NORMAL_647,ACC_NORMAL_326,9392.0,2026-07-16 05:00:00
TXN007417,ACC_NORMAL_441,ACC_NORMAL_687,8904.0,2026-07-27 23:00:00
TXN007418,ACC_NORMAL_448,ACC_NORMAL_321,7777.0,2026-03-05 19:00:00
TXN007419,ACC_NORMAL_34,ACC_NORMAL_728,7207.0,2026-03-23 10:00:00
TXN007420,ACC_NORMAL_112,ACC_NORMAL_17,3101.0,2026-05-13 07:00:00
TXN007421,ACC_NORMAL_847,ACC_NORMAL_967,5138.0,2026-04-03 09:00:00
TXN007422,ACC_NORMAL_596,ACC_NORMAL_282,4044.0,2026-07-04 13:00:00
TXN007423,ACC_NORMAL_192,ACC_NORMAL_472,3746.0,2026-03-12 05:00:00
TXN007424,ACC_NORMAL_748,ACC_NORMAL_734,9951.0,2026-07-10 18:00:00
TXN007425,ACC_NORMAL_356,ACC_NORMAL_721,9702.0,2026-03-19 03:00:00
TXN007426,ACC_NORMAL_125,ACC_NORMAL_752,3340.0,2026-04-13 20:00:00
TXN007427,ACC_NORMAL_833,ACC_NORMAL_303,2140.0,2026-03-05 00:00:00
TXN007428,ACC_NORMAL_610,ACC_NORMAL_292,2267.0,2026-04-19 22:00:00
TXN007429,ACC_NORMAL_405,ACC_NORMAL_753,6720.0,2026-07-08 04:00:00
TXN007430,ACC_NORMAL_154,ACC_NORMAL_356,2406.0,2026-07-20 02:00:00
TXN007431,ACC_NORMAL_550,ACC_NORMAL_866,1122.0,2026-06-28 23:00:00
TXN007432,ACC_NORMAL_633,ACC_NORMAL_311,4983.0,2026-04-16 10:00:00
TXN007433,ACC_NORMAL_55,ACC_NORMAL_802,2908.0,2026-04-16 07:00:00
TXN007434,ACC_NORMAL_714,ACC_NORMAL_11,5669.0,2026-05-22 13:00:00
TXN007435,ACC_NORMAL_935,ACC_NORMAL_619,9063.0,2026-03-10 19:00:00
TXN007436,ACC_NORMAL_635,ACC_NORMAL_714,2084.0,2026-03-09 10:00:00
TXN007437,ACC_NORMAL_879,ACC_NORMAL_637,6899.0,2026-03-29 00:00:00
TXN007438,ACC_NORMAL_246,ACC_NORMAL_788,7841.0,2026-06-08 04:00:00
TXN007439,ACC_NORMAL_485,ACC_NORMAL_419,743.0,2026-03-26 03:00:00
TXN007440,ACC_NORMAL_193,ACC_NORMAL_280,4788.0,2026-05-30 14:00:00
TXN007441,ACC_NORMAL_159,ACC_NORMAL_479,2095.0,2026-07-23 12:00:00
TXN007442,ACC_NORMAL_241,ACC_NORMAL_371,2975.0,2026-06-03 04:00:00
TXN007443,ACC_NORMAL_905,ACC_NORMAL_153,6725.0,2026-06-29 08:00:00
TXN007444,ACC_NORMAL_214,ACC_NORMAL_459,9878.0,2026-07-22 16:00:00
TXN007445,ACC_NORMAL_26,ACC_NORMAL_686,8206.0,2026-03-30 04:00:00
TXN007446,ACC_NORMAL_884,ACC_NORMAL_555,4457.0,2026-05-08 23:00:00
TXN007447,ACC_NORMAL_633,ACC_NORMAL_999,7553.0,2026-06-24 23:00:00
TXN007448,ACC_NORMAL_389,ACC_NORMAL_179,8958.0,2026-07-13 07:00:00
TXN007449,ACC_NORMAL_768,ACC_NORMAL_145,2769.0,2026-06-18 14:00:00
TXN007450,ACC_NORMAL_715,ACC_NORMAL_867,4209.0,2026-05-16 10:00:00
TXN007451,ACC_NORMAL_81,ACC_NORMAL_748,3581.0,2026-07-22 21:00:00
TXN007452,ACC_NORMAL_417,ACC_NORMAL_343,3123.0,2026-03-17 21:00:00
TXN007453,ACC_NORMAL_364,ACC_NORMAL_742,5385.0,2026-05-23 05:00:00
TXN007454,ACC_NORMAL_240,ACC_NORMAL_610,3646.0,2026-04-27 15:00:00
TXN007455,ACC_NORMAL_627,ACC_NORMAL_57,884.0,2026-04-03 05:00:00
TXN007456,ACC_NORMAL_474,ACC_NORMAL_946,152.0,2026-06-06 10:00:00
TXN007457,ACC_NORMAL_236,ACC_NORMAL_481,9892.0,2026-07-18 16:00:00
TXN007458,ACC_NORMAL_684,ACC_NORMAL_181,614.0,2026-03-14 08:00:00
TXN007459,ACC_NORMAL_325,ACC_NORMAL_694,7410.0,2026-04-27 13:00:00
TXN007460,ACC_NORMAL_703,ACC_NORMAL_262,3665.0,2026-07-22 19:00:00
TXN007461,ACC_NORMAL_600,ACC_NORMAL_960,8566.0,2026-04-23 03:00:00
TXN007462,ACC_NORMAL_404,ACC_NORMAL_121,7446.0,2026-05-25 15:00:00
TXN007463,ACC_NORMAL_459,ACC_NORMAL_997,689.0,2026-07-17 07:00:00
TXN007464,ACC_NORMAL_265,ACC_NORMAL_35,2996.0,2026-04-26 10:00:00
TXN007465,ACC_NORMAL_88,ACC_NORMAL_399,2832.0,2026-05-19 15:00:00
TXN007466,ACC_NORMAL_131,ACC_NORMAL_66,6641.0,2026-03-18 20:00:00
TXN007467,ACC_NORMAL_839,ACC_NORMAL_228,7147.0,2026-05-10 08:00:00
TXN007468,ACC_NORMAL_21,ACC_NORMAL_112,2168.0,2026-06-11 14:00:00
TXN007469,ACC_NORMAL_534,ACC_NORMAL_356,3963.0,2026-03-05 17:00:00
TXN007470,ACC_NORMAL_217,ACC_NORMAL_644,2504.0,2026-03-07 09:00:00
TXN007471,ACC_NORMAL_562,ACC_NORMAL_471,6609.0,2026-06-13 08:00:00
TXN007472,ACC_NORMAL_216,ACC_NORMAL_128,8911.0,2026-04-03 02:00:00
TXN007473,ACC_NORMAL_104,ACC_NORMAL_420,8770.0,2026-03-20 10:00:00
TXN007474,ACC_NORMAL_709,ACC_NORMAL_393,8699.0,2026-03-08 19:00:00
TXN007475,ACC_NORMAL_3,ACC_NORMAL_65,8787.0,2026-05-16 03:00:00
TXN007476,ACC_NORMAL_713,ACC_NORMAL_468,709.0,2026-06-02 06:00:00
TXN007477,ACC_NORMAL_283,ACC_NORMAL_755,1646.0,2026-03-06 23:00:00
TXN007478,ACC_NORMAL_108,ACC_NORMAL_231,8094.0,2026-07-09 16:00:00
TXN007479,ACC_NORMAL_836,ACC_NORMAL_442,2302.0,2026-05-30 05:00:00
TXN007480,ACC_NORMAL_498,ACC_NORMAL_142,4615.0,2026-04-17 02:00:00
TXN007481,ACC_NORMAL_56,ACC_NORMAL_733,7908.0,2026-06-20 20:00:00
TXN007482,ACC_NORMAL_859,ACC_NORMAL_805,3804.0,2026-06-06 01:00:00
TXN007483,ACC_NORMAL_985,ACC_NORMAL_610,7651.0,2026-03-14 13:00:00
TXN007484,ACC_NORMAL_317,ACC_NORMAL_550,8781.0,2026-07-06 07:00:00
TXN007485,ACC_NORMAL_51,ACC_NORMAL_780,3557.0,2026-07-02 00:00:00
TXN007486,ACC_NORMAL_31,ACC_NORMAL_276,9947.0,2026-04-08 11:00:00
TXN007487,ACC_NORMAL_388,ACC_NORMAL_428,4579.0,2026-04-21 14:00:00
TXN007488,ACC_NORMAL_132,ACC_NORMAL_186,1675.0,2026-04-19 03:00:00
TXN007489,ACC_NORMAL_237,ACC_NORMAL_497,2138.0,2026-04-12 15:00:00
TXN007490,ACC_NORMAL_122,ACC_NORMAL_862,8271.0,2026-06-28 23:00:00
TXN007491,ACC_NORMAL_966,ACC_NORMAL_544,8560.0,2026-04-22 22:00:00
TXN007492,ACC_NORMAL_333,ACC_NORMAL_275,6572.0,2026-05-30 05:00:00
TXN007493,ACC_NORMAL_639,ACC_NORMAL_943,259.0,2026-07-19 11:00:00
TXN007494,ACC_NORMAL_311,ACC_NORMAL_426,395.0,2026-06-27 21:00:00
TXN007495,ACC_NORMAL_366,ACC_NORMAL_944,232.0,2026-03-26 10:00:00
TXN007496,ACC_NORMAL_889,ACC_NORMAL_264,2759.0,2026-06-15 15:00:00
TXN007497,ACC_NORMAL_505,ACC_NORMAL_389,4515.0,2026-06-18 04:00:00
TXN007498,ACC_NORMAL_849,ACC_NORMAL_408,1454.0,2026-04-04 00:00:00
TXN007499,ACC_NORMAL_615,ACC_NORMAL_67,2940.0,2026-06-27 19:00:00
TXN007500,ACC_NORMAL_203,ACC_NORMAL_963,6456.0,2026-03-23 15:00:00
TXN007501,ACC_NORMAL_788,ACC_NORMAL_580,8087.0,2026-04-07 09:00:00
TXN007502,ACC_NORMAL_480,ACC_NORMAL_466,2052.0,2026-06-19 23:00:00
TXN007503,ACC_NORMAL_711,ACC_NORMAL_181,719.0,2026-05-26 16:00:00
TXN007504,ACC_NORMAL_732,ACC_NORMAL_440,1559.0,2026-05-05 13:00:00
TXN007505,ACC_NORMAL_637,ACC_NORMAL_380,7044.0,2026-06-19 17:00:00
TXN007506,ACC_NORMAL_988,ACC_NORMAL_68,2605.0,2026-07-05 17:00:00
TXN007507,ACC_NORMAL_111,ACC_NORMAL_507,365.0,2026-03-26 12:00:00
TXN007508,ACC_NORMAL_280,ACC_NORMAL_300,6551.0,2026-03-10 08:00:00
TXN007509,ACC_NORMAL_58,ACC_NORMAL_913,497.0,2026-05-19 16:00:00
TXN007510,ACC_NORMAL_380,ACC_NORMAL_343,309.0,2026-05-10 23:00:00
TXN007511,ACC_NORMAL_92,ACC_NORMAL_181,1317.0,2026-04-15 02:00:00
TXN007512,ACC_NORMAL_579,ACC_NORMAL_928,3656.0,2026-05-06 11:00:00
TXN007513,ACC_NORMAL_373,ACC_NORMAL_250,5636.0,2026-06-07 01:00:00
TXN007514,ACC_NORMAL_398,ACC_NORMAL_622,5530.0,2026-03-15 20:00:00
TXN007515,ACC_NORMAL_36,ACC_NORMAL_230,9486.0,2026-04-18 05:00:00
TXN007516,ACC_NORMAL_906,ACC_NORMAL_967,3206.0,2026-05-06 09:00:00
TXN007517,ACC_NORMAL_637,ACC_NORMAL_428,5571.0,2026-04-16 07:00:00
TXN007518,ACC_NORMAL_456,ACC_NORMAL_857,7273.0,2026-05-24 03:00:00
TXN007519,ACC_NORMAL_765,ACC_NORMAL_762,6971.0,2026-06-04 00:00:00
TXN007520,ACC_NORMAL_521,ACC_NORMAL_358,5631.0,2026-04-07 15:00:00
TXN007521,ACC_NORMAL_71,ACC_NORMAL_15,5127.0,2026-04-04 12:00:00
TXN007522,ACC_NORMAL_894,ACC_NORMAL_73,6598.0,2026-05-15 21:00:00
TXN007523,ACC_NORMAL_347,ACC_NORMAL_592,722.0,2026-07-27 10:00:00
TXN007524,ACC_NORMAL_316,ACC_NORMAL_826,2953.0,2026-03-16 22:00:00
TXN007525,ACC_NORMAL_17,ACC_NORMAL_417,7229.0,2026-03-22 19:00:00
TXN007526,ACC_NORMAL_419,ACC_NORMAL_938,5194.0,2026-04-22 22:00:00
TXN007527,ACC_NORMAL_862,ACC_NORMAL_486,9402.0,2026-04-01 00:00:00
TXN007528,ACC_NORMAL_620,ACC_NORMAL_724,2532.0,2026-07-20 10:00:00
TXN007529,ACC_NORMAL_499,ACC_NORMAL_543,8750.0,2026-06-15 16:00:00
TXN007530,ACC_NORMAL_688,ACC_NORMAL_874,4985.0,2026-03-06 00:00:00
TXN007531,ACC_NORMAL_973,ACC_NORMAL_824,218.0,2026-06-14 00:00:00
TXN007532,ACC_NORMAL_97,ACC_NORMAL_730,3216.0,2026-04-24 22:00:00
TXN007533,ACC_NORMAL_243,ACC_NORMAL_783,9931.0,2026-06-18 18:00:00
TXN007534,ACC_NORMAL_34,ACC_NORMAL_812,7582.0,2026-05-24 06:00:00
TXN007535,ACC_NORMAL_410,ACC_NORMAL_230,2733.0,2026-03-05 15:00:00
TXN007536,ACC_NORMAL_679,ACC_NORMAL_958,4208.0,2026-04-23 10:00:00
TXN007537,ACC_NORMAL_975,ACC_NORMAL_154,9815.0,2026-04-18 01:00:00
TXN007538,ACC_NORMAL_460,ACC_NORMAL_875,3538.0,2026-06-12 13:00:00
TXN007539,ACC_NORMAL_733,ACC_NORMAL_999,8823.0,2026-04-19 02:00:00
TXN007540,ACC_NORMAL_118,ACC_NORMAL_368,9442.0,2026-03-16 15:00:00
TXN007541,ACC_NORMAL_815,ACC_NORMAL_403,209.0,2026-03-21 18:00:00
TXN007542,ACC_NORMAL_91,ACC_NORMAL_27,7545.0,2026-06-08 22:00:00
TXN007543,ACC_NORMAL_96,ACC_NORMAL_98,5013.0,2026-07-09 12:00:00
TXN007544,ACC_NORMAL_207,ACC_NORMAL_291,263.0,2026-06-14 21:00:00
TXN007545,ACC_NORMAL_861,ACC_NORMAL_994,8769.0,2026-03-31 22:00:00
TXN007546,ACC_NORMAL_99,ACC_NORMAL_708,5231.0,2026-06-14 03:00:00
TXN007547,ACC_NORMAL_387,ACC_NORMAL_865,8662.0,2026-03-14 02:00:00
TXN007548,ACC_NORMAL_115,ACC_NORMAL_868,119.0,2026-03-11 21:00:00
TXN007549,ACC_NORMAL_508,ACC_NORMAL_593,9454.0,2026-05-15 04:00:00
TXN007550,ACC_NORMAL_276,ACC_NORMAL_193,6304.0,2026-05-17 06:00:00
TXN007551,ACC_NORMAL_25,ACC_NORMAL_575,8474.0,2026-05-28 22:00:00
TXN007552,ACC_NORMAL_387,ACC_NORMAL_539,291.0,2026-05-23 04:00:00
TXN007553,ACC_NORMAL_868,ACC_NORMAL_203,9048.0,2026-04-11 06:00:00
TXN007554,ACC_NORMAL_366,ACC_NORMAL_68,1785.0,2026-05-13 03:00:00
TXN007555,ACC_NORMAL_892,ACC_NORMAL_103,3439.0,2026-07-03 00:00:00
TXN007556,ACC_NORMAL_18,ACC_NORMAL_932,9128.0,2026-03-24 02:00:00
TXN007557,ACC_NORMAL_221,ACC_NORMAL_726,8412.0,2026-03-06 08:00:00
TXN007558,ACC_NORMAL_311,ACC_NORMAL_320,7552.0,2026-05-03 16:00:00
TXN007559,ACC_NORMAL_959,ACC_NORMAL_854,7956.0,2026-07-28 00:00:00
TXN007560,ACC_NORMAL_647,ACC_NORMAL_561,5234.0,2026-07-16 09:00:00
TXN007561,ACC_NORMAL_12,ACC_NORMAL_431,504.0,2026-07-15 14:00:00
TXN007562,ACC_NORMAL_261,ACC_NORMAL_791,6447.0,2026-05-12 04:00:00
TXN007563,ACC_NORMAL_315,ACC_NORMAL_375,335.0,2026-05-02 22:00:00
TXN007564,ACC_NORMAL_746,ACC_NORMAL_427,710.0,2026-07-16 18:00:00
TXN007565,ACC_NORMAL_779,ACC_NORMAL_2,8201.0,2026-03-25 03:00:00
TXN007566,ACC_NORMAL_22,ACC_NORMAL_381,261.0,2026-05-19 04:00:00
TXN007567,ACC_NORMAL_520,ACC_NORMAL_599,1862.0,2026-07-05 03:00:00
TXN007568,ACC_NORMAL_60,ACC_NORMAL_291,4620.0,2026-03-15 12:00:00
TXN007569,ACC_NORMAL_208,ACC_NORMAL_761,5828.0,2026-07-25 12:00:00
TXN007570,ACC_NORMAL_160,ACC_NORMAL_30,7008.0,2026-05-09 15:00:00
TXN007571,ACC_NORMAL_643,ACC_NORMAL_182,2544.0,2026-07-08 15:00:00
TXN007572,ACC_NORMAL_614,ACC_NORMAL_912,3030.0,2026-05-06 02:00:00
TXN007573,ACC_NORMAL_637,ACC_NORMAL_275,862.0,2026-06-29 15:00:00
TXN007574,ACC_NORMAL_147,ACC_NORMAL_101,3215.0,2026-06-03 00:00:00
TXN007575,ACC_NORMAL_959,ACC_NORMAL_746,5030.0,2026-07-07 03:00:00
TXN007576,ACC_NORMAL_789,ACC_NORMAL_273,6532.0,2026-05-17 03:00:00
TXN007577,ACC_NORMAL_923,ACC_NORMAL_466,758.0,2026-04-26 15:00:00
TXN007578,ACC_NORMAL_318,ACC_NORMAL_676,1531.0,2026-07-09 06:00:00
TXN007579,ACC_NORMAL_483,ACC_NORMAL_236,5415.0,2026-06-22 17:00:00
TXN007580,ACC_NORMAL_867,ACC_NORMAL_860,3034.0,2026-06-18 16:00:00
TXN007581,ACC_NORMAL_335,ACC_NORMAL_144,372.0,2026-07-02 15:00:00
TXN007582,ACC_NORMAL_221,ACC_NORMAL_878,399.0,2026-04-11 03:00:00
TXN007583,ACC_NORMAL_879,ACC_NORMAL_108,5803.0,2026-03-07 16:00:00
TXN007584,ACC_NORMAL_464,ACC_NORMAL_329,5557.0,2026-04-11 02:00:00
TXN007585,ACC_NORMAL_591,ACC_NORMAL_324,9492.0,2026-07-21 18:00:00
TXN007586,ACC_NORMAL_931,ACC_NORMAL_964,344.0,2026-05-09 07:00:00
TXN007587,ACC_NORMAL_327,ACC_NORMAL_666,5056.0,2026-06-11 22:00:00
TXN007588,ACC_NORMAL_939,ACC_NORMAL_15,8937.0,2026-04-05 12:00:00
TXN007589,ACC_NORMAL_153,ACC_NORMAL_274,3784.0,2026-06-24 09:00:00
TXN007590,ACC_NORMAL_460,ACC_NORMAL_320,7073.0,2026-07-08 04:00:00
TXN007591,ACC_NORMAL_867,ACC_NORMAL_531,383.0,2026-04-11 20:00:00
TXN007592,ACC_NORMAL_585,ACC_NORMAL_194,2198.0,2026-04-02 23:00:00
TXN007593,ACC_NORMAL_724,ACC_NORMAL_103,9211.0,2026-06-10 16:00:00
TXN007594,ACC_NORMAL_75,ACC_NORMAL_549,9129.0,2026-03-20 12:00:00
TXN007595,ACC_NORMAL_203,ACC_NORMAL_355,1094.0,2026-03-18 08:00:00
TXN007596,ACC_NORMAL_14,ACC_NORMAL_833,5334.0,2026-06-14 14:00:00
TXN007597,ACC_NORMAL_109,ACC_NORMAL_499,1326.0,2026-07-07 03:00:00
TXN007598,ACC_NORMAL_347,ACC_NORMAL_283,3449.0,2026-06-09 19:00:00
TXN007599,ACC_NORMAL_112,ACC_NORMAL_894,3305.0,2026-05-05 06:00:00
TXN007600,ACC_NORMAL_805,ACC_NORMAL_932,4587.0,2026-04-23 23:00:00
TXN007601,ACC_NORMAL_194,ACC_NORMAL_397,7845.0,2026-03-25 00:00:00
TXN007602,ACC_NORMAL_264,ACC_NORMAL_884,3374.0,2026-04-26 03:00:00
TXN007603,ACC_NORMAL_408,ACC_NORMAL_264,7842.0,2026-03-18 13:00:00
TXN007604,ACC_NORMAL_590,ACC_NORMAL_409,2263.0,2026-04-29 20:00:00
TXN007605,ACC_NORMAL_686,ACC_NORMAL_450,1011.0,2026-07-06 19:00:00
TXN007606,ACC_NORMAL_131,ACC_NORMAL_141,5986.0,2026-04-12 02:00:00
TXN007607,ACC_NORMAL_835,ACC_NORMAL_111,4469.0,2026-06-27 04:00:00
TXN007608,ACC_NORMAL_346,ACC_NORMAL_28,5450.0,2026-06-05 08:00:00
TXN007609,ACC_NORMAL_435,ACC_NORMAL_715,9560.0,2026-05-20 14:00:00
TXN007610,ACC_NORMAL_830,ACC_NORMAL_984,5591.0,2026-07-02 05:00:00
TXN007611,ACC_NORMAL_800,ACC_NORMAL_28,6720.0,2026-04-16 19:00:00
TXN007612,ACC_NORMAL_500,ACC_NORMAL_664,3832.0,2026-04-06 09:00:00
TXN007613,ACC_NORMAL_399,ACC_NORMAL_231,3566.0,2026-04-12 22:00:00
TXN007614,ACC_NORMAL_914,ACC_NORMAL_605,9638.0,2026-06-08 01:00:00
TXN007615,ACC_NORMAL_492,ACC_NORMAL_12,1754.0,2026-04-08 01:00:00
TXN007616,ACC_NORMAL_145,ACC_NORMAL_513,9365.0,2026-04-19 23:00:00
TXN007617,ACC_NORMAL_724,ACC_NORMAL_646,2185.0,2026-03-22 15:00:00
TXN007618,ACC_NORMAL_432,ACC_NORMAL_221,8192.0,2026-03-26 13:00:00
TXN007619,ACC_NORMAL_182,ACC_NORMAL_918,7948.0,2026-06-19 05:00:00
TXN007620,ACC_NORMAL_223,ACC_NORMAL_589,3897.0,2026-07-25 14:00:00
TXN007621,ACC_NORMAL_533,ACC_NORMAL_98,2310.0,2026-03-22 21:00:00
TXN007622,ACC_NORMAL_110,ACC_NORMAL_629,7982.0,2026-03-22 12:00:00
TXN007623,ACC_NORMAL_692,ACC_NORMAL_129,3843.0,2026-03-14 14:00:00
TXN007624,ACC_NORMAL_963,ACC_NORMAL_440,409.0,2026-07-27 08:00:00
TXN007625,ACC_NORMAL_616,ACC_NORMAL_157,5436.0,2026-06-12 20:00:00
TXN007626,ACC_NORMAL_649,ACC_NORMAL_237,1211.0,2026-06-27 19:00:00
TXN007627,ACC_NORMAL_775,ACC_NORMAL_549,7773.0,2026-07-22 10:00:00
TXN007628,ACC_NORMAL_565,ACC_NORMAL_76,6728.0,2026-06-18 01:00:00
TXN007629,ACC_NORMAL_274,ACC_NORMAL_678,5339.0,2026-06-07 05:00:00
TXN007630,ACC_NORMAL_272,ACC_NORMAL_348,4419.0,2026-06-26 06:00:00
TXN007631,ACC_NORMAL_640,ACC_NORMAL_195,2428.0,2026-03-17 16:00:00
TXN007632,ACC_NORMAL_740,ACC_NORMAL_297,1560.0,2026-06-01 05:00:00
TXN007633,ACC_NORMAL_400,ACC_NORMAL_673,9323.0,2026-07-06 08:00:00
TXN007634,ACC_NORMAL_32,ACC_NORMAL_326,8042.0,2026-07-08 16:00:00
TXN007635,ACC_NORMAL_128,ACC_NORMAL_419,7802.0,2026-05-21 10:00:00
TXN007636,ACC_NORMAL_636,ACC_NORMAL_516,6207.0,2026-03-12 12:00:00
TXN007637,ACC_NORMAL_721,ACC_NORMAL_688,8028.0,2026-07-04 07:00:00
TXN007638,ACC_NORMAL_664,ACC_NORMAL_898,7270.0,2026-06-26 15:00:00
TXN007639,ACC_NORMAL_244,ACC_NORMAL_237,5200.0,2026-03-04 23:00:00
TXN007640,ACC_NORMAL_59,ACC_NORMAL_937,4394.0,2026-05-14 15:00:00
TXN007641,ACC_NORMAL_640,ACC_NORMAL_809,7309.0,2026-05-31 18:00:00
TXN007642,ACC_NORMAL_145,ACC_NORMAL_742,5367.0,2026-07-04 00:00:00
TXN007643,ACC_NORMAL_903,ACC_NORMAL_198,9288.0,2026-05-13 19:00:00
TXN007644,ACC_NORMAL_607,ACC_NORMAL_669,8982.0,2026-06-30 17:00:00
TXN007645,ACC_NORMAL_255,ACC_NORMAL_735,7868.0,2026-06-01 22:00:00
TXN007646,ACC_NORMAL_206,ACC_NORMAL_241,7204.0,2026-05-23 17:00:00
TXN007647,ACC_NORMAL_682,ACC_NORMAL_973,7940.0,2026-05-21 00:00:00
TXN007648,ACC_NORMAL_495,ACC_NORMAL_309,5916.0,2026-04-01 09:00:00
TXN007649,ACC_NORMAL_527,ACC_NORMAL_141,2198.0,2026-03-28 03:00:00
TXN007650,ACC_NORMAL_494,ACC_NORMAL_106,2168.0,2026-05-13 00:00:00
TXN007651,ACC_NORMAL_315,ACC_NORMAL_92,9522.0,2026-04-22 18:00:00
TXN007652,ACC_NORMAL_421,ACC_NORMAL_798,4206.0,2026-03-15 09:00:00
TXN007653,ACC_NORMAL_947,ACC_NORMAL_413,3970.0,2026-03-26 17:00:00
TXN007654,ACC_NORMAL_50,ACC_NORMAL_431,4291.0,2026-05-30 10:00:00
TXN007655,ACC_NORMAL_181,ACC_NORMAL_656,6409.0,2026-05-09 21:00:00
TXN007656,ACC_NORMAL_881,ACC_NORMAL_547,2900.0,2026-05-27 12:00:00
TXN007657,ACC_NORMAL_154,ACC_NORMAL_924,3189.0,2026-07-02 09:00:00
TXN007658,ACC_NORMAL_159,ACC_NORMAL_482,3402.0,2026-06-27 03:00:00
TXN007659,ACC_NORMAL_409,ACC_NORMAL_652,5505.0,2026-06-21 03:00:00
TXN007660,ACC_NORMAL_849,ACC_NORMAL_404,8361.0,2026-03-09 10:00:00
TXN007661,ACC_NORMAL_136,ACC_NORMAL_784,2133.0,2026-07-04 06:00:00
TXN007662,ACC_NORMAL_330,ACC_NORMAL_686,762.0,2026-06-18 10:00:00
TXN007663,ACC_NORMAL_801,ACC_NORMAL_215,1858.0,2026-06-13 00:00:00
TXN007664,ACC_NORMAL_685,ACC_NORMAL_827,9256.0,2026-05-10 19:00:00
TXN007665,ACC_NORMAL_705,ACC_NORMAL_56,880.0,2026-07-10 06:00:00
TXN007666,ACC_NORMAL_888,ACC_NORMAL_27,7275.0,2026-05-15 04:00:00
TXN007667,ACC_NORMAL_131,ACC_NORMAL_219,6664.0,2026-05-06 16:00:00
TXN007668,ACC_NORMAL_671,ACC_NORMAL_493,6386.0,2026-07-06 20:00:00
TXN007669,ACC_NORMAL_522,ACC_NORMAL_215,352.0,2026-03-07 18:00:00
TXN007670,ACC_NORMAL_546,ACC_NORMAL_71,4432.0,2026-07-18 18:00:00
TXN007671,ACC_NORMAL_811,ACC_NORMAL_256,8479.0,2026-06-23 06:00:00
TXN007672,ACC_NORMAL_443,ACC_NORMAL_15,9982.0,2026-03-16 04:00:00
TXN007673,ACC_NORMAL_586,ACC_NORMAL_336,7713.0,2026-04-15 02:00:00
TXN007674,ACC_NORMAL_709,ACC_NORMAL_37,6163.0,2026-05-23 05:00:00
TXN007675,ACC_NORMAL_764,ACC_NORMAL_489,8646.0,2026-05-05 13:00:00
TXN007676,ACC_NORMAL_430,ACC_NORMAL_92,4800.0,2026-04-13 17:00:00
TXN007677,ACC_NORMAL_96,ACC_NORMAL_115,8627.0,2026-03-29 17:00:00
TXN007678,ACC_NORMAL_661,ACC_NORMAL_861,985.0,2026-03-19 09:00:00
TXN007679,ACC_NORMAL_360,ACC_NORMAL_163,9059.0,2026-03-10 00:00:00
TXN007680,ACC_NORMAL_468,ACC_NORMAL_484,6971.0,2026-06-17 08:00:00
TXN007681,ACC_NORMAL_348,ACC_NORMAL_413,8963.0,2026-07-03 23:00:00
TXN007682,ACC_NORMAL_603,ACC_NORMAL_50,3922.0,2026-05-04 16:00:00
TXN007683,ACC_NORMAL_606,ACC_NORMAL_790,6085.0,2026-05-14 14:00:00
TXN007684,ACC_NORMAL_605,ACC_NORMAL_43,2445.0,2026-04-01 15:00:00
TXN007685,ACC_NORMAL_141,ACC_NORMAL_649,7161.0,2026-03-18 04:00:00
TXN007686,ACC_NORMAL_910,ACC_NORMAL_886,6830.0,2026-03-18 08:00:00
TXN007687,ACC_NORMAL_843,ACC_NORMAL_909,7377.0,2026-07-05 00:00:00
TXN007688,ACC_NORMAL_903,ACC_NORMAL_163,7517.0,2026-04-10 14:00:00
TXN007689,ACC_NORMAL_36,ACC_NORMAL_321,5628.0,2026-06-28 04:00:00
TXN007690,ACC_NORMAL_181,ACC_NORMAL_846,1628.0,2026-05-08 12:00:00
TXN007691,ACC_NORMAL_488,ACC_NORMAL_99,5384.0,2026-05-10 01:00:00
TXN007692,ACC_NORMAL_558,ACC_NORMAL_703,2800.0,2026-04-19 13:00:00
TXN007693,ACC_NORMAL_647,ACC_NORMAL_146,2477.0,2026-03-19 01:00:00
TXN007694,ACC_NORMAL_135,ACC_NORMAL_761,5384.0,2026-03-24 23:00:00
TXN007695,ACC_NORMAL_961,ACC_NORMAL_261,9702.0,2026-05-30 12:00:00
TXN007696,ACC_NORMAL_643,ACC_NORMAL_908,3968.0,2026-06-09 06:00:00
TXN007697,ACC_NORMAL_638,ACC_NORMAL_964,7310.0,2026-06-19 04:00:00
TXN007698,ACC_NORMAL_481,ACC_NORMAL_903,6769.0,2026-06-13 19:00:00
TXN007699,ACC_NORMAL_185,ACC_NORMAL_184,4597.0,2026-03-31 05:00:00
TXN007700,ACC_NORMAL_117,ACC_NORMAL_463,7804.0,2026-07-19 02:00:00
TXN007701,ACC_NORMAL_458,ACC_NORMAL_555,4290.0,2026-03-05 01:00:00
TXN007702,ACC_NORMAL_159,ACC_NORMAL_578,3447.0,2026-05-26 23:00:00
TXN007703,ACC_NORMAL_309,ACC_NORMAL_762,9870.0,2026-05-25 01:00:00
TXN007704,ACC_NORMAL_926,ACC_NORMAL_303,8471.0,2026-07-14 06:00:00
TXN007705,ACC_NORMAL_108,ACC_NORMAL_897,8655.0,2026-05-26 15:00:00
TXN007706,ACC_NORMAL_412,ACC_NORMAL_142,459.0,2026-06-16 13:00:00
TXN007707,ACC_NORMAL_150,ACC_NORMAL_538,7902.0,2026-03-20 04:00:00
TXN007708,ACC_NORMAL_721,ACC_NORMAL_620,4863.0,2026-03-12 14:00:00
TXN007709,ACC_NORMAL_356,ACC_NORMAL_318,9881.0,2026-04-28 12:00:00
TXN007710,ACC_NORMAL_253,ACC_NORMAL_180,1902.0,2026-04-25 10:00:00
TXN007711,ACC_NORMAL_71,ACC_NORMAL_556,3365.0,2026-04-23 09:00:00
TXN007712,ACC_NORMAL_4,ACC_NORMAL_488,8801.0,2026-05-31 01:00:00
TXN007713,ACC_NORMAL_963,ACC_NORMAL_222,8049.0,2026-04-16 18:00:00
TXN007714,ACC_NORMAL_362,ACC_NORMAL_806,1187.0,2026-05-24 14:00:00
TXN007715,ACC_NORMAL_131,ACC_NORMAL_393,7580.0,2026-06-30 17:00:00
TXN007716,ACC_NORMAL_592,ACC_NORMAL_702,7915.0,2026-05-03 20:00:00
TXN007717,ACC_NORMAL_820,ACC_NORMAL_910,6159.0,2026-07-12 07:00:00
TXN007718,ACC_NORMAL_957,ACC_NORMAL_64,7331.0,2026-07-11 14:00:00
TXN007719,ACC_NORMAL_147,ACC_NORMAL_524,5708.0,2026-06-15 05:00:00
TXN007720,ACC_NORMAL_644,ACC_NORMAL_390,9302.0,2026-07-06 06:00:00
TXN007721,ACC_NORMAL_428,ACC_NORMAL_727,9442.0,2026-03-10 07:00:00
TXN007722,ACC_NORMAL_612,ACC_NORMAL_638,2113.0,2026-07-21 06:00:00
TXN007723,ACC_NORMAL_59,ACC_NORMAL_946,1575.0,2026-05-30 21:00:00
TXN007724,ACC_NORMAL_357,ACC_NORMAL_344,9211.0,2026-07-12 13:00:00
TXN007725,ACC_NORMAL_51,ACC_NORMAL_592,943.0,2026-06-19 23:00:00
TXN007726,ACC_NORMAL_507,ACC_NORMAL_836,8468.0,2026-05-23 03:00:00
TXN007727,ACC_NORMAL_893,ACC_NORMAL_960,2261.0,2026-04-10 15:00:00
TXN007728,ACC_NORMAL_474,ACC_NORMAL_693,9185.0,2026-07-07 23:00:00
TXN007729,ACC_NORMAL_616,ACC_NORMAL_50,4044.0,2026-03-18 02:00:00
TXN007730,ACC_NORMAL_379,ACC_NORMAL_355,9709.0,2026-03-30 21:00:00
TXN007731,ACC_NORMAL_415,ACC_NORMAL_968,1239.0,2026-04-06 00:00:00
TXN007732,ACC_NORMAL_317,ACC_NORMAL_295,7198.0,2026-04-11 16:00:00
TXN007733,ACC_NORMAL_143,ACC_NORMAL_943,2531.0,2026-04-08 12:00:00
TXN007734,ACC_NORMAL_631,ACC_NORMAL_745,717.0,2026-06-28 12:00:00
TXN007735,ACC_NORMAL_530,ACC_NORMAL_377,3464.0,2026-05-14 18:00:00
TXN007736,ACC_NORMAL_299,ACC_NORMAL_696,2816.0,2026-04-03 03:00:00
TXN007737,ACC_NORMAL_570,ACC_NORMAL_217,3340.0,2026-06-19 11:00:00
TXN007738,ACC_NORMAL_845,ACC_NORMAL_601,1115.0,2026-06-02 12:00:00
TXN007739,ACC_NORMAL_840,ACC_NORMAL_541,6940.0,2026-04-14 16:00:00
TXN007740,ACC_NORMAL_134,ACC_NORMAL_590,2538.0,2026-06-11 14:00:00
TXN007741,ACC_NORMAL_256,ACC_NORMAL_832,701.0,2026-06-21 21:00:00
TXN007742,ACC_NORMAL_488,ACC_NORMAL_260,2840.0,2026-05-26 01:00:00
TXN007743,ACC_NORMAL_784,ACC_NORMAL_27,5532.0,2026-06-21 10:00:00
TXN007744,ACC_NORMAL_939,ACC_NORMAL_586,1234.0,2026-04-12 17:00:00
TXN007745,ACC_NORMAL_413,ACC_NORMAL_281,849.0,2026-04-28 06:00:00
TXN007746,ACC_NORMAL_995,ACC_NORMAL_395,6695.0,2026-04-19 20:00:00
TXN007747,ACC_NORMAL_338,ACC_NORMAL_356,5475.0,2026-04-26 04:00:00
TXN007748,ACC_NORMAL_526,ACC_NORMAL_323,7526.0,2026-04-04 09:00:00
TXN007749,ACC_NORMAL_796,ACC_NORMAL_494,8496.0,2026-07-17 02:00:00
TXN007750,ACC_NORMAL_228,ACC_NORMAL_556,6146.0,2026-03-07 15:00:00
TXN007751,ACC_NORMAL_454,ACC_NORMAL_260,8197.0,2026-04-30 05:00:00
TXN007752,ACC_NORMAL_450,ACC_NORMAL_728,165.0,2026-06-13 23:00:00
TXN007753,ACC_NORMAL_717,ACC_NORMAL_206,8791.0,2026-03-20 07:00:00
TXN007754,ACC_NORMAL_421,ACC_NORMAL_157,1336.0,2026-05-15 09:00:00
TXN007755,ACC_NORMAL_955,ACC_NORMAL_149,7116.0,2026-05-11 06:00:00
TXN007756,ACC_NORMAL_217,ACC_NORMAL_30,3917.0,2026-05-07 01:00:00
TXN007757,ACC_NORMAL_258,ACC_NORMAL_822,6582.0,2026-06-10 18:00:00
TXN007758,ACC_NORMAL_890,ACC_NORMAL_284,3294.0,2026-06-07 10:00:00
TXN007759,ACC_NORMAL_357,ACC_NORMAL_803,6615.0,2026-05-15 10:00:00
TXN007760,ACC_NORMAL_782,ACC_NORMAL_407,4038.0,2026-06-15 22:00:00
TXN007761,ACC_NORMAL_236,ACC_NORMAL_25,6862.0,2026-06-18 22:00:00
TXN007762,ACC_NORMAL_836,ACC_NORMAL_97,8520.0,2026-04-30 03:00:00
TXN007763,ACC_NORMAL_676,ACC_NORMAL_711,5166.0,2026-04-07 16:00:00
TXN007764,ACC_NORMAL_428,ACC_NORMAL_123,5857.0,2026-04-01 15:00:00
TXN007765,ACC_NORMAL_261,ACC_NORMAL_987,2728.0,2026-05-29 09:00:00
TXN007766,ACC_NORMAL_272,ACC_NORMAL_144,5994.0,2026-03-20 13:00:00
TXN007767,ACC_NORMAL_953,ACC_NORMAL_648,6031.0,2026-04-12 17:00:00
TXN007768,ACC_NORMAL_624,ACC_NORMAL_79,7142.0,2026-05-01 23:00:00
TXN007769,ACC_NORMAL_500,ACC_NORMAL_47,4168.0,2026-03-12 02:00:00
TXN007770,ACC_NORMAL_248,ACC_NORMAL_47,7888.0,2026-07-22 01:00:00
TXN007771,ACC_NORMAL_124,ACC_NORMAL_926,9032.0,2026-03-31 02:00:00
TXN007772,ACC_NORMAL_952,ACC_NORMAL_264,4595.0,2026-05-27 17:00:00
TXN007773,ACC_NORMAL_1000,ACC_NORMAL_198,8817.0,2026-04-27 02:00:00
TXN007774,ACC_NORMAL_811,ACC_NORMAL_640,5619.0,2026-06-15 00:00:00
TXN007775,ACC_NORMAL_607,ACC_NORMAL_951,3240.0,2026-03-13 01:00:00
TXN007776,ACC_NORMAL_852,ACC_NORMAL_407,7860.0,2026-04-11 03:00:00
TXN007777,ACC_NORMAL_295,ACC_NORMAL_704,3726.0,2026-04-21 14:00:00
TXN007778,ACC_NORMAL_323,ACC_NORMAL_696,8198.0,2026-05-29 09:00:00
TXN007779,ACC_NORMAL_735,ACC_NORMAL_147,1793.0,2026-06-21 21:00:00
TXN007780,ACC_NORMAL_173,ACC_NORMAL_232,8605.0,2026-05-14 04:00:00
TXN007781,ACC_NORMAL_405,ACC_NORMAL_659,328.0,2026-05-30 03:00:00
TXN007782,ACC_NORMAL_973,ACC_NORMAL_685,9224.0,2026-03-18 23:00:00
TXN007783,ACC_NORMAL_14,ACC_NORMAL_871,9586.0,2026-07-22 00:00:00
TXN007784,ACC_NORMAL_40,ACC_NORMAL_782,9362.0,2026-04-19 15:00:00
TXN007785,ACC_NORMAL_586,ACC_NORMAL_754,9345.0,2026-04-13 04:00:00
TXN007786,ACC_NORMAL_835,ACC_NORMAL_1000,672.0,2026-03-15 00:00:00
TXN007787,ACC_NORMAL_538,ACC_NORMAL_755,2739.0,2026-07-21 18:00:00
TXN007788,ACC_NORMAL_703,ACC_NORMAL_286,3567.0,2026-04-18 08:00:00
TXN007789,ACC_NORMAL_564,ACC_NORMAL_88,8646.0,2026-04-07 02:00:00
TXN007790,ACC_NORMAL_541,ACC_NORMAL_521,782.0,2026-07-25 12:00:00
TXN007791,ACC_NORMAL_714,ACC_NORMAL_358,2693.0,2026-04-15 17:00:00
TXN007792,ACC_NORMAL_596,ACC_NORMAL_227,1279.0,2026-06-12 13:00:00
TXN007793,ACC_NORMAL_45,ACC_NORMAL_136,4320.0,2026-04-30 11:00:00
TXN007794,ACC_NORMAL_604,ACC_NORMAL_462,3328.0,2026-04-01 16:00:00
TXN007795,ACC_NORMAL_97,ACC_NORMAL_909,6233.0,2026-06-22 09:00:00
TXN007796,ACC_NORMAL_430,ACC_NORMAL_988,6332.0,2026-07-01 22:00:00
TXN007797,ACC_NORMAL_854,ACC_NORMAL_550,3770.0,2026-04-01 19:00:00
TXN007798,ACC_NORMAL_176,ACC_NORMAL_144,7060.0,2026-04-08 07:00:00
TXN007799,ACC_NORMAL_125,ACC_NORMAL_181,8004.0,2026-07-15 10:00:00
TXN007800,ACC_NORMAL_818,ACC_NORMAL_676,4477.0,2026-06-28 09:00:00
TXN007801,ACC_NORMAL_336,ACC_NORMAL_54,9700.0,2026-05-11 00:00:00
TXN007802,ACC_NORMAL_417,ACC_NORMAL_217,3611.0,2026-05-10 15:00:00
TXN007803,ACC_NORMAL_793,ACC_NORMAL_540,2576.0,2026-07-19 18:00:00
TXN007804,ACC_NORMAL_216,ACC_NORMAL_721,6861.0,2026-03-09 18:00:00
TXN007805,ACC_NORMAL_282,ACC_NORMAL_35,2134.0,2026-04-28 18:00:00
TXN007806,ACC_NORMAL_413,ACC_NORMAL_425,1302.0,2026-07-06 09:00:00
TXN007807,ACC_NORMAL_214,ACC_NORMAL_851,7763.0,2026-03-29 00:00:00
TXN007808,ACC_NORMAL_50,ACC_NORMAL_450,7050.0,2026-04-29 17:00:00
TXN007809,ACC_NORMAL_378,ACC_NORMAL_112,685.0,2026-03-21 19:00:00
TXN007810,ACC_NORMAL_243,ACC_NORMAL_50,3730.0,2026-03-30 01:00:00
TXN007811,ACC_NORMAL_330,ACC_NORMAL_972,4084.0,2026-06-01 00:00:00
TXN007812,ACC_NORMAL_943,ACC_NORMAL_800,3798.0,2026-03-15 22:00:00
TXN007813,ACC_NORMAL_30,ACC_NORMAL_995,8300.0,2026-06-06 17:00:00
TXN007814,ACC_NORMAL_308,ACC_NORMAL_289,1606.0,2026-06-15 19:00:00
TXN007815,ACC_NORMAL_43,ACC_NORMAL_325,4702.0,2026-07-01 08:00:00
TXN007816,ACC_NORMAL_433,ACC_NORMAL_300,1588.0,2026-03-21 03:00:00
TXN007817,ACC_NORMAL_792,ACC_NORMAL_566,3596.0,2026-07-17 16:00:00
TXN007818,ACC_NORMAL_5,ACC_NORMAL_218,5974.0,2026-06-03 19:00:00
TXN007819,ACC_NORMAL_701,ACC_NORMAL_400,2766.0,2026-03-30 12:00:00
TXN007820,ACC_NORMAL_630,ACC_NORMAL_214,3106.0,2026-07-23 03:00:00
TXN007821,ACC_NORMAL_8,ACC_NORMAL_430,5346.0,2026-07-16 06:00:00
TXN007822,ACC_NORMAL_840,ACC_NORMAL_718,2990.0,2026-06-29 10:00:00
TXN007823,ACC_NORMAL_493,ACC_NORMAL_205,6308.0,2026-07-04 22:00:00
TXN007824,ACC_NORMAL_242,ACC_NORMAL_751,8725.0,2026-07-08 19:00:00
TXN007825,ACC_NORMAL_448,ACC_NORMAL_922,9555.0,2026-03-09 17:00:00
TXN007826,ACC_NORMAL_36,ACC_NORMAL_580,6900.0,2026-04-28 12:00:00
TXN007827,ACC_NORMAL_738,ACC_NORMAL_380,5824.0,2026-03-22 15:00:00
TXN007828,ACC_NORMAL_350,ACC_NORMAL_261,5426.0,2026-06-06 19:00:00
TXN007829,ACC_NORMAL_761,ACC_NORMAL_115,2016.0,2026-07-15 15:00:00
TXN007830,ACC_NORMAL_454,ACC_NORMAL_789,1151.0,2026-03-24 15:00:00
TXN007831,ACC_NORMAL_433,ACC_NORMAL_737,7007.0,2026-04-22 11:00:00
TXN007832,ACC_NORMAL_122,ACC_NORMAL_294,4539.0,2026-03-13 21:00:00
TXN007833,ACC_NORMAL_670,ACC_NORMAL_956,4049.0,2026-05-25 01:00:00
TXN007834,ACC_NORMAL_416,ACC_NORMAL_299,4645.0,2026-04-23 09:00:00
TXN007835,ACC_NORMAL_759,ACC_NORMAL_487,1617.0,2026-03-16 22:00:00
TXN007836,ACC_NORMAL_918,ACC_NORMAL_702,5764.0,2026-03-25 16:00:00
TXN007837,ACC_NORMAL_614,ACC_NORMAL_842,4482.0,2026-06-01 16:00:00
TXN007838,ACC_NORMAL_129,ACC_NORMAL_814,9733.0,2026-04-22 21:00:00
TXN007839,ACC_NORMAL_111,ACC_NORMAL_258,1821.0,2026-05-16 00:00:00
TXN007840,ACC_NORMAL_208,ACC_NORMAL_383,1918.0,2026-06-07 17:00:00
TXN007841,ACC_NORMAL_516,ACC_NORMAL_920,5184.0,2026-05-10 19:00:00
TXN007842,ACC_NORMAL_59,ACC_NORMAL_502,8467.0,2026-07-15 02:00:00
TXN007843,ACC_NORMAL_557,ACC_NORMAL_130,2807.0,2026-04-14 03:00:00
TXN007844,ACC_NORMAL_801,ACC_NORMAL_255,397.0,2026-03-10 12:00:00
TXN007845,ACC_NORMAL_535,ACC_NORMAL_997,2344.0,2026-07-22 20:00:00
TXN007846,ACC_NORMAL_516,ACC_NORMAL_318,6288.0,2026-03-31 07:00:00
TXN007847,ACC_NORMAL_756,ACC_NORMAL_844,217.0,2026-06-30 17:00:00
TXN007848,ACC_NORMAL_845,ACC_NORMAL_979,4679.0,2026-03-19 03:00:00
TXN007849,ACC_NORMAL_717,ACC_NORMAL_863,4079.0,2026-04-26 01:00:00
TXN007850,ACC_NORMAL_558,ACC_NORMAL_83,9740.0,2026-04-17 07:00:00
TXN007851,ACC_NORMAL_640,ACC_NORMAL_777,4096.0,2026-03-21 00:00:00
TXN007852,ACC_NORMAL_233,ACC_NORMAL_951,8388.0,2026-05-05 18:00:00
TXN007853,ACC_NORMAL_13,ACC_NORMAL_560,8870.0,2026-06-21 17:00:00
TXN007854,ACC_NORMAL_143,ACC_NORMAL_435,2323.0,2026-07-11 04:00:00
TXN007855,ACC_NORMAL_384,ACC_NORMAL_695,7919.0,2026-05-02 23:00:00
TXN007856,ACC_NORMAL_198,ACC_NORMAL_383,6096.0,2026-06-14 23:00:00
TXN007857,ACC_NORMAL_683,ACC_NORMAL_494,3116.0,2026-07-21 15:00:00
TXN007858,ACC_NORMAL_372,ACC_NORMAL_601,3561.0,2026-06-18 01:00:00
TXN007859,ACC_NORMAL_73,ACC_NORMAL_701,3373.0,2026-05-11 17:00:00
TXN007860,ACC_NORMAL_869,ACC_NORMAL_442,248.0,2026-04-06 19:00:00
TXN007861,ACC_NORMAL_241,ACC_NORMAL_753,261.0,2026-05-14 18:00:00
TXN007862,ACC_NORMAL_854,ACC_NORMAL_965,6098.0,2026-07-01 06:00:00
TXN007863,ACC_NORMAL_481,ACC_NORMAL_7,3977.0,2026-03-30 01:00:00
TXN007864,ACC_NORMAL_201,ACC_NORMAL_512,4044.0,2026-03-27 16:00:00
TXN007865,ACC_NORMAL_146,ACC_NORMAL_133,6399.0,2026-07-06 03:00:00
TXN007866,ACC_NORMAL_312,ACC_NORMAL_269,7074.0,2026-06-09 09:00:00
TXN007867,ACC_NORMAL_823,ACC_NORMAL_517,2053.0,2026-03-21 04:00:00
TXN007868,ACC_NORMAL_839,ACC_NORMAL_223,6291.0,2026-04-28 07:00:00
TXN007869,ACC_NORMAL_257,ACC_NORMAL_719,2468.0,2026-05-23 03:00:00
TXN007870,ACC_NORMAL_493,ACC_NORMAL_940,4949.0,2026-05-01 15:00:00
TXN007871,ACC_NORMAL_390,ACC_NORMAL_84,1593.0,2026-07-17 20:00:00
TXN007872,ACC_NORMAL_382,ACC_NORMAL_634,4936.0,2026-07-15 07:00:00
TXN007873,ACC_NORMAL_986,ACC_NORMAL_875,9292.0,2026-04-09 01:00:00
TXN007874,ACC_NORMAL_659,ACC_NORMAL_458,778.0,2026-06-04 20:00:00
TXN007875,ACC_NORMAL_190,ACC_NORMAL_1,8120.0,2026-05-15 23:00:00
TXN007876,ACC_NORMAL_400,ACC_NORMAL_679,1308.0,2026-04-13 05:00:00
TXN007877,ACC_NORMAL_783,ACC_NORMAL_265,6929.0,2026-07-20 18:00:00
TXN007878,ACC_NORMAL_238,ACC_NORMAL_997,3076.0,2026-04-05 18:00:00
TXN007879,ACC_NORMAL_651,ACC_NORMAL_392,2626.0,2026-06-15 22:00:00
TXN007880,ACC_NORMAL_936,ACC_NORMAL_74,3202.0,2026-06-15 19:00:00
TXN007881,ACC_NORMAL_239,ACC_NORMAL_407,248.0,2026-04-29 17:00:00
TXN007882,ACC_NORMAL_75,ACC_NORMAL_94,2931.0,2026-03-06 06:00:00
TXN007883,ACC_NORMAL_601,ACC_NORMAL_21,7842.0,2026-04-17 10:00:00
TXN007884,ACC_NORMAL_374,ACC_NORMAL_766,7280.0,2026-07-19 00:00:00
TXN007885,ACC_NORMAL_619,ACC_NORMAL_297,5919.0,2026-07-26 15:00:00
TXN007886,ACC_NORMAL_731,ACC_NORMAL_88,6058.0,2026-03-29 17:00:00
TXN007887,ACC_NORMAL_574,ACC_NORMAL_139,9132.0,2026-06-18 03:00:00
TXN007888,ACC_NORMAL_956,ACC_NORMAL_481,7897.0,2026-04-09 01:00:00
TXN007889,ACC_NORMAL_351,ACC_NORMAL_483,2880.0,2026-06-01 19:00:00
TXN007890,ACC_NORMAL_947,ACC_NORMAL_27,4224.0,2026-06-14 16:00:00
TXN007891,ACC_NORMAL_885,ACC_NORMAL_478,1577.0,2026-04-19 17:00:00
TXN007892,ACC_NORMAL_189,ACC_NORMAL_543,4291.0,2026-06-06 04:00:00
TXN007893,ACC_NORMAL_250,ACC_NORMAL_644,8549.0,2026-04-21 16:00:00
TXN007894,ACC_NORMAL_400,ACC_NORMAL_696,278.0,2026-07-07 14:00:00
TXN007895,ACC_NORMAL_116,ACC_NORMAL_348,912.0,2026-07-27 16:00:00
TXN007896,ACC_NORMAL_888,ACC_NORMAL_953,6600.0,2026-03-23 20:00:00
TXN007897,ACC_NORMAL_556,ACC_NORMAL_375,7916.0,2026-04-23 14:00:00
TXN007898,ACC_NORMAL_605,ACC_NORMAL_84,1332.0,2026-06-16 01:00:00
TXN007899,ACC_NORMAL_36,ACC_NORMAL_691,1481.0,2026-04-02 13:00:00
TXN007900,ACC_NORMAL_110,ACC_NORMAL_595,9507.0,2026-07-02 15:00:00
TXN007901,ACC_NORMAL_219,ACC_NORMAL_818,4513.0,2026-07-20 20:00:00
TXN007902,ACC_NORMAL_636,ACC_NORMAL_593,8979.0,2026-03-15 16:00:00
TXN007903,ACC_NORMAL_457,ACC_NORMAL_203,8838.0,2026-03-30 01:00:00
TXN007904,ACC_NORMAL_123,ACC_NORMAL_855,320.0,2026-06-19 03:00:00
TXN007905,ACC_NORMAL_427,ACC_NORMAL_988,9239.0,2026-05-18 14:00:00
TXN007906,ACC_NORMAL_66,ACC_NORMAL_233,9709.0,2026-07-08 03:00:00
TXN007907,ACC_NORMAL_715,ACC_NORMAL_523,6216.0,2026-03-30 14:00:00
TXN007908,ACC_NORMAL_537,ACC_NORMAL_454,2403.0,2026-06-02 18:00:00
TXN007909,ACC_NORMAL_584,ACC_NORMAL_955,455.0,2026-03-30 05:00:00
TXN007910,ACC_NORMAL_865,ACC_NORMAL_520,7109.0,2026-03-26 14:00:00
TXN007911,ACC_NORMAL_357,ACC_NORMAL_466,8252.0,2026-07-25 05:00:00
TXN007912,ACC_NORMAL_749,ACC_NORMAL_738,141.0,2026-03-16 04:00:00
TXN007913,ACC_NORMAL_691,ACC_NORMAL_289,8304.0,2026-03-21 05:00:00
TXN007914,ACC_NORMAL_987,ACC_NORMAL_68,9774.0,2026-06-01 18:00:00
TXN007915,ACC_NORMAL_141,ACC_NORMAL_543,1473.0,2026-03-07 20:00:00
TXN007916,ACC_NORMAL_127,ACC_NORMAL_200,4492.0,2026-05-31 19:00:00
TXN007917,ACC_NORMAL_357,ACC_NORMAL_326,7112.0,2026-04-10 10:00:00
TXN007918,ACC_NORMAL_689,ACC_NORMAL_695,7002.0,2026-07-16 06:00:00
TXN007919,ACC_NORMAL_662,ACC_NORMAL_77,1798.0,2026-04-29 19:00:00
TXN007920,ACC_NORMAL_918,ACC_NORMAL_507,5683.0,2026-05-13 11:00:00
TXN007921,ACC_NORMAL_908,ACC_NORMAL_324,6088.0,2026-04-19 01:00:00
TXN007922,ACC_NORMAL_155,ACC_NORMAL_594,9895.0,2026-05-31 08:00:00
TXN007923,ACC_NORMAL_552,ACC_NORMAL_332,372.0,2026-05-19 14:00:00
TXN007924,ACC_NORMAL_427,ACC_NORMAL_371,5988.0,2026-03-08 02:00:00
TXN007925,ACC_NORMAL_395,ACC_NORMAL_704,8256.0,2026-06-14 08:00:00
TXN007926,ACC_NORMAL_303,ACC_NORMAL_552,7396.0,2026-07-10 03:00:00
TXN007927,ACC_NORMAL_304,ACC_NORMAL_636,9617.0,2026-07-15 14:00:00
TXN007928,ACC_NORMAL_453,ACC_NORMAL_852,682.0,2026-05-13 04:00:00
TXN007929,ACC_NORMAL_130,ACC_NORMAL_449,634.0,2026-05-05 21:00:00
TXN007930,ACC_NORMAL_280,ACC_NORMAL_947,322.0,2026-07-08 12:00:00
TXN007931,ACC_NORMAL_135,ACC_NORMAL_130,2825.0,2026-03-16 12:00:00
TXN007932,ACC_NORMAL_708,ACC_NORMAL_16,8474.0,2026-03-06 11:00:00
TXN007933,ACC_NORMAL_523,ACC_NORMAL_598,5478.0,2026-03-21 14:00:00
TXN007934,ACC_NORMAL_2,ACC_NORMAL_378,8957.0,2026-03-20 22:00:00
TXN007935,ACC_NORMAL_182,ACC_NORMAL_836,1477.0,2026-05-25 07:00:00
TXN007936,ACC_NORMAL_258,ACC_NORMAL_395,252.0,2026-06-08 01:00:00
TXN007937,ACC_NORMAL_572,ACC_NORMAL_127,9096.0,2026-07-23 15:00:00
TXN007938,ACC_NORMAL_259,ACC_NORMAL_477,3758.0,2026-04-16 08:00:00
TXN007939,ACC_NORMAL_571,ACC_NORMAL_661,754.0,2026-05-05 03:00:00
TXN007940,ACC_NORMAL_776,ACC_NORMAL_480,4258.0,2026-06-08 07:00:00
TXN007941,ACC_NORMAL_123,ACC_NORMAL_714,4197.0,2026-05-24 02:00:00
TXN007942,ACC_NORMAL_13,ACC_NORMAL_337,805.0,2026-04-19 22:00:00
TXN007943,ACC_NORMAL_760,ACC_NORMAL_529,4555.0,2026-07-02 12:00:00
TXN007944,ACC_NORMAL_883,ACC_NORMAL_375,5218.0,2026-04-14 15:00:00
TXN007945,ACC_NORMAL_404,ACC_NORMAL_538,7030.0,2026-04-07 00:00:00
TXN007946,ACC_NORMAL_89,ACC_NORMAL_27,4801.0,2026-05-05 17:00:00
TXN007947,ACC_NORMAL_248,ACC_NORMAL_789,874.0,2026-04-13 00:00:00
TXN007948,ACC_NORMAL_698,ACC_NORMAL_767,303.0,2026-07-06 06:00:00
TXN007949,ACC_NORMAL_955,ACC_NORMAL_111,6810.0,2026-06-06 22:00:00
TXN007950,ACC_NORMAL_362,ACC_NORMAL_749,2639.0,2026-04-05 00:00:00
TXN007951,ACC_NORMAL_485,ACC_NORMAL_635,6368.0,2026-07-27 01:00:00
TXN007952,ACC_NORMAL_525,ACC_NORMAL_543,3710.0,2026-05-14 05:00:00
TXN007953,ACC_NORMAL_46,ACC_NORMAL_271,9188.0,2026-06-11 23:00:00
TXN007954,ACC_NORMAL_919,ACC_NORMAL_557,2065.0,2026-06-28 08:00:00
TXN007955,ACC_NORMAL_861,ACC_NORMAL_845,317.0,2026-05-30 18:00:00
TXN007956,ACC_NORMAL_268,ACC_NORMAL_604,7608.0,2026-03-21 00:00:00
TXN007957,ACC_NORMAL_894,ACC_NORMAL_223,8833.0,2026-03-25 21:00:00
TXN007958,ACC_NORMAL_202,ACC_NORMAL_125,9415.0,2026-07-22 18:00:00
TXN007959,ACC_NORMAL_34,ACC_NORMAL_356,1829.0,2026-07-11 05:00:00
TXN007960,ACC_NORMAL_168,ACC_NORMAL_393,6032.0,2026-07-06 05:00:00
TXN007961,ACC_NORMAL_996,ACC_NORMAL_520,1401.0,2026-05-25 00:00:00
TXN007962,ACC_NORMAL_68,ACC_NORMAL_357,815.0,2026-06-28 10:00:00
TXN007963,ACC_NORMAL_649,ACC_NORMAL_565,349.0,2026-04-02 04:00:00
TXN007964,ACC_NORMAL_783,ACC_NORMAL_675,5053.0,2026-04-10 23:00:00
TXN007965,ACC_NORMAL_576,ACC_NORMAL_232,4705.0,2026-04-13 23:00:00
TXN007966,ACC_NORMAL_873,ACC_NORMAL_681,9223.0,2026-07-12 20:00:00
TXN007967,ACC_NORMAL_909,ACC_NORMAL_374,5009.0,2026-05-22 06:00:00
TXN007968,ACC_NORMAL_561,ACC_NORMAL_818,934.0,2026-07-03 16:00:00
TXN007969,ACC_NORMAL_217,ACC_NORMAL_786,7258.0,2026-07-05 04:00:00
TXN007970,ACC_NORMAL_270,ACC_NORMAL_531,126.0,2026-07-04 21:00:00
TXN007971,ACC_NORMAL_484,ACC_NORMAL_53,3761.0,2026-03-11 16:00:00
TXN007972,ACC_NORMAL_487,ACC_NORMAL_696,5327.0,2026-07-26 01:00:00
TXN007973,ACC_NORMAL_195,ACC_NORMAL_706,7568.0,2026-04-15 12:00:00
TXN007974,ACC_NORMAL_58,ACC_NORMAL_131,8442.0,2026-03-26 05:00:00
TXN007975,ACC_NORMAL_894,ACC_NORMAL_524,2425.0,2026-07-16 23:00:00
TXN007976,ACC_NORMAL_81,ACC_NORMAL_777,4302.0,2026-03-17 09:00:00
TXN007977,ACC_NORMAL_701,ACC_NORMAL_596,3042.0,2026-07-27 08:00:00
TXN007978,ACC_NORMAL_175,ACC_NORMAL_213,904.0,2026-07-15 07:00:00
TXN007979,ACC_NORMAL_890,ACC_NORMAL_845,3456.0,2026-07-03 20:00:00
TXN007980,ACC_NORMAL_588,ACC_NORMAL_908,3098.0,2026-05-17 15:00:00
TXN007981,ACC_NORMAL_70,ACC_NORMAL_628,8503.0,2026-03-05 03:00:00
TXN007982,ACC_NORMAL_998,ACC_NORMAL_832,4577.0,2026-05-12 23:00:00
TXN007983,ACC_NORMAL_627,ACC_NORMAL_733,985.0,2026-06-05 04:00:00
TXN007984,ACC_NORMAL_790,ACC_NORMAL_157,8554.0,2026-03-16 03:00:00
TXN007985,ACC_NORMAL_127,ACC_NORMAL_733,5946.0,2026-06-15 02:00:00
TXN007986,ACC_NORMAL_919,ACC_NORMAL_732,6471.0,2026-06-26 08:00:00
TXN007987,ACC_NORMAL_825,ACC_NORMAL_578,6079.0,2026-07-02 17:00:00
TXN007988,ACC_NORMAL_840,ACC_NORMAL_844,8153.0,2026-05-28 00:00:00
TXN007989,ACC_NORMAL_587,ACC_NORMAL_287,2265.0,2026-06-12 17:00:00
TXN007990,ACC_NORMAL_726,ACC_NORMAL_97,777.0,2026-05-15 16:00:00
TXN007991,ACC_NORMAL_603,ACC_NORMAL_755,8442.0,2026-06-10 12:00:00
TXN007992,ACC_NORMAL_200,ACC_NORMAL_913,9681.0,2026-06-27 19:00:00
TXN007993,ACC_NORMAL_320,ACC_NORMAL_547,903.0,2026-04-14 08:00:00
TXN007994,ACC_NORMAL_923,ACC_NORMAL_763,7026.0,2026-03-21 08:00:00
TXN007995,ACC_NORMAL_651,ACC_NORMAL_455,3784.0,2026-07-04 23:00:00
TXN007996,ACC_NORMAL_756,ACC_NORMAL_870,4751.0,2026-05-02 01:00:00
TXN007997,ACC_NORMAL_29,ACC_NORMAL_912,7542.0,2026-07-03 00:00:00
TXN007998,ACC_NORMAL_562,ACC_NORMAL_941,2830.0,2026-06-23 05:00:00
TXN007999,ACC_NORMAL_502,ACC_NORMAL_585,2919.0,2026-07-02 10:00:00
TXN008000,ACC_NORMAL_173,ACC_NORMAL_952,6065.0,2026-05-16 21:00:00
TXN008001,ACC_NORMAL_687,ACC_NORMAL_577,4489.0,2026-05-09 20:00:00
TXN008002,ACC_NORMAL_393,ACC_NORMAL_954,4070.0,2026-05-19 03:00:00
TXN008003,ACC_NORMAL_658,ACC_NORMAL_401,4539.0,2026-06-02 11:00:00
TXN008004,ACC_NORMAL_8,ACC_NORMAL_999,9383.0,2026-05-16 12:00:00
TXN008005,ACC_NORMAL_331,ACC_NORMAL_377,2288.0,2026-06-08 00:00:00
TXN008006,ACC_NORMAL_908,ACC_NORMAL_271,2960.0,2026-06-25 15:00:00
TXN008007,ACC_NORMAL_19,ACC_NORMAL_846,8608.0,2026-04-21 21:00:00
TXN008008,ACC_NORMAL_468,ACC_NORMAL_197,229.0,2026-05-18 10:00:00
TXN008009,ACC_NORMAL_69,ACC_NORMAL_465,6739.0,2026-05-01 04:00:00
TXN008010,ACC_NORMAL_242,ACC_NORMAL_802,6441.0,2026-05-25 05:00:00
TXN008011,ACC_NORMAL_108,ACC_NORMAL_799,1628.0,2026-07-15 20:00:00
TXN008012,ACC_NORMAL_617,ACC_NORMAL_341,1621.0,2026-03-23 04:00:00
TXN008013,ACC_NORMAL_606,ACC_NORMAL_350,7706.0,2026-06-13 03:00:00
TXN008014,ACC_NORMAL_777,ACC_NORMAL_87,2361.0,2026-03-24 05:00:00
TXN008015,ACC_NORMAL_246,ACC_NORMAL_597,2537.0,2026-07-24 04:00:00
TXN008016,ACC_NORMAL_438,ACC_NORMAL_872,814.0,2026-06-28 11:00:00
TXN008017,ACC_NORMAL_596,ACC_NORMAL_970,6541.0,2026-06-28 01:00:00
TXN008018,ACC_NORMAL_274,ACC_NORMAL_815,4638.0,2026-03-21 18:00:00
TXN008019,ACC_NORMAL_335,ACC_NORMAL_757,6666.0,2026-03-15 23:00:00
TXN008020,ACC_NORMAL_123,ACC_NORMAL_129,9037.0,2026-04-18 08:00:00
TXN008021,ACC_NORMAL_39,ACC_NORMAL_820,5983.0,2026-05-13 13:00:00
TXN008022,ACC_NORMAL_56,ACC_NORMAL_646,8170.0,2026-07-05 10:00:00
TXN008023,ACC_NORMAL_537,ACC_NORMAL_194,3236.0,2026-07-15 00:00:00
TXN008024,ACC_NORMAL_289,ACC_NORMAL_374,1684.0,2026-04-18 18:00:00
TXN008025,ACC_NORMAL_321,ACC_NORMAL_702,8080.0,2026-06-16 17:00:00
TXN008026,ACC_NORMAL_738,ACC_NORMAL_589,1085.0,2026-07-08 13:00:00
TXN008027,ACC_NORMAL_708,ACC_NORMAL_998,5890.0,2026-07-24 00:00:00
TXN008028,ACC_NORMAL_176,ACC_NORMAL_90,7246.0,2026-04-27 12:00:00
TXN008029,ACC_NORMAL_121,ACC_NORMAL_60,4180.0,2026-05-13 12:00:00
TXN008030,ACC_NORMAL_908,ACC_NORMAL_881,5398.0,2026-03-30 19:00:00
TXN008031,ACC_NORMAL_160,ACC_NORMAL_313,1614.0,2026-05-31 07:00:00
TXN008032,ACC_NORMAL_961,ACC_NORMAL_61,8374.0,2026-04-16 19:00:00
TXN008033,ACC_NORMAL_416,ACC_NORMAL_668,6342.0,2026-07-24 17:00:00
TXN008034,ACC_NORMAL_910,ACC_NORMAL_799,736.0,2026-05-18 19:00:00
TXN008035,ACC_NORMAL_748,ACC_NORMAL_768,7593.0,2026-03-30 20:00:00
TXN008036,ACC_NORMAL_55,ACC_NORMAL_123,6803.0,2026-03-21 01:00:00
TXN008037,ACC_NORMAL_261,ACC_NORMAL_561,195.0,2026-03-07 05:00:00
TXN008038,ACC_NORMAL_701,ACC_NORMAL_160,8176.0,2026-03-05 22:00:00
TXN008039,ACC_NORMAL_608,ACC_NORMAL_875,5228.0,2026-03-17 11:00:00
TXN008040,ACC_NORMAL_371,ACC_NORMAL_786,3312.0,2026-05-07 14:00:00
TXN008041,ACC_NORMAL_673,ACC_NORMAL_321,8792.0,2026-04-15 15:00:00
TXN008042,ACC_NORMAL_403,ACC_NORMAL_222,4136.0,2026-03-09 23:00:00
TXN008043,ACC_NORMAL_219,ACC_NORMAL_923,4049.0,2026-06-01 16:00:00
TXN008044,ACC_NORMAL_581,ACC_NORMAL_255,2134.0,2026-06-07 03:00:00
TXN008045,ACC_NORMAL_925,ACC_NORMAL_402,6070.0,2026-06-04 03:00:00
TXN008046,ACC_NORMAL_787,ACC_NORMAL_413,7476.0,2026-07-28 03:00:00
TXN008047,ACC_NORMAL_177,ACC_NORMAL_576,4856.0,2026-07-03 00:00:00
TXN008048,ACC_NORMAL_875,ACC_NORMAL_489,8538.0,2026-06-14 19:00:00
TXN008049,ACC_NORMAL_336,ACC_NORMAL_94,9431.0,2026-06-15 07:00:00
TXN008050,ACC_NORMAL_608,ACC_NORMAL_535,7140.0,2026-06-27 08:00:00
TXN008051,ACC_NORMAL_840,ACC_NORMAL_35,4128.0,2026-04-01 00:00:00
TXN008052,ACC_NORMAL_716,ACC_NORMAL_928,1218.0,2026-05-12 14:00:00
TXN008053,ACC_NORMAL_675,ACC_NORMAL_59,816.0,2026-07-01 06:00:00
TXN008054,ACC_NORMAL_766,ACC_NORMAL_593,161.0,2026-05-27 06:00:00
TXN008055,ACC_NORMAL_505,ACC_NORMAL_370,5720.0,2026-07-10 11:00:00
TXN008056,ACC_NORMAL_852,ACC_NORMAL_94,7745.0,2026-04-05 00:00:00
TXN008057,ACC_NORMAL_861,ACC_NORMAL_480,3281.0,2026-03-14 06:00:00
TXN008058,ACC_NORMAL_987,ACC_NORMAL_314,8023.0,2026-07-24 02:00:00
TXN008059,ACC_NORMAL_238,ACC_NORMAL_627,2266.0,2026-05-10 10:00:00
TXN008060,ACC_NORMAL_663,ACC_NORMAL_813,1176.0,2026-03-20 15:00:00
TXN008061,ACC_NORMAL_459,ACC_NORMAL_250,5973.0,2026-03-19 11:00:00
TXN008062,ACC_NORMAL_799,ACC_NORMAL_900,2245.0,2026-06-10 05:00:00
TXN008063,ACC_NORMAL_158,ACC_NORMAL_282,8783.0,2026-04-23 05:00:00
TXN008064,ACC_NORMAL_337,ACC_NORMAL_887,5865.0,2026-07-17 07:00:00
TXN008065,ACC_NORMAL_968,ACC_NORMAL_220,3402.0,2026-07-09 19:00:00
TXN008066,ACC_NORMAL_220,ACC_NORMAL_958,7324.0,2026-06-09 02:00:00
TXN008067,ACC_NORMAL_334,ACC_NORMAL_38,7710.0,2026-03-13 09:00:00
TXN008068,ACC_NORMAL_539,ACC_NORMAL_890,3536.0,2026-06-08 19:00:00
TXN008069,ACC_NORMAL_785,ACC_NORMAL_686,9932.0,2026-07-27 04:00:00
TXN008070,ACC_NORMAL_621,ACC_NORMAL_903,1047.0,2026-04-22 22:00:00
TXN008071,ACC_NORMAL_871,ACC_NORMAL_936,7392.0,2026-04-29 11:00:00
TXN008072,ACC_NORMAL_67,ACC_NORMAL_212,8561.0,2026-07-16 13:00:00
TXN008073,ACC_NORMAL_545,ACC_NORMAL_276,2839.0,2026-03-29 09:00:00
TXN008074,ACC_NORMAL_356,ACC_NORMAL_619,6950.0,2026-03-06 09:00:00
TXN008075,ACC_NORMAL_123,ACC_NORMAL_9,9404.0,2026-04-23 23:00:00
TXN008076,ACC_NORMAL_840,ACC_NORMAL_300,2111.0,2026-03-08 16:00:00
TXN008077,ACC_NORMAL_429,ACC_NORMAL_715,4398.0,2026-03-06 21:00:00
TXN008078,ACC_NORMAL_705,ACC_NORMAL_300,2708.0,2026-06-05 19:00:00
TXN008079,ACC_NORMAL_547,ACC_NORMAL_559,7185.0,2026-07-11 08:00:00
TXN008080,ACC_NORMAL_733,ACC_NORMAL_74,9366.0,2026-04-19 22:00:00
TXN008081,ACC_NORMAL_472,ACC_NORMAL_880,7526.0,2026-03-14 14:00:00
TXN008082,ACC_NORMAL_917,ACC_NORMAL_759,1696.0,2026-07-17 16:00:00
TXN008083,ACC_NORMAL_518,ACC_NORMAL_347,1828.0,2026-07-16 18:00:00
TXN008084,ACC_NORMAL_96,ACC_NORMAL_613,9697.0,2026-03-08 06:00:00
TXN008085,ACC_NORMAL_852,ACC_NORMAL_228,9491.0,2026-06-21 02:00:00
TXN008086,ACC_NORMAL_296,ACC_NORMAL_135,9159.0,2026-03-26 16:00:00
TXN008087,ACC_NORMAL_834,ACC_NORMAL_810,4521.0,2026-04-17 03:00:00
TXN008088,ACC_NORMAL_964,ACC_NORMAL_835,132.0,2026-03-25 01:00:00
TXN008089,ACC_NORMAL_640,ACC_NORMAL_509,3610.0,2026-07-07 02:00:00
TXN008090,ACC_NORMAL_70,ACC_NORMAL_338,709.0,2026-05-05 07:00:00
TXN008091,ACC_NORMAL_636,ACC_NORMAL_277,863.0,2026-06-01 09:00:00
TXN008092,ACC_NORMAL_162,ACC_NORMAL_408,4838.0,2026-03-21 17:00:00
TXN008093,ACC_NORMAL_213,ACC_NORMAL_567,5088.0,2026-05-26 08:00:00
TXN008094,ACC_NORMAL_37,ACC_NORMAL_171,7296.0,2026-04-10 18:00:00
TXN008095,ACC_NORMAL_77,ACC_NORMAL_275,9321.0,2026-05-18 01:00:00
TXN008096,ACC_NORMAL_281,ACC_NORMAL_798,6381.0,2026-04-14 23:00:00
TXN008097,ACC_NORMAL_70,ACC_NORMAL_502,6931.0,2026-04-05 15:00:00
TXN008098,ACC_NORMAL_51,ACC_NORMAL_914,7332.0,2026-04-04 18:00:00
TXN008099,ACC_NORMAL_116,ACC_NORMAL_75,7258.0,2026-05-24 03:00:00
TXN008100,ACC_NORMAL_73,ACC_NORMAL_392,9281.0,2026-06-22 08:00:00
TXN008101,ACC_NORMAL_790,ACC_NORMAL_422,1172.0,2026-04-10 21:00:00
TXN008102,ACC_NORMAL_941,ACC_NORMAL_150,5995.0,2026-07-01 04:00:00
TXN008103,ACC_NORMAL_960,ACC_NORMAL_519,9849.0,2026-07-09 17:00:00
TXN008104,ACC_NORMAL_680,ACC_NORMAL_508,5347.0,2026-07-06 20:00:00
TXN008105,ACC_NORMAL_858,ACC_NORMAL_511,8384.0,2026-07-26 00:00:00
TXN008106,ACC_NORMAL_406,ACC_NORMAL_931,2407.0,2026-03-18 11:00:00
TXN008107,ACC_NORMAL_875,ACC_NORMAL_684,3294.0,2026-04-10 20:00:00
TXN008108,ACC_NORMAL_386,ACC_NORMAL_53,7010.0,2026-05-08 19:00:00
TXN008109,ACC_NORMAL_252,ACC_NORMAL_505,9325.0,2026-07-18 19:00:00
TXN008110,ACC_NORMAL_77,ACC_NORMAL_846,5462.0,2026-06-07 00:00:00
TXN008111,ACC_NORMAL_512,ACC_NORMAL_5,2525.0,2026-05-17 04:00:00
TXN008112,ACC_NORMAL_856,ACC_NORMAL_203,9125.0,2026-07-25 19:00:00
TXN008113,ACC_NORMAL_704,ACC_NORMAL_121,2309.0,2026-04-08 13:00:00
TXN008114,ACC_NORMAL_304,ACC_NORMAL_470,7785.0,2026-06-30 19:00:00
TXN008115,ACC_NORMAL_271,ACC_NORMAL_794,1123.0,2026-04-23 14:00:00
TXN008116,ACC_NORMAL_981,ACC_NORMAL_440,678.0,2026-07-18 00:00:00
TXN008117,ACC_NORMAL_719,ACC_NORMAL_724,8766.0,2026-07-07 07:00:00
TXN008118,ACC_NORMAL_931,ACC_NORMAL_664,8296.0,2026-03-11 10:00:00
TXN008119,ACC_NORMAL_788,ACC_NORMAL_301,955.0,2026-05-11 06:00:00
TXN008120,ACC_NORMAL_501,ACC_NORMAL_985,8644.0,2026-07-17 13:00:00
TXN008121,ACC_NORMAL_701,ACC_NORMAL_742,3897.0,2026-07-12 08:00:00
TXN008122,ACC_NORMAL_325,ACC_NORMAL_295,3112.0,2026-07-04 11:00:00
TXN008123,ACC_NORMAL_734,ACC_NORMAL_596,3908.0,2026-06-29 06:00:00
TXN008124,ACC_NORMAL_703,ACC_NORMAL_553,6987.0,2026-03-18 22:00:00
TXN008125,ACC_NORMAL_206,ACC_NORMAL_776,1139.0,2026-05-15 02:00:00
TXN008126,ACC_NORMAL_446,ACC_NORMAL_889,2764.0,2026-06-09 22:00:00
TXN008127,ACC_NORMAL_22,ACC_NORMAL_936,2090.0,2026-06-03 08:00:00
TXN008128,ACC_NORMAL_791,ACC_NORMAL_38,6487.0,2026-03-17 12:00:00
TXN008129,ACC_NORMAL_757,ACC_NORMAL_871,3203.0,2026-05-27 05:00:00
TXN008130,ACC_NORMAL_310,ACC_NORMAL_105,6057.0,2026-05-11 00:00:00
TXN008131,ACC_NORMAL_897,ACC_NORMAL_811,3060.0,2026-06-18 19:00:00
TXN008132,ACC_NORMAL_185,ACC_NORMAL_641,1326.0,2026-04-13 22:00:00
TXN008133,ACC_NORMAL_401,ACC_NORMAL_373,3348.0,2026-06-30 03:00:00
TXN008134,ACC_NORMAL_665,ACC_NORMAL_321,7067.0,2026-04-28 13:00:00
TXN008135,ACC_NORMAL_132,ACC_NORMAL_5,8840.0,2026-07-13 05:00:00
TXN008136,ACC_NORMAL_320,ACC_NORMAL_731,9549.0,2026-03-25 23:00:00
TXN008137,ACC_NORMAL_237,ACC_NORMAL_315,6165.0,2026-04-19 07:00:00
TXN008138,ACC_NORMAL_664,ACC_NORMAL_506,7761.0,2026-06-21 04:00:00
TXN008139,ACC_NORMAL_736,ACC_NORMAL_393,1460.0,2026-05-09 16:00:00
TXN008140,ACC_NORMAL_595,ACC_NORMAL_264,7220.0,2026-05-07 10:00:00
TXN008141,ACC_NORMAL_2,ACC_NORMAL_58,6059.0,2026-05-17 10:00:00
TXN008142,ACC_NORMAL_10,ACC_NORMAL_677,8340.0,2026-06-19 13:00:00
TXN008143,ACC_NORMAL_475,ACC_NORMAL_490,2466.0,2026-04-15 12:00:00
TXN008144,ACC_NORMAL_26,ACC_NORMAL_652,2470.0,2026-03-16 05:00:00
TXN008145,ACC_NORMAL_561,ACC_NORMAL_663,1021.0,2026-05-20 07:00:00
TXN008146,ACC_NORMAL_639,ACC_NORMAL_173,3059.0,2026-03-30 09:00:00
TXN008147,ACC_NORMAL_301,ACC_NORMAL_633,4867.0,2026-03-10 23:00:00
TXN008148,ACC_NORMAL_394,ACC_NORMAL_333,7069.0,2026-05-20 00:00:00
TXN008149,ACC_NORMAL_665,ACC_NORMAL_985,7230.0,2026-05-17 16:00:00
TXN008150,ACC_NORMAL_534,ACC_NORMAL_487,8151.0,2026-04-04 16:00:00
TXN008151,ACC_NORMAL_663,ACC_NORMAL_980,7932.0,2026-05-16 05:00:00
TXN008152,ACC_NORMAL_28,ACC_NORMAL_192,3707.0,2026-04-03 05:00:00
TXN008153,ACC_NORMAL_264,ACC_NORMAL_464,2308.0,2026-04-21 04:00:00
TXN008154,ACC_NORMAL_619,ACC_NORMAL_549,3485.0,2026-04-04 19:00:00
TXN008155,ACC_NORMAL_718,ACC_NORMAL_626,6828.0,2026-04-13 10:00:00
TXN008156,ACC_NORMAL_790,ACC_NORMAL_553,294.0,2026-05-21 09:00:00
TXN008157,ACC_NORMAL_943,ACC_NORMAL_311,1362.0,2026-03-17 14:00:00
TXN008158,ACC_NORMAL_334,ACC_NORMAL_175,8762.0,2026-06-28 20:00:00
TXN008159,ACC_NORMAL_778,ACC_NORMAL_544,5040.0,2026-07-28 07:00:00
TXN008160,ACC_NORMAL_716,ACC_NORMAL_497,9326.0,2026-04-12 03:00:00
TXN008161,ACC_NORMAL_69,ACC_NORMAL_941,533.0,2026-04-10 16:00:00
TXN008162,ACC_NORMAL_96,ACC_NORMAL_373,2383.0,2026-07-05 21:00:00
TXN008163,ACC_NORMAL_898,ACC_NORMAL_123,6595.0,2026-05-22 15:00:00
TXN008164,ACC_NORMAL_214,ACC_NORMAL_195,8546.0,2026-05-31 14:00:00
TXN008165,ACC_NORMAL_103,ACC_NORMAL_164,3632.0,2026-04-20 09:00:00
TXN008166,ACC_NORMAL_899,ACC_NORMAL_785,2424.0,2026-07-15 04:00:00
TXN008167,ACC_NORMAL_635,ACC_NORMAL_483,7137.0,2026-05-12 10:00:00
TXN008168,ACC_NORMAL_514,ACC_NORMAL_712,1486.0,2026-07-06 23:00:00
TXN008169,ACC_NORMAL_794,ACC_NORMAL_751,599.0,2026-03-31 20:00:00
TXN008170,ACC_NORMAL_116,ACC_NORMAL_219,9045.0,2026-03-15 00:00:00
TXN008171,ACC_NORMAL_973,ACC_NORMAL_615,4511.0,2026-04-23 13:00:00
TXN008172,ACC_NORMAL_274,ACC_NORMAL_426,7920.0,2026-03-15 19:00:00
TXN008173,ACC_NORMAL_778,ACC_NORMAL_178,1351.0,2026-03-08 14:00:00
TXN008174,ACC_NORMAL_338,ACC_NORMAL_860,676.0,2026-06-26 14:00:00
TXN008175,ACC_NORMAL_59,ACC_NORMAL_383,6366.0,2026-06-04 01:00:00
TXN008176,ACC_NORMAL_793,ACC_NORMAL_262,654.0,2026-04-13 19:00:00
TXN008177,ACC_NORMAL_771,ACC_NORMAL_238,9758.0,2026-07-23 21:00:00
TXN008178,ACC_NORMAL_185,ACC_NORMAL_385,5233.0,2026-05-25 12:00:00
TXN008179,ACC_NORMAL_40,ACC_NORMAL_662,1153.0,2026-04-03 14:00:00
TXN008180,ACC_NORMAL_499,ACC_NORMAL_117,6521.0,2026-06-13 19:00:00
TXN008181,ACC_NORMAL_125,ACC_NORMAL_255,6504.0,2026-06-11 18:00:00
TXN008182,ACC_NORMAL_287,ACC_NORMAL_388,3314.0,2026-05-28 18:00:00
TXN008183,ACC_NORMAL_25,ACC_NORMAL_337,5381.0,2026-04-09 10:00:00
TXN008184,ACC_NORMAL_756,ACC_NORMAL_25,9782.0,2026-04-16 20:00:00
TXN008185,ACC_NORMAL_326,ACC_NORMAL_286,2436.0,2026-03-25 04:00:00
TXN008186,ACC_NORMAL_539,ACC_NORMAL_295,9346.0,2026-05-16 13:00:00
TXN008187,ACC_NORMAL_719,ACC_NORMAL_358,749.0,2026-06-10 03:00:00
TXN008188,ACC_NORMAL_796,ACC_NORMAL_317,3880.0,2026-04-12 13:00:00
TXN008189,ACC_NORMAL_344,ACC_NORMAL_664,8253.0,2026-07-22 16:00:00
TXN008190,ACC_NORMAL_47,ACC_NORMAL_74,2183.0,2026-03-21 18:00:00
TXN008191,ACC_NORMAL_792,ACC_NORMAL_979,3591.0,2026-07-20 14:00:00
TXN008192,ACC_NORMAL_511,ACC_NORMAL_306,9558.0,2026-06-08 15:00:00
TXN008193,ACC_NORMAL_230,ACC_NORMAL_791,7329.0,2026-05-02 11:00:00
TXN008194,ACC_NORMAL_688,ACC_NORMAL_425,2286.0,2026-04-05 09:00:00
TXN008195,ACC_NORMAL_937,ACC_NORMAL_252,8675.0,2026-05-25 09:00:00
TXN008196,ACC_NORMAL_302,ACC_NORMAL_583,4356.0,2026-06-16 02:00:00
TXN008197,ACC_NORMAL_826,ACC_NORMAL_268,6054.0,2026-03-16 20:00:00
TXN008198,ACC_NORMAL_776,ACC_NORMAL_121,7253.0,2026-07-06 14:00:00
TXN008199,ACC_NORMAL_129,ACC_NORMAL_828,913.0,2026-06-30 22:00:00
TXN008200,ACC_NORMAL_665,ACC_NORMAL_520,9351.0,2026-05-28 12:00:00
TXN008201,ACC_NORMAL_837,ACC_NORMAL_857,3744.0,2026-06-29 16:00:00
TXN008202,ACC_NORMAL_119,ACC_NORMAL_522,2216.0,2026-04-17 21:00:00
TXN008203,ACC_NORMAL_113,ACC_NORMAL_116,707.0,2026-07-19 17:00:00
TXN008204,ACC_NORMAL_447,ACC_NORMAL_290,9176.0,2026-06-10 18:00:00
TXN008205,ACC_NORMAL_941,ACC_NORMAL_553,5644.0,2026-06-21 22:00:00
TXN008206,ACC_NORMAL_312,ACC_NORMAL_296,7073.0,2026-06-22 15:00:00
TXN008207,ACC_NORMAL_428,ACC_NORMAL_965,3233.0,2026-07-11 07:00:00
TXN008208,ACC_NORMAL_109,ACC_NORMAL_855,6270.0,2026-05-06 06:00:00
TXN008209,ACC_NORMAL_119,ACC_NORMAL_910,7226.0,2026-04-09 03:00:00
TXN008210,ACC_NORMAL_68,ACC_NORMAL_215,6948.0,2026-06-05 21:00:00
TXN008211,ACC_NORMAL_205,ACC_NORMAL_681,8073.0,2026-07-10 20:00:00
TXN008212,ACC_NORMAL_827,ACC_NORMAL_952,7633.0,2026-05-26 20:00:00
TXN008213,ACC_NORMAL_876,ACC_NORMAL_472,1728.0,2026-05-28 23:00:00
TXN008214,ACC_NORMAL_505,ACC_NORMAL_678,1623.0,2026-07-03 15:00:00
TXN008215,ACC_NORMAL_784,ACC_NORMAL_926,9033.0,2026-03-24 05:00:00
TXN008216,ACC_NORMAL_352,ACC_NORMAL_356,4313.0,2026-04-18 16:00:00
TXN008217,ACC_NORMAL_77,ACC_NORMAL_758,6256.0,2026-05-21 05:00:00
TXN008218,ACC_NORMAL_555,ACC_NORMAL_854,4872.0,2026-03-04 20:00:00
TXN008219,ACC_NORMAL_112,ACC_NORMAL_188,3004.0,2026-06-27 18:00:00
TXN008220,ACC_NORMAL_279,ACC_NORMAL_914,5465.0,2026-04-28 00:00:00
TXN008221,ACC_NORMAL_650,ACC_NORMAL_86,2455.0,2026-04-12 22:00:00
TXN008222,ACC_NORMAL_973,ACC_NORMAL_946,7234.0,2026-04-01 11:00:00
TXN008223,ACC_NORMAL_921,ACC_NORMAL_5,4907.0,2026-06-19 18:00:00
TXN008224,ACC_NORMAL_651,ACC_NORMAL_774,9424.0,2026-03-14 20:00:00
TXN008225,ACC_NORMAL_667,ACC_NORMAL_621,8611.0,2026-07-02 12:00:00
TXN008226,ACC_NORMAL_188,ACC_NORMAL_77,616.0,2026-05-10 10:00:00
TXN008227,ACC_NORMAL_519,ACC_NORMAL_391,7063.0,2026-04-24 20:00:00
TXN008228,ACC_NORMAL_426,ACC_NORMAL_303,3899.0,2026-06-07 21:00:00
TXN008229,ACC_NORMAL_454,ACC_NORMAL_449,9117.0,2026-05-12 06:00:00
TXN008230,ACC_NORMAL_967,ACC_NORMAL_940,8007.0,2026-04-30 04:00:00
TXN008231,ACC_NORMAL_467,ACC_NORMAL_954,1585.0,2026-06-27 14:00:00
TXN008232,ACC_NORMAL_253,ACC_NORMAL_658,2557.0,2026-03-09 00:00:00
TXN008233,ACC_NORMAL_420,ACC_NORMAL_198,4818.0,2026-06-12 00:00:00
TXN008234,ACC_NORMAL_464,ACC_NORMAL_851,9292.0,2026-05-07 06:00:00
TXN008235,ACC_NORMAL_865,ACC_NORMAL_5,7470.0,2026-07-06 01:00:00
TXN008236,ACC_NORMAL_188,ACC_NORMAL_867,4221.0,2026-07-18 11:00:00
TXN008237,ACC_NORMAL_935,ACC_NORMAL_850,8462.0,2026-07-19 19:00:00
TXN008238,ACC_NORMAL_310,ACC_NORMAL_893,4753.0,2026-06-05 16:00:00
TXN008239,ACC_NORMAL_182,ACC_NORMAL_150,2624.0,2026-07-04 21:00:00
TXN008240,ACC_NORMAL_485,ACC_NORMAL_690,7106.0,2026-04-07 16:00:00
TXN008241,ACC_NORMAL_585,ACC_NORMAL_949,2385.0,2026-04-30 01:00:00
TXN008242,ACC_NORMAL_553,ACC_NORMAL_744,5370.0,2026-03-29 09:00:00
TXN008243,ACC_NORMAL_686,ACC_NORMAL_801,373.0,2026-06-23 11:00:00
TXN008244,ACC_NORMAL_497,ACC_NORMAL_767,6376.0,2026-03-24 23:00:00
TXN008245,ACC_NORMAL_451,ACC_NORMAL_126,9092.0,2026-03-18 10:00:00
TXN008246,ACC_NORMAL_843,ACC_NORMAL_333,5469.0,2026-03-18 18:00:00
TXN008247,ACC_NORMAL_482,ACC_NORMAL_901,2536.0,2026-03-26 22:00:00
TXN008248,ACC_NORMAL_477,ACC_NORMAL_240,1274.0,2026-07-03 09:00:00
TXN008249,ACC_NORMAL_307,ACC_NORMAL_805,6630.0,2026-06-15 01:00:00
TXN008250,ACC_NORMAL_527,ACC_NORMAL_351,3765.0,2026-05-15 20:00:00
TXN008251,ACC_NORMAL_417,ACC_NORMAL_813,704.0,2026-04-09 18:00:00
TXN008252,ACC_NORMAL_328,ACC_NORMAL_992,5071.0,2026-05-15 01:00:00
TXN008253,ACC_NORMAL_308,ACC_NORMAL_956,2879.0,2026-05-06 21:00:00
TXN008254,ACC_NORMAL_250,ACC_NORMAL_456,6372.0,2026-04-09 23:00:00
TXN008255,ACC_NORMAL_493,ACC_NORMAL_207,5288.0,2026-07-17 11:00:00
TXN008256,ACC_NORMAL_240,ACC_NORMAL_89,256.0,2026-05-03 14:00:00
TXN008257,ACC_NORMAL_674,ACC_NORMAL_940,4633.0,2026-05-04 06:00:00
TXN008258,ACC_NORMAL_411,ACC_NORMAL_894,1102.0,2026-06-18 17:00:00
TXN008259,ACC_NORMAL_577,ACC_NORMAL_181,665.0,2026-07-16 20:00:00
TXN008260,ACC_NORMAL_318,ACC_NORMAL_327,8754.0,2026-07-21 22:00:00
TXN008261,ACC_NORMAL_434,ACC_NORMAL_7,9745.0,2026-07-08 20:00:00
TXN008262,ACC_NORMAL_544,ACC_NORMAL_26,4652.0,2026-05-12 17:00:00
TXN008263,ACC_NORMAL_104,ACC_NORMAL_526,4006.0,2026-06-04 23:00:00
TXN008264,ACC_NORMAL_73,ACC_NORMAL_559,391.0,2026-06-09 14:00:00
TXN008265,ACC_NORMAL_736,ACC_NORMAL_809,9382.0,2026-07-03 15:00:00
TXN008266,ACC_NORMAL_330,ACC_NORMAL_116,2183.0,2026-04-12 18:00:00
TXN008267,ACC_NORMAL_470,ACC_NORMAL_529,1876.0,2026-06-19 13:00:00
TXN008268,ACC_NORMAL_870,ACC_NORMAL_66,5408.0,2026-05-10 23:00:00
TXN008269,ACC_NORMAL_506,ACC_NORMAL_389,5786.0,2026-06-23 09:00:00
TXN008270,ACC_NORMAL_578,ACC_NORMAL_309,6256.0,2026-04-20 06:00:00
TXN008271,ACC_NORMAL_82,ACC_NORMAL_247,7908.0,2026-03-10 09:00:00
TXN008272,ACC_NORMAL_854,ACC_NORMAL_904,1157.0,2026-06-10 22:00:00
TXN008273,ACC_NORMAL_783,ACC_NORMAL_614,4678.0,2026-05-15 22:00:00
TXN008274,ACC_NORMAL_162,ACC_NORMAL_631,7582.0,2026-06-04 12:00:00
TXN008275,ACC_NORMAL_210,ACC_NORMAL_746,4122.0,2026-03-13 13:00:00
TXN008276,ACC_NORMAL_579,ACC_NORMAL_217,2964.0,2026-03-04 16:00:00
TXN008277,ACC_NORMAL_121,ACC_NORMAL_478,2092.0,2026-05-28 01:00:00
TXN008278,ACC_NORMAL_115,ACC_NORMAL_763,6798.0,2026-05-27 17:00:00
TXN008279,ACC_NORMAL_213,ACC_NORMAL_234,3270.0,2026-07-21 02:00:00
TXN008280,ACC_NORMAL_229,ACC_NORMAL_254,3679.0,2026-07-19 09:00:00
TXN008281,ACC_NORMAL_340,ACC_NORMAL_164,5303.0,2026-06-22 01:00:00
TXN008282,ACC_NORMAL_172,ACC_NORMAL_591,7322.0,2026-04-28 06:00:00
TXN008283,ACC_NORMAL_721,ACC_NORMAL_155,6527.0,2026-05-30 01:00:00
TXN008284,ACC_NORMAL_168,ACC_NORMAL_374,6583.0,2026-04-08 04:00:00
TXN008285,ACC_NORMAL_485,ACC_NORMAL_758,2017.0,2026-07-13 18:00:00
TXN008286,ACC_NORMAL_734,ACC_NORMAL_146,7171.0,2026-04-06 19:00:00
TXN008287,ACC_NORMAL_755,ACC_NORMAL_89,4924.0,2026-03-11 22:00:00
TXN008288,ACC_NORMAL_767,ACC_NORMAL_945,2807.0,2026-04-12 15:00:00
TXN008289,ACC_NORMAL_763,ACC_NORMAL_385,3373.0,2026-07-14 10:00:00
TXN008290,ACC_NORMAL_903,ACC_NORMAL_754,1078.0,2026-03-31 15:00:00
TXN008291,ACC_NORMAL_616,ACC_NORMAL_183,5470.0,2026-03-23 04:00:00
TXN008292,ACC_NORMAL_416,ACC_NORMAL_229,5688.0,2026-06-25 05:00:00
TXN008293,ACC_NORMAL_659,ACC_NORMAL_663,8265.0,2026-06-15 02:00:00
TXN008294,ACC_NORMAL_880,ACC_NORMAL_6,4223.0,2026-05-04 17:00:00
TXN008295,ACC_NORMAL_214,ACC_NORMAL_71,5229.0,2026-07-09 13:00:00
TXN008296,ACC_NORMAL_890,ACC_NORMAL_201,4290.0,2026-03-22 06:00:00
TXN008297,ACC_NORMAL_237,ACC_NORMAL_712,324.0,2026-07-02 20:00:00
TXN008298,ACC_NORMAL_385,ACC_NORMAL_48,5848.0,2026-06-28 07:00:00
TXN008299,ACC_NORMAL_412,ACC_NORMAL_861,1073.0,2026-06-27 04:00:00
TXN008300,ACC_NORMAL_11,ACC_NORMAL_806,1624.0,2026-05-31 01:00:00
TXN008301,ACC_NORMAL_254,ACC_NORMAL_283,4660.0,2026-05-17 11:00:00
TXN008302,ACC_NORMAL_695,ACC_NORMAL_731,9076.0,2026-03-24 00:00:00
TXN008303,ACC_NORMAL_502,ACC_NORMAL_191,7320.0,2026-06-27 19:00:00
TXN008304,ACC_NORMAL_574,ACC_NORMAL_736,6049.0,2026-05-28 14:00:00
TXN008305,ACC_NORMAL_119,ACC_NORMAL_371,7053.0,2026-06-25 16:00:00
TXN008306,ACC_NORMAL_63,ACC_NORMAL_100,3153.0,2026-07-22 02:00:00
TXN008307,ACC_NORMAL_129,ACC_NORMAL_589,9288.0,2026-05-26 23:00:00
TXN008308,ACC_NORMAL_344,ACC_NORMAL_736,5330.0,2026-07-23 06:00:00
TXN008309,ACC_NORMAL_184,ACC_NORMAL_831,7334.0,2026-07-20 00:00:00
TXN008310,ACC_NORMAL_263,ACC_NORMAL_535,9923.0,2026-07-26 00:00:00
TXN008311,ACC_NORMAL_324,ACC_NORMAL_510,8714.0,2026-06-01 19:00:00
TXN008312,ACC_NORMAL_27,ACC_NORMAL_418,477.0,2026-06-12 16:00:00
TXN008313,ACC_NORMAL_234,ACC_NORMAL_634,2222.0,2026-03-11 10:00:00
TXN008314,ACC_NORMAL_604,ACC_NORMAL_571,6178.0,2026-07-11 22:00:00
TXN008315,ACC_NORMAL_433,ACC_NORMAL_511,2773.0,2026-03-26 01:00:00
TXN008316,ACC_NORMAL_543,ACC_NORMAL_360,2056.0,2026-04-03 10:00:00
TXN008317,ACC_NORMAL_487,ACC_NORMAL_315,5826.0,2026-07-08 01:00:00
TXN008318,ACC_NORMAL_527,ACC_NORMAL_371,5883.0,2026-07-15 12:00:00
TXN008319,ACC_NORMAL_750,ACC_NORMAL_934,3898.0,2026-05-29 15:00:00
TXN008320,ACC_NORMAL_520,ACC_NORMAL_594,5211.0,2026-07-15 09:00:00
TXN008321,ACC_NORMAL_509,ACC_NORMAL_84,4472.0,2026-03-14 11:00:00
TXN008322,ACC_NORMAL_672,ACC_NORMAL_153,7487.0,2026-07-05 08:00:00
TXN008323,ACC_NORMAL_425,ACC_NORMAL_720,5249.0,2026-06-10 07:00:00
TXN008324,ACC_NORMAL_200,ACC_NORMAL_805,8963.0,2026-07-25 08:00:00
TXN008325,ACC_NORMAL_217,ACC_NORMAL_455,2680.0,2026-06-06 11:00:00
TXN008326,ACC_NORMAL_321,ACC_NORMAL_917,8145.0,2026-04-02 11:00:00
TXN008327,ACC_NORMAL_367,ACC_NORMAL_943,374.0,2026-05-03 08:00:00
TXN008328,ACC_NORMAL_752,ACC_NORMAL_795,2548.0,2026-06-30 02:00:00
TXN008329,ACC_NORMAL_690,ACC_NORMAL_820,5593.0,2026-03-07 00:00:00
TXN008330,ACC_NORMAL_81,ACC_NORMAL_496,8863.0,2026-05-08 21:00:00
TXN008331,ACC_NORMAL_394,ACC_NORMAL_564,8638.0,2026-06-10 21:00:00
TXN008332,ACC_NORMAL_63,ACC_NORMAL_808,6613.0,2026-06-01 04:00:00
TXN008333,ACC_NORMAL_970,ACC_NORMAL_656,5806.0,2026-05-20 18:00:00
TXN008334,ACC_NORMAL_540,ACC_NORMAL_265,2065.0,2026-04-19 13:00:00
TXN008335,ACC_NORMAL_671,ACC_NORMAL_960,7923.0,2026-07-25 05:00:00
TXN008336,ACC_NORMAL_765,ACC_NORMAL_606,5287.0,2026-07-17 22:00:00
TXN008337,ACC_NORMAL_428,ACC_NORMAL_665,7688.0,2026-06-29 03:00:00
TXN008338,ACC_NORMAL_382,ACC_NORMAL_364,6672.0,2026-07-06 08:00:00
TXN008339,ACC_NORMAL_320,ACC_NORMAL_443,2880.0,2026-03-06 00:00:00
TXN008340,ACC_NORMAL_186,ACC_NORMAL_27,7295.0,2026-03-17 08:00:00
TXN008341,ACC_NORMAL_342,ACC_NORMAL_925,7307.0,2026-07-15 09:00:00
TXN008342,ACC_NORMAL_534,ACC_NORMAL_386,7362.0,2026-07-24 21:00:00
TXN008343,ACC_NORMAL_981,ACC_NORMAL_940,4086.0,2026-06-04 12:00:00
TXN008344,ACC_NORMAL_568,ACC_NORMAL_687,6099.0,2026-03-04 22:00:00
TXN008345,ACC_NORMAL_362,ACC_NORMAL_951,1522.0,2026-05-29 23:00:00
TXN008346,ACC_NORMAL_94,ACC_NORMAL_506,8328.0,2026-06-15 19:00:00
TXN008347,ACC_NORMAL_534,ACC_NORMAL_727,4734.0,2026-07-14 01:00:00
TXN008348,ACC_NORMAL_362,ACC_NORMAL_43,1332.0,2026-04-15 16:00:00
TXN008349,ACC_NORMAL_338,ACC_NORMAL_157,3679.0,2026-07-22 02:00:00
TXN008350,ACC_NORMAL_717,ACC_NORMAL_582,1384.0,2026-07-23 00:00:00
TXN008351,ACC_NORMAL_552,ACC_NORMAL_609,9177.0,2026-05-27 23:00:00
TXN008352,ACC_NORMAL_663,ACC_NORMAL_522,2709.0,2026-06-16 09:00:00
TXN008353,ACC_NORMAL_695,ACC_NORMAL_783,1195.0,2026-03-10 19:00:00
TXN008354,ACC_NORMAL_437,ACC_NORMAL_888,6770.0,2026-06-22 17:00:00
TXN008355,ACC_NORMAL_945,ACC_NORMAL_483,6128.0,2026-04-08 03:00:00
TXN008356,ACC_NORMAL_643,ACC_NORMAL_843,5930.0,2026-04-12 21:00:00
TXN008357,ACC_NORMAL_878,ACC_NORMAL_200,3615.0,2026-03-11 21:00:00
TXN008358,ACC_NORMAL_304,ACC_NORMAL_435,7419.0,2026-05-26 10:00:00
TXN008359,ACC_NORMAL_371,ACC_NORMAL_573,4692.0,2026-03-21 11:00:00
TXN008360,ACC_NORMAL_19,ACC_NORMAL_512,1394.0,2026-05-31 13:00:00
TXN008361,ACC_NORMAL_511,ACC_NORMAL_67,7054.0,2026-03-08 11:00:00
TXN008362,ACC_NORMAL_64,ACC_NORMAL_762,9850.0,2026-03-23 13:00:00
TXN008363,ACC_NORMAL_871,ACC_NORMAL_613,4618.0,2026-06-29 22:00:00
TXN008364,ACC_NORMAL_588,ACC_NORMAL_93,1064.0,2026-03-15 05:00:00
TXN008365,ACC_NORMAL_570,ACC_NORMAL_622,7539.0,2026-04-27 22:00:00
TXN008366,ACC_NORMAL_732,ACC_NORMAL_846,8641.0,2026-03-08 00:00:00
TXN008367,ACC_NORMAL_774,ACC_NORMAL_758,6226.0,2026-07-16 10:00:00
TXN008368,ACC_NORMAL_772,ACC_NORMAL_993,5877.0,2026-03-25 15:00:00
TXN008369,ACC_NORMAL_961,ACC_NORMAL_204,8034.0,2026-06-19 15:00:00
TXN008370,ACC_NORMAL_939,ACC_NORMAL_244,1909.0,2026-05-05 02:00:00
TXN008371,ACC_NORMAL_851,ACC_NORMAL_828,8376.0,2026-05-27 13:00:00
TXN008372,ACC_NORMAL_450,ACC_NORMAL_216,9633.0,2026-04-21 04:00:00
TXN008373,ACC_NORMAL_316,ACC_NORMAL_840,659.0,2026-06-26 13:00:00
TXN008374,ACC_NORMAL_736,ACC_NORMAL_941,6160.0,2026-06-15 08:00:00
TXN008375,ACC_NORMAL_419,ACC_NORMAL_447,8681.0,2026-07-14 11:00:00
TXN008376,ACC_NORMAL_512,ACC_NORMAL_343,5287.0,2026-07-12 21:00:00
TXN008377,ACC_NORMAL_543,ACC_NORMAL_927,3030.0,2026-03-07 11:00:00
TXN008378,ACC_NORMAL_989,ACC_NORMAL_738,4964.0,2026-05-13 20:00:00
TXN008379,ACC_NORMAL_782,ACC_NORMAL_327,1695.0,2026-03-28 18:00:00
TXN008380,ACC_NORMAL_26,ACC_NORMAL_660,457.0,2026-07-11 07:00:00
TXN008381,ACC_NORMAL_452,ACC_NORMAL_275,1450.0,2026-04-05 07:00:00
TXN008382,ACC_NORMAL_993,ACC_NORMAL_342,9670.0,2026-06-27 21:00:00
TXN008383,ACC_NORMAL_208,ACC_NORMAL_99,9299.0,2026-07-04 10:00:00
TXN008384,ACC_NORMAL_840,ACC_NORMAL_122,2888.0,2026-06-02 23:00:00
TXN008385,ACC_NORMAL_200,ACC_NORMAL_337,7721.0,2026-05-17 13:00:00
TXN008386,ACC_NORMAL_284,ACC_NORMAL_639,2611.0,2026-07-28 05:00:00
TXN008387,ACC_NORMAL_882,ACC_NORMAL_481,1471.0,2026-04-11 11:00:00
TXN008388,ACC_NORMAL_609,ACC_NORMAL_956,6141.0,2026-04-26 03:00:00
TXN008389,ACC_NORMAL_62,ACC_NORMAL_508,2144.0,2026-07-06 04:00:00
TXN008390,ACC_NORMAL_975,ACC_NORMAL_737,7652.0,2026-04-18 06:00:00
TXN008391,ACC_NORMAL_119,ACC_NORMAL_415,4600.0,2026-07-12 19:00:00
TXN008392,ACC_NORMAL_160,ACC_NORMAL_2,952.0,2026-06-18 17:00:00
TXN008393,ACC_NORMAL_710,ACC_NORMAL_6,6040.0,2026-05-04 23:00:00
TXN008394,ACC_NORMAL_135,ACC_NORMAL_246,3397.0,2026-05-29 15:00:00
TXN008395,ACC_NORMAL_92,ACC_NORMAL_103,5038.0,2026-07-17 13:00:00
TXN008396,ACC_NORMAL_95,ACC_NORMAL_954,5573.0,2026-05-19 07:00:00
TXN008397,ACC_NORMAL_192,ACC_NORMAL_82,3784.0,2026-07-13 12:00:00
TXN008398,ACC_NORMAL_626,ACC_NORMAL_973,789.0,2026-06-29 20:00:00
TXN008399,ACC_NORMAL_179,ACC_NORMAL_293,9132.0,2026-06-11 13:00:00
TXN008400,ACC_NORMAL_648,ACC_NORMAL_676,3221.0,2026-04-17 19:00:00
TXN008401,ACC_NORMAL_131,ACC_NORMAL_570,829.0,2026-06-27 13:00:00
TXN008402,ACC_NORMAL_509,ACC_NORMAL_133,833.0,2026-03-06 05:00:00
TXN008403,ACC_NORMAL_195,ACC_NORMAL_804,3392.0,2026-06-29 09:00:00
TXN008404,ACC_NORMAL_812,ACC_NORMAL_260,540.0,2026-05-23 10:00:00
TXN008405,ACC_NORMAL_21,ACC_NORMAL_527,3712.0,2026-06-30 13:00:00
TXN008406,ACC_NORMAL_100,ACC_NORMAL_917,7300.0,2026-04-02 16:00:00
TXN008407,ACC_NORMAL_17,ACC_NORMAL_991,4928.0,2026-06-18 00:00:00
TXN008408,ACC_NORMAL_860,ACC_NORMAL_264,5633.0,2026-06-27 11:00:00
TXN008409,ACC_NORMAL_387,ACC_NORMAL_19,910.0,2026-05-26 16:00:00
TXN008410,ACC_NORMAL_563,ACC_NORMAL_730,3495.0,2026-05-24 04:00:00
TXN008411,ACC_NORMAL_394,ACC_NORMAL_111,8892.0,2026-05-26 17:00:00
TXN008412,ACC_NORMAL_464,ACC_NORMAL_355,3032.0,2026-03-23 15:00:00
TXN008413,ACC_NORMAL_30,ACC_NORMAL_295,5389.0,2026-03-23 17:00:00
TXN008414,ACC_NORMAL_251,ACC_NORMAL_999,4252.0,2026-06-06 16:00:00
TXN008415,ACC_NORMAL_703,ACC_NORMAL_503,6584.0,2026-03-12 05:00:00
TXN008416,ACC_NORMAL_253,ACC_NORMAL_847,1996.0,2026-04-16 03:00:00
TXN008417,ACC_NORMAL_112,ACC_NORMAL_421,1093.0,2026-07-20 02:00:00
TXN008418,ACC_NORMAL_351,ACC_NORMAL_392,7783.0,2026-06-16 05:00:00
TXN008419,ACC_NORMAL_419,ACC_NORMAL_143,8542.0,2026-06-21 17:00:00
TXN008420,ACC_NORMAL_246,ACC_NORMAL_868,9511.0,2026-06-19 02:00:00
TXN008421,ACC_NORMAL_926,ACC_NORMAL_751,8691.0,2026-07-02 19:00:00
TXN008422,ACC_NORMAL_341,ACC_NORMAL_608,2766.0,2026-03-22 14:00:00
TXN008423,ACC_NORMAL_53,ACC_NORMAL_361,4576.0,2026-06-11 03:00:00
TXN008424,ACC_NORMAL_446,ACC_NORMAL_435,5542.0,2026-06-22 23:00:00
TXN008425,ACC_NORMAL_705,ACC_NORMAL_510,8110.0,2026-06-23 10:00:00
TXN008426,ACC_NORMAL_622,ACC_NORMAL_389,5637.0,2026-05-01 18:00:00
TXN008427,ACC_NORMAL_338,ACC_NORMAL_561,9599.0,2026-07-02 02:00:00
TXN008428,ACC_NORMAL_601,ACC_NORMAL_935,8448.0,2026-05-07 17:00:00
TXN008429,ACC_NORMAL_437,ACC_NORMAL_220,9972.0,2026-04-10 06:00:00
TXN008430,ACC_NORMAL_178,ACC_NORMAL_411,9271.0,2026-05-26 10:00:00
TXN008431,ACC_NORMAL_810,ACC_NORMAL_559,3449.0,2026-03-23 05:00:00
TXN008432,ACC_NORMAL_848,ACC_NORMAL_987,1913.0,2026-05-15 01:00:00
TXN008433,ACC_NORMAL_502,ACC_NORMAL_360,1874.0,2026-06-13 05:00:00
TXN008434,ACC_NORMAL_503,ACC_NORMAL_274,8071.0,2026-06-22 02:00:00
TXN008435,ACC_NORMAL_598,ACC_NORMAL_592,1312.0,2026-03-17 12:00:00
TXN008436,ACC_NORMAL_497,ACC_NORMAL_896,1999.0,2026-04-29 14:00:00
TXN008437,ACC_NORMAL_306,ACC_NORMAL_790,9256.0,2026-06-01 17:00:00
TXN008438,ACC_NORMAL_775,ACC_NORMAL_907,6791.0,2026-06-30 17:00:00
TXN008439,ACC_NORMAL_837,ACC_NORMAL_263,4649.0,2026-07-03 20:00:00
TXN008440,ACC_NORMAL_563,ACC_NORMAL_411,8615.0,2026-05-04 01:00:00
TXN008441,ACC_NORMAL_820,ACC_NORMAL_976,9748.0,2026-04-14 13:00:00
TXN008442,ACC_NORMAL_195,ACC_NORMAL_669,3866.0,2026-05-21 04:00:00
TXN008443,ACC_NORMAL_943,ACC_NORMAL_496,9400.0,2026-04-29 21:00:00
TXN008444,ACC_NORMAL_57,ACC_NORMAL_429,2077.0,2026-04-05 05:00:00
TXN008445,ACC_NORMAL_845,ACC_NORMAL_938,4723.0,2026-05-13 06:00:00
TXN008446,ACC_NORMAL_836,ACC_NORMAL_149,6564.0,2026-04-16 19:00:00
TXN008447,ACC_NORMAL_319,ACC_NORMAL_622,1721.0,2026-06-12 06:00:00
TXN008448,ACC_NORMAL_911,ACC_NORMAL_36,2028.0,2026-06-19 20:00:00
TXN008449,ACC_NORMAL_193,ACC_NORMAL_518,7151.0,2026-06-28 12:00:00
TXN008450,ACC_NORMAL_574,ACC_NORMAL_153,4274.0,2026-07-03 18:00:00
TXN008451,ACC_NORMAL_703,ACC_NORMAL_225,7507.0,2026-05-14 17:00:00
TXN008452,ACC_NORMAL_817,ACC_NORMAL_529,9727.0,2026-06-16 19:00:00
TXN008453,ACC_NORMAL_47,ACC_NORMAL_909,296.0,2026-07-23 15:00:00
TXN008454,ACC_NORMAL_663,ACC_NORMAL_385,196.0,2026-05-18 04:00:00
TXN008455,ACC_NORMAL_380,ACC_NORMAL_970,1154.0,2026-03-06 10:00:00
TXN008456,ACC_NORMAL_484,ACC_NORMAL_3,4707.0,2026-06-10 04:00:00
TXN008457,ACC_NORMAL_774,ACC_NORMAL_352,1046.0,2026-06-15 20:00:00
TXN008458,ACC_NORMAL_108,ACC_NORMAL_757,5288.0,2026-05-01 19:00:00
TXN008459,ACC_NORMAL_367,ACC_NORMAL_402,6200.0,2026-07-17 13:00:00
TXN008460,ACC_NORMAL_458,ACC_NORMAL_666,3715.0,2026-04-26 07:00:00
TXN008461,ACC_NORMAL_287,ACC_NORMAL_251,4946.0,2026-07-19 05:00:00
TXN008462,ACC_NORMAL_539,ACC_NORMAL_634,5890.0,2026-05-25 21:00:00
TXN008463,ACC_NORMAL_666,ACC_NORMAL_319,2355.0,2026-04-25 15:00:00
TXN008464,ACC_NORMAL_444,ACC_NORMAL_753,5521.0,2026-05-09 17:00:00
TXN008465,ACC_NORMAL_363,ACC_NORMAL_592,5179.0,2026-06-29 17:00:00
TXN008466,ACC_NORMAL_955,ACC_NORMAL_983,7133.0,2026-04-04 04:00:00
TXN008467,ACC_NORMAL_306,ACC_NORMAL_924,7741.0,2026-03-08 16:00:00
TXN008468,ACC_NORMAL_551,ACC_NORMAL_695,2721.0,2026-03-19 19:00:00
TXN008469,ACC_NORMAL_603,ACC_NORMAL_835,6606.0,2026-04-16 01:00:00
TXN008470,ACC_NORMAL_770,ACC_NORMAL_691,7265.0,2026-05-27 15:00:00
TXN008471,ACC_NORMAL_380,ACC_NORMAL_717,6450.0,2026-04-08 15:00:00
TXN008472,ACC_NORMAL_357,ACC_NORMAL_980,252.0,2026-06-11 08:00:00
TXN008473,ACC_NORMAL_366,ACC_NORMAL_90,7394.0,2026-03-12 05:00:00
TXN008474,ACC_NORMAL_299,ACC_NORMAL_390,6890.0,2026-06-25 03:00:00
TXN008475,ACC_NORMAL_933,ACC_NORMAL_697,3647.0,2026-06-11 16:00:00
TXN008476,ACC_NORMAL_323,ACC_NORMAL_599,1616.0,2026-03-14 14:00:00
TXN008477,ACC_NORMAL_669,ACC_NORMAL_376,5853.0,2026-05-07 15:00:00
TXN008478,ACC_NORMAL_893,ACC_NORMAL_304,369.0,2026-06-21 18:00:00
TXN008479,ACC_NORMAL_119,ACC_NORMAL_894,4886.0,2026-05-31 12:00:00
TXN008480,ACC_NORMAL_464,ACC_NORMAL_901,1469.0,2026-05-31 17:00:00
TXN008481,ACC_NORMAL_279,ACC_NORMAL_914,6441.0,2026-05-06 07:00:00
TXN008482,ACC_NORMAL_689,ACC_NORMAL_167,1594.0,2026-07-25 02:00:00
TXN008483,ACC_NORMAL_652,ACC_NORMAL_337,3012.0,2026-05-23 18:00:00
TXN008484,ACC_NORMAL_781,ACC_NORMAL_568,3928.0,2026-07-07 05:00:00
TXN008485,ACC_NORMAL_703,ACC_NORMAL_993,6540.0,2026-03-29 16:00:00
TXN008486,ACC_NORMAL_454,ACC_NORMAL_107,9249.0,2026-04-28 08:00:00
TXN008487,ACC_NORMAL_833,ACC_NORMAL_822,346.0,2026-04-22 09:00:00
TXN008488,ACC_NORMAL_984,ACC_NORMAL_958,269.0,2026-06-01 07:00:00
TXN008489,ACC_NORMAL_410,ACC_NORMAL_327,430.0,2026-05-24 05:00:00
TXN008490,ACC_NORMAL_40,ACC_NORMAL_987,8639.0,2026-06-26 19:00:00
TXN008491,ACC_NORMAL_896,ACC_NORMAL_713,8069.0,2026-04-08 09:00:00
TXN008492,ACC_NORMAL_966,ACC_NORMAL_738,8642.0,2026-05-29 07:00:00
TXN008493,ACC_NORMAL_72,ACC_NORMAL_734,1461.0,2026-03-17 11:00:00
TXN008494,ACC_NORMAL_286,ACC_NORMAL_111,294.0,2026-04-27 14:00:00
TXN008495,ACC_NORMAL_3,ACC_NORMAL_281,7963.0,2026-05-24 09:00:00
TXN008496,ACC_NORMAL_923,ACC_NORMAL_143,4803.0,2026-05-22 00:00:00
TXN008497,ACC_NORMAL_617,ACC_NORMAL_549,182.0,2026-05-13 13:00:00
TXN008498,ACC_NORMAL_251,ACC_NORMAL_639,4375.0,2026-06-26 16:00:00
TXN008499,ACC_NORMAL_930,ACC_NORMAL_28,7652.0,2026-03-31 20:00:00
TXN008500,ACC_NORMAL_725,ACC_NORMAL_311,2568.0,2026-03-30 06:00:00
TXN008501,ACC_NORMAL_311,ACC_NORMAL_177,4506.0,2026-06-21 10:00:00
TXN008502,ACC_NORMAL_26,ACC_NORMAL_622,3531.0,2026-03-30 01:00:00
TXN008503,ACC_NORMAL_822,ACC_NORMAL_80,8407.0,2026-03-30 12:00:00
TXN008504,ACC_NORMAL_408,ACC_NORMAL_518,1882.0,2026-07-01 06:00:00
TXN008505,ACC_NORMAL_323,ACC_NORMAL_868,4440.0,2026-07-13 15:00:00
TXN008506,ACC_NORMAL_936,ACC_NORMAL_919,8819.0,2026-07-24 23:00:00
TXN008507,ACC_NORMAL_345,ACC_NORMAL_571,8143.0,2026-05-09 09:00:00
TXN008508,ACC_NORMAL_259,ACC_NORMAL_405,3294.0,2026-06-19 12:00:00
TXN008509,ACC_NORMAL_151,ACC_NORMAL_475,4537.0,2026-07-17 17:00:00
TXN008510,ACC_NORMAL_502,ACC_NORMAL_366,6302.0,2026-06-20 02:00:00
TXN008511,ACC_NORMAL_793,ACC_NORMAL_612,3881.0,2026-04-24 11:00:00
TXN008512,ACC_NORMAL_40,ACC_NORMAL_55,2642.0,2026-06-16 09:00:00
TXN008513,ACC_NORMAL_457,ACC_NORMAL_119,519.0,2026-03-05 07:00:00
TXN008514,ACC_NORMAL_26,ACC_NORMAL_379,7302.0,2026-04-09 16:00:00
TXN008515,ACC_NORMAL_826,ACC_NORMAL_617,1667.0,2026-07-01 23:00:00
TXN008516,ACC_NORMAL_706,ACC_NORMAL_92,6430.0,2026-06-25 10:00:00
TXN008517,ACC_NORMAL_574,ACC_NORMAL_956,8450.0,2026-03-20 16:00:00
TXN008518,ACC_NORMAL_509,ACC_NORMAL_771,1912.0,2026-06-03 19:00:00
TXN008519,ACC_NORMAL_380,ACC_NORMAL_89,8523.0,2026-06-18 05:00:00
TXN008520,ACC_NORMAL_615,ACC_NORMAL_155,9998.0,2026-03-20 03:00:00
TXN008521,ACC_NORMAL_119,ACC_NORMAL_982,9317.0,2026-05-29 16:00:00
TXN008522,ACC_NORMAL_621,ACC_NORMAL_228,1456.0,2026-04-06 19:00:00
TXN008523,ACC_NORMAL_838,ACC_NORMAL_340,9699.0,2026-04-16 10:00:00
TXN008524,ACC_NORMAL_790,ACC_NORMAL_221,5709.0,2026-07-13 06:00:00
TXN008525,ACC_NORMAL_558,ACC_NORMAL_138,3040.0,2026-06-17 16:00:00
TXN008526,ACC_NORMAL_405,ACC_NORMAL_19,6373.0,2026-07-27 10:00:00
TXN008527,ACC_NORMAL_48,ACC_NORMAL_23,3775.0,2026-03-17 21:00:00
TXN008528,ACC_NORMAL_297,ACC_NORMAL_481,2482.0,2026-04-11 01:00:00
TXN008529,ACC_NORMAL_429,ACC_NORMAL_668,3540.0,2026-04-29 12:00:00
TXN008530,ACC_NORMAL_343,ACC_NORMAL_814,8029.0,2026-03-19 16:00:00
TXN008531,ACC_NORMAL_786,ACC_NORMAL_233,8242.0,2026-07-20 08:00:00
TXN008532,ACC_NORMAL_493,ACC_NORMAL_576,7657.0,2026-06-21 05:00:00
TXN008533,ACC_NORMAL_943,ACC_NORMAL_527,8101.0,2026-04-15 11:00:00
TXN008534,ACC_NORMAL_734,ACC_NORMAL_398,1927.0,2026-04-26 15:00:00
TXN008535,ACC_NORMAL_825,ACC_NORMAL_382,2889.0,2026-03-11 17:00:00
TXN008536,ACC_NORMAL_289,ACC_NORMAL_46,8691.0,2026-06-14 04:00:00
TXN008537,ACC_NORMAL_196,ACC_NORMAL_734,7847.0,2026-05-27 09:00:00
TXN008538,ACC_NORMAL_875,ACC_NORMAL_296,4103.0,2026-05-15 02:00:00
TXN008539,ACC_NORMAL_2,ACC_NORMAL_919,940.0,2026-06-01 02:00:00
TXN008540,ACC_NORMAL_423,ACC_NORMAL_431,9802.0,2026-03-17 04:00:00
TXN008541,ACC_NORMAL_556,ACC_NORMAL_267,6181.0,2026-04-24 18:00:00
TXN008542,ACC_NORMAL_251,ACC_NORMAL_434,7395.0,2026-07-11 23:00:00
TXN008543,ACC_NORMAL_797,ACC_NORMAL_208,7367.0,2026-07-19 09:00:00
TXN008544,ACC_NORMAL_334,ACC_NORMAL_382,8118.0,2026-04-28 10:00:00
TXN008545,ACC_NORMAL_819,ACC_NORMAL_307,2332.0,2026-05-29 01:00:00
TXN008546,ACC_NORMAL_539,ACC_NORMAL_752,2755.0,2026-03-27 09:00:00
TXN008547,ACC_NORMAL_223,ACC_NORMAL_892,7272.0,2026-06-11 10:00:00
TXN008548,ACC_NORMAL_389,ACC_NORMAL_66,7234.0,2026-03-16 13:00:00
TXN008549,ACC_NORMAL_424,ACC_NORMAL_324,4433.0,2026-03-08 22:00:00
TXN008550,ACC_NORMAL_685,ACC_NORMAL_957,6017.0,2026-06-07 03:00:00
TXN008551,ACC_NORMAL_842,ACC_NORMAL_635,930.0,2026-07-20 13:00:00
TXN008552,ACC_NORMAL_80,ACC_NORMAL_986,1628.0,2026-04-21 00:00:00
TXN008553,ACC_NORMAL_489,ACC_NORMAL_591,6338.0,2026-04-28 10:00:00
TXN008554,ACC_NORMAL_928,ACC_NORMAL_917,6381.0,2026-07-10 18:00:00
TXN008555,ACC_NORMAL_163,ACC_NORMAL_673,9822.0,2026-07-22 21:00:00
TXN008556,ACC_NORMAL_743,ACC_NORMAL_989,2220.0,2026-03-21 02:00:00
TXN008557,ACC_NORMAL_128,ACC_NORMAL_893,4232.0,2026-07-20 17:00:00
TXN008558,ACC_NORMAL_31,ACC_NORMAL_130,8806.0,2026-03-18 01:00:00
TXN008559,ACC_NORMAL_498,ACC_NORMAL_705,1436.0,2026-07-23 13:00:00
TXN008560,ACC_NORMAL_833,ACC_NORMAL_172,5573.0,2026-03-06 23:00:00
TXN008561,ACC_NORMAL_49,ACC_NORMAL_839,6831.0,2026-07-02 12:00:00
TXN008562,ACC_NORMAL_728,ACC_NORMAL_663,1693.0,2026-03-20 02:00:00
TXN008563,ACC_NORMAL_943,ACC_NORMAL_411,881.0,2026-05-01 12:00:00
TXN008564,ACC_NORMAL_7,ACC_NORMAL_516,7884.0,2026-04-02 09:00:00
TXN008565,ACC_NORMAL_197,ACC_NORMAL_192,1320.0,2026-03-18 10:00:00
TXN008566,ACC_NORMAL_296,ACC_NORMAL_786,4650.0,2026-03-30 00:00:00
TXN008567,ACC_NORMAL_771,ACC_NORMAL_274,3177.0,2026-06-29 06:00:00
TXN008568,ACC_NORMAL_132,ACC_NORMAL_527,1673.0,2026-06-26 19:00:00
TXN008569,ACC_NORMAL_616,ACC_NORMAL_844,3144.0,2026-06-14 15:00:00
TXN008570,ACC_NORMAL_818,ACC_NORMAL_575,6161.0,2026-05-12 18:00:00
TXN008571,ACC_NORMAL_312,ACC_NORMAL_490,851.0,2026-06-20 02:00:00
TXN008572,ACC_NORMAL_987,ACC_NORMAL_599,4663.0,2026-05-04 01:00:00
TXN008573,ACC_NORMAL_309,ACC_NORMAL_901,436.0,2026-05-21 22:00:00
TXN008574,ACC_NORMAL_451,ACC_NORMAL_639,4680.0,2026-07-04 03:00:00
TXN008575,ACC_NORMAL_325,ACC_NORMAL_84,3751.0,2026-04-10 03:00:00
TXN008576,ACC_NORMAL_945,ACC_NORMAL_291,8146.0,2026-05-25 06:00:00
TXN008577,ACC_NORMAL_793,ACC_NORMAL_964,835.0,2026-04-10 02:00:00
TXN008578,ACC_NORMAL_737,ACC_NORMAL_729,7606.0,2026-06-30 13:00:00
TXN008579,ACC_NORMAL_200,ACC_NORMAL_916,4180.0,2026-06-01 10:00:00
TXN008580,ACC_NORMAL_946,ACC_NORMAL_393,457.0,2026-07-24 00:00:00
TXN008581,ACC_NORMAL_887,ACC_NORMAL_308,3002.0,2026-03-17 15:00:00
TXN008582,ACC_NORMAL_873,ACC_NORMAL_226,7006.0,2026-04-12 17:00:00
TXN008583,ACC_NORMAL_310,ACC_NORMAL_948,7987.0,2026-06-29 08:00:00
TXN008584,ACC_NORMAL_461,ACC_NORMAL_150,1779.0,2026-05-22 21:00:00
TXN008585,ACC_NORMAL_314,ACC_NORMAL_376,9795.0,2026-07-18 10:00:00
TXN008586,ACC_NORMAL_605,ACC_NORMAL_539,7598.0,2026-07-06 14:00:00
TXN008587,ACC_NORMAL_608,ACC_NORMAL_438,8413.0,2026-04-09 04:00:00
TXN008588,ACC_NORMAL_950,ACC_NORMAL_185,4943.0,2026-04-13 06:00:00
TXN008589,ACC_NORMAL_614,ACC_NORMAL_263,4894.0,2026-03-13 20:00:00
TXN008590,ACC_NORMAL_591,ACC_NORMAL_401,3193.0,2026-04-26 14:00:00
TXN008591,ACC_NORMAL_900,ACC_NORMAL_131,364.0,2026-04-16 22:00:00
TXN008592,ACC_NORMAL_131,ACC_NORMAL_227,6455.0,2026-06-20 05:00:00
TXN008593,ACC_NORMAL_547,ACC_NORMAL_33,5517.0,2026-06-06 04:00:00
TXN008594,ACC_NORMAL_402,ACC_NORMAL_706,4250.0,2026-07-12 06:00:00
TXN008595,ACC_NORMAL_904,ACC_NORMAL_754,4110.0,2026-05-19 03:00:00
TXN008596,ACC_NORMAL_183,ACC_NORMAL_774,9025.0,2026-05-08 22:00:00
TXN008597,ACC_NORMAL_360,ACC_NORMAL_861,987.0,2026-06-12 23:00:00
TXN008598,ACC_NORMAL_632,ACC_NORMAL_668,5292.0,2026-04-18 20:00:00
TXN008599,ACC_NORMAL_164,ACC_NORMAL_158,8140.0,2026-03-14 09:00:00
TXN008600,ACC_NORMAL_38,ACC_NORMAL_857,3437.0,2026-05-31 17:00:00
TXN008601,ACC_NORMAL_297,ACC_NORMAL_391,2235.0,2026-03-17 23:00:00
TXN008602,ACC_NORMAL_473,ACC_NORMAL_104,6484.0,2026-07-10 02:00:00
TXN008603,ACC_NORMAL_363,ACC_NORMAL_834,9016.0,2026-06-18 00:00:00
TXN008604,ACC_NORMAL_718,ACC_NORMAL_276,7991.0,2026-06-11 22:00:00
TXN008605,ACC_NORMAL_467,ACC_NORMAL_412,3246.0,2026-05-15 15:00:00
TXN008606,ACC_NORMAL_238,ACC_NORMAL_731,4112.0,2026-05-10 10:00:00
TXN008607,ACC_NORMAL_551,ACC_NORMAL_187,1855.0,2026-05-22 19:00:00
TXN008608,ACC_NORMAL_768,ACC_NORMAL_505,5304.0,2026-04-29 06:00:00
TXN008609,ACC_NORMAL_254,ACC_NORMAL_2,9647.0,2026-04-21 10:00:00
TXN008610,ACC_NORMAL_375,ACC_NORMAL_784,6031.0,2026-07-18 16:00:00
TXN008611,ACC_NORMAL_968,ACC_NORMAL_632,7989.0,2026-07-08 15:00:00
TXN008612,ACC_NORMAL_798,ACC_NORMAL_76,7049.0,2026-05-04 12:00:00
TXN008613,ACC_NORMAL_976,ACC_NORMAL_454,3811.0,2026-04-12 18:00:00
TXN008614,ACC_NORMAL_743,ACC_NORMAL_207,1432.0,2026-07-04 11:00:00
TXN008615,ACC_NORMAL_97,ACC_NORMAL_785,4099.0,2026-03-31 13:00:00
TXN008616,ACC_NORMAL_777,ACC_NORMAL_105,5711.0,2026-04-25 19:00:00
TXN008617,ACC_NORMAL_9,ACC_NORMAL_503,2030.0,2026-05-27 23:00:00
TXN008618,ACC_NORMAL_309,ACC_NORMAL_535,2315.0,2026-03-24 23:00:00
TXN008619,ACC_NORMAL_327,ACC_NORMAL_915,8987.0,2026-06-20 08:00:00
TXN008620,ACC_NORMAL_33,ACC_NORMAL_881,8527.0,2026-05-06 16:00:00
TXN008621,ACC_NORMAL_689,ACC_NORMAL_678,9001.0,2026-06-19 01:00:00
TXN008622,ACC_NORMAL_168,ACC_NORMAL_438,4069.0,2026-07-03 22:00:00
TXN008623,ACC_NORMAL_981,ACC_NORMAL_342,6131.0,2026-05-08 03:00:00
TXN008624,ACC_NORMAL_957,ACC_NORMAL_818,3024.0,2026-04-01 07:00:00
TXN008625,ACC_NORMAL_206,ACC_NORMAL_603,4171.0,2026-05-06 14:00:00
TXN008626,ACC_NORMAL_967,ACC_NORMAL_359,2526.0,2026-07-25 08:00:00
TXN008627,ACC_NORMAL_461,ACC_NORMAL_393,8919.0,2026-05-02 07:00:00
TXN008628,ACC_NORMAL_316,ACC_NORMAL_345,2318.0,2026-05-15 18:00:00
TXN008629,ACC_NORMAL_494,ACC_NORMAL_844,1349.0,2026-07-07 13:00:00
TXN008630,ACC_NORMAL_727,ACC_NORMAL_410,481.0,2026-04-13 19:00:00
TXN008631,ACC_NORMAL_842,ACC_NORMAL_26,4288.0,2026-06-19 15:00:00
TXN008632,ACC_NORMAL_902,ACC_NORMAL_263,8441.0,2026-03-16 13:00:00
TXN008633,ACC_NORMAL_378,ACC_NORMAL_425,7668.0,2026-06-09 06:00:00
TXN008634,ACC_NORMAL_228,ACC_NORMAL_340,3651.0,2026-06-29 16:00:00
TXN008635,ACC_NORMAL_6,ACC_NORMAL_117,7964.0,2026-04-12 05:00:00
TXN008636,ACC_NORMAL_421,ACC_NORMAL_756,8504.0,2026-07-10 07:00:00
TXN008637,ACC_NORMAL_802,ACC_NORMAL_419,7817.0,2026-03-22 11:00:00
TXN008638,ACC_NORMAL_758,ACC_NORMAL_204,4543.0,2026-07-24 05:00:00
TXN008639,ACC_NORMAL_704,ACC_NORMAL_392,4793.0,2026-07-22 22:00:00
TXN008640,ACC_NORMAL_507,ACC_NORMAL_46,8872.0,2026-05-07 03:00:00
TXN008641,ACC_NORMAL_400,ACC_NORMAL_859,2968.0,2026-05-29 19:00:00
TXN008642,ACC_NORMAL_284,ACC_NORMAL_956,1070.0,2026-04-06 12:00:00
TXN008643,ACC_NORMAL_852,ACC_NORMAL_100,1381.0,2026-06-11 09:00:00
TXN008644,ACC_NORMAL_301,ACC_NORMAL_212,647.0,2026-04-01 03:00:00
TXN008645,ACC_NORMAL_662,ACC_NORMAL_50,8369.0,2026-05-10 23:00:00
TXN008646,ACC_NORMAL_198,ACC_NORMAL_89,1277.0,2026-04-07 07:00:00
TXN008647,ACC_NORMAL_85,ACC_NORMAL_454,8126.0,2026-03-19 15:00:00
TXN008648,ACC_NORMAL_664,ACC_NORMAL_186,5739.0,2026-04-28 16:00:00
TXN008649,ACC_NORMAL_148,ACC_NORMAL_349,7344.0,2026-06-28 13:00:00
TXN008650,ACC_NORMAL_789,ACC_NORMAL_256,2828.0,2026-07-07 15:00:00
TXN008651,ACC_NORMAL_893,ACC_NORMAL_575,7268.0,2026-03-10 06:00:00
TXN008652,ACC_NORMAL_740,ACC_NORMAL_164,7885.0,2026-03-14 19:00:00
TXN008653,ACC_NORMAL_379,ACC_NORMAL_96,5746.0,2026-04-24 06:00:00
TXN008654,ACC_NORMAL_566,ACC_NORMAL_11,5229.0,2026-03-07 16:00:00
TXN008655,ACC_NORMAL_788,ACC_NORMAL_862,6802.0,2026-06-16 03:00:00
TXN008656,ACC_NORMAL_909,ACC_NORMAL_977,5830.0,2026-06-14 02:00:00
TXN008657,ACC_NORMAL_709,ACC_NORMAL_223,8632.0,2026-03-09 09:00:00
TXN008658,ACC_NORMAL_883,ACC_NORMAL_733,2753.0,2026-03-13 16:00:00
TXN008659,ACC_NORMAL_878,ACC_NORMAL_395,4408.0,2026-04-16 19:00:00
TXN008660,ACC_NORMAL_901,ACC_NORMAL_324,4606.0,2026-04-26 11:00:00
TXN008661,ACC_NORMAL_586,ACC_NORMAL_600,4610.0,2026-06-12 17:00:00
TXN008662,ACC_NORMAL_637,ACC_NORMAL_858,5715.0,2026-03-10 21:00:00
TXN008663,ACC_NORMAL_520,ACC_NORMAL_33,8108.0,2026-06-05 09:00:00
TXN008664,ACC_NORMAL_786,ACC_NORMAL_807,9826.0,2026-07-25 04:00:00
TXN008665,ACC_NORMAL_596,ACC_NORMAL_723,5013.0,2026-05-18 16:00:00
TXN008666,ACC_NORMAL_33,ACC_NORMAL_609,9223.0,2026-03-07 01:00:00
TXN008667,ACC_NORMAL_266,ACC_NORMAL_127,5299.0,2026-05-19 21:00:00
TXN008668,ACC_NORMAL_1000,ACC_NORMAL_493,1769.0,2026-04-09 02:00:00
TXN008669,ACC_NORMAL_332,ACC_NORMAL_927,8659.0,2026-03-24 17:00:00
TXN008670,ACC_NORMAL_137,ACC_NORMAL_454,2087.0,2026-06-08 00:00:00
TXN008671,ACC_NORMAL_149,ACC_NORMAL_34,2644.0,2026-04-24 21:00:00
TXN008672,ACC_NORMAL_621,ACC_NORMAL_183,3083.0,2026-07-12 13:00:00
TXN008673,ACC_NORMAL_193,ACC_NORMAL_968,9107.0,2026-07-01 15:00:00
TXN008674,ACC_NORMAL_6,ACC_NORMAL_428,8213.0,2026-07-07 05:00:00
TXN008675,ACC_NORMAL_167,ACC_NORMAL_158,3055.0,2026-04-26 08:00:00
TXN008676,ACC_NORMAL_648,ACC_NORMAL_887,3130.0,2026-04-02 16:00:00
TXN008677,ACC_NORMAL_276,ACC_NORMAL_75,1825.0,2026-07-14 03:00:00
TXN008678,ACC_NORMAL_209,ACC_NORMAL_236,4020.0,2026-07-05 21:00:00
TXN008679,ACC_NORMAL_74,ACC_NORMAL_232,811.0,2026-03-05 04:00:00
TXN008680,ACC_NORMAL_835,ACC_NORMAL_35,6303.0,2026-03-12 05:00:00
TXN008681,ACC_NORMAL_645,ACC_NORMAL_140,5209.0,2026-03-13 16:00:00
TXN008682,ACC_NORMAL_437,ACC_NORMAL_282,8282.0,2026-03-09 16:00:00
TXN008683,ACC_NORMAL_1000,ACC_NORMAL_966,6739.0,2026-03-07 13:00:00
TXN008684,ACC_NORMAL_528,ACC_NORMAL_3,7789.0,2026-05-18 09:00:00
TXN008685,ACC_NORMAL_341,ACC_NORMAL_510,2910.0,2026-06-09 13:00:00
TXN008686,ACC_NORMAL_88,ACC_NORMAL_766,1311.0,2026-05-02 21:00:00
TXN008687,ACC_NORMAL_544,ACC_NORMAL_838,919.0,2026-03-31 07:00:00
TXN008688,ACC_NORMAL_191,ACC_NORMAL_955,684.0,2026-04-04 10:00:00
TXN008689,ACC_NORMAL_227,ACC_NORMAL_610,7733.0,2026-07-25 21:00:00
TXN008690,ACC_NORMAL_245,ACC_NORMAL_888,9732.0,2026-07-19 15:00:00
TXN008691,ACC_NORMAL_822,ACC_NORMAL_522,9438.0,2026-06-15 03:00:00
TXN008692,ACC_NORMAL_621,ACC_NORMAL_586,5119.0,2026-04-04 20:00:00
TXN008693,ACC_NORMAL_177,ACC_NORMAL_525,4285.0,2026-03-27 12:00:00
TXN008694,ACC_NORMAL_42,ACC_NORMAL_890,2027.0,2026-06-26 07:00:00
TXN008695,ACC_NORMAL_188,ACC_NORMAL_835,1019.0,2026-06-04 18:00:00
TXN008696,ACC_NORMAL_42,ACC_NORMAL_465,8607.0,2026-07-02 02:00:00
TXN008697,ACC_NORMAL_793,ACC_NORMAL_921,599.0,2026-05-26 20:00:00
TXN008698,ACC_NORMAL_587,ACC_NORMAL_703,2803.0,2026-04-04 11:00:00
TXN008699,ACC_NORMAL_882,ACC_NORMAL_523,5265.0,2026-04-13 14:00:00
TXN008700,ACC_NORMAL_501,ACC_NORMAL_808,279.0,2026-04-01 06:00:00
TXN008701,ACC_NORMAL_452,ACC_NORMAL_477,1555.0,2026-03-31 19:00:00
TXN008702,ACC_NORMAL_951,ACC_NORMAL_538,2175.0,2026-04-09 14:00:00
TXN008703,ACC_NORMAL_928,ACC_NORMAL_22,213.0,2026-04-27 00:00:00
TXN008704,ACC_NORMAL_315,ACC_NORMAL_534,7097.0,2026-03-19 04:00:00
TXN008705,ACC_NORMAL_642,ACC_NORMAL_298,3785.0,2026-06-09 06:00:00
TXN008706,ACC_NORMAL_579,ACC_NORMAL_588,9886.0,2026-06-24 02:00:00
TXN008707,ACC_NORMAL_485,ACC_NORMAL_713,2708.0,2026-07-18 15:00:00
TXN008708,ACC_NORMAL_625,ACC_NORMAL_551,5928.0,2026-03-24 16:00:00
TXN008709,ACC_NORMAL_636,ACC_NORMAL_589,1507.0,2026-06-27 09:00:00
TXN008710,ACC_NORMAL_636,ACC_NORMAL_934,2242.0,2026-07-21 10:00:00
TXN008711,ACC_NORMAL_290,ACC_NORMAL_678,4914.0,2026-05-17 13:00:00
TXN008712,ACC_NORMAL_350,ACC_NORMAL_906,1106.0,2026-06-27 21:00:00
TXN008713,ACC_NORMAL_508,ACC_NORMAL_613,5919.0,2026-03-23 10:00:00
TXN008714,ACC_NORMAL_963,ACC_NORMAL_488,4355.0,2026-07-15 04:00:00
TXN008715,ACC_NORMAL_903,ACC_NORMAL_15,2336.0,2026-06-05 06:00:00
TXN008716,ACC_NORMAL_390,ACC_NORMAL_275,6082.0,2026-04-11 07:00:00
TXN008717,ACC_NORMAL_436,ACC_NORMAL_212,8287.0,2026-03-08 19:00:00
TXN008718,ACC_NORMAL_59,ACC_NORMAL_645,1667.0,2026-05-09 13:00:00
TXN008719,ACC_NORMAL_285,ACC_NORMAL_600,4226.0,2026-05-29 16:00:00
TXN008720,ACC_NORMAL_447,ACC_NORMAL_46,6832.0,2026-05-06 19:00:00
TXN008721,ACC_NORMAL_956,ACC_NORMAL_855,2813.0,2026-07-16 19:00:00
TXN008722,ACC_NORMAL_376,ACC_NORMAL_997,6095.0,2026-03-14 17:00:00
TXN008723,ACC_NORMAL_371,ACC_NORMAL_719,7263.0,2026-05-08 19:00:00
TXN008724,ACC_NORMAL_11,ACC_NORMAL_587,1847.0,2026-05-14 04:00:00
TXN008725,ACC_NORMAL_877,ACC_NORMAL_441,9896.0,2026-07-23 00:00:00
TXN008726,ACC_NORMAL_793,ACC_NORMAL_966,2518.0,2026-05-02 10:00:00
TXN008727,ACC_NORMAL_375,ACC_NORMAL_916,2490.0,2026-05-09 13:00:00
TXN008728,ACC_NORMAL_875,ACC_NORMAL_6,2705.0,2026-05-18 21:00:00
TXN008729,ACC_NORMAL_876,ACC_NORMAL_227,9922.0,2026-04-21 04:00:00
TXN008730,ACC_NORMAL_460,ACC_NORMAL_55,9842.0,2026-03-22 12:00:00
TXN008731,ACC_NORMAL_433,ACC_NORMAL_14,2836.0,2026-03-27 02:00:00
TXN008732,ACC_NORMAL_939,ACC_NORMAL_757,6586.0,2026-06-29 07:00:00
TXN008733,ACC_NORMAL_196,ACC_NORMAL_275,4466.0,2026-06-15 03:00:00
TXN008734,ACC_NORMAL_216,ACC_NORMAL_164,2057.0,2026-06-21 13:00:00
TXN008735,ACC_NORMAL_252,ACC_NORMAL_316,1510.0,2026-04-11 10:00:00
TXN008736,ACC_NORMAL_303,ACC_NORMAL_87,6403.0,2026-04-06 10:00:00
TXN008737,ACC_NORMAL_66,ACC_NORMAL_636,3504.0,2026-04-14 19:00:00
TXN008738,ACC_NORMAL_535,ACC_NORMAL_708,5642.0,2026-03-14 01:00:00
TXN008739,ACC_NORMAL_38,ACC_NORMAL_543,6628.0,2026-04-03 18:00:00
TXN008740,ACC_NORMAL_252,ACC_NORMAL_721,9792.0,2026-05-20 11:00:00
TXN008741,ACC_NORMAL_682,ACC_NORMAL_696,4537.0,2026-06-22 05:00:00
TXN008742,ACC_NORMAL_489,ACC_NORMAL_516,4326.0,2026-06-14 20:00:00
TXN008743,ACC_NORMAL_899,ACC_NORMAL_417,2475.0,2026-04-02 03:00:00
TXN008744,ACC_NORMAL_930,ACC_NORMAL_137,2346.0,2026-04-01 00:00:00
TXN008745,ACC_NORMAL_723,ACC_NORMAL_410,6430.0,2026-06-07 08:00:00
TXN008746,ACC_NORMAL_229,ACC_NORMAL_859,2283.0,2026-06-03 23:00:00
TXN008747,ACC_NORMAL_801,ACC_NORMAL_298,4138.0,2026-06-14 18:00:00
TXN008748,ACC_NORMAL_625,ACC_NORMAL_42,4918.0,2026-03-20 22:00:00
TXN008749,ACC_NORMAL_693,ACC_NORMAL_100,5324.0,2026-06-09 23:00:00
TXN008750,ACC_NORMAL_792,ACC_NORMAL_889,4708.0,2026-04-10 10:00:00
TXN008751,ACC_NORMAL_225,ACC_NORMAL_905,9940.0,2026-06-18 22:00:00
TXN008752,ACC_NORMAL_405,ACC_NORMAL_814,655.0,2026-07-27 06:00:00
TXN008753,ACC_NORMAL_595,ACC_NORMAL_193,4548.0,2026-07-06 10:00:00
TXN008754,ACC_NORMAL_137,ACC_NORMAL_28,3046.0,2026-05-22 18:00:00
TXN008755,ACC_NORMAL_963,ACC_NORMAL_270,6235.0,2026-04-01 21:00:00
TXN008756,ACC_NORMAL_619,ACC_NORMAL_215,1750.0,2026-04-27 12:00:00
TXN008757,ACC_NORMAL_688,ACC_NORMAL_477,2171.0,2026-03-07 00:00:00
TXN008758,ACC_NORMAL_512,ACC_NORMAL_904,9705.0,2026-03-28 19:00:00
TXN008759,ACC_NORMAL_841,ACC_NORMAL_755,2180.0,2026-05-27 01:00:00
TXN008760,ACC_NORMAL_502,ACC_NORMAL_426,9373.0,2026-06-21 11:00:00
TXN008761,ACC_NORMAL_797,ACC_NORMAL_145,3660.0,2026-04-21 21:00:00
TXN008762,ACC_NORMAL_716,ACC_NORMAL_743,4805.0,2026-05-10 04:00:00
TXN008763,ACC_NORMAL_309,ACC_NORMAL_308,2790.0,2026-07-18 22:00:00
TXN008764,ACC_NORMAL_541,ACC_NORMAL_631,3239.0,2026-04-10 15:00:00
TXN008765,ACC_NORMAL_410,ACC_NORMAL_245,2605.0,2026-06-21 12:00:00
TXN008766,ACC_NORMAL_971,ACC_NORMAL_539,8657.0,2026-04-19 17:00:00
TXN008767,ACC_NORMAL_611,ACC_NORMAL_213,4941.0,2026-05-19 17:00:00
TXN008768,ACC_NORMAL_405,ACC_NORMAL_463,4817.0,2026-07-22 21:00:00
TXN008769,ACC_NORMAL_237,ACC_NORMAL_987,4352.0,2026-05-08 04:00:00
TXN008770,ACC_NORMAL_688,ACC_NORMAL_462,4800.0,2026-07-08 18:00:00
TXN008771,ACC_NORMAL_100,ACC_NORMAL_47,6925.0,2026-07-09 15:00:00
TXN008772,ACC_NORMAL_977,ACC_NORMAL_91,5355.0,2026-07-03 13:00:00
TXN008773,ACC_NORMAL_316,ACC_NORMAL_755,3542.0,2026-03-23 16:00:00
TXN008774,ACC_NORMAL_646,ACC_NORMAL_746,8378.0,2026-06-30 13:00:00
TXN008775,ACC_NORMAL_769,ACC_NORMAL_55,9637.0,2026-05-13 23:00:00
TXN008776,ACC_NORMAL_948,ACC_NORMAL_544,4781.0,2026-05-17 02:00:00
TXN008777,ACC_NORMAL_619,ACC_NORMAL_323,1307.0,2026-03-24 06:00:00
TXN008778,ACC_NORMAL_262,ACC_NORMAL_809,3087.0,2026-04-26 15:00:00
TXN008779,ACC_NORMAL_847,ACC_NORMAL_430,5877.0,2026-05-25 01:00:00
TXN008780,ACC_NORMAL_779,ACC_NORMAL_357,9411.0,2026-06-20 02:00:00
TXN008781,ACC_NORMAL_251,ACC_NORMAL_851,4297.0,2026-04-15 05:00:00
TXN008782,ACC_NORMAL_982,ACC_NORMAL_988,1517.0,2026-04-11 11:00:00
TXN008783,ACC_NORMAL_224,ACC_NORMAL_830,843.0,2026-04-09 17:00:00
TXN008784,ACC_NORMAL_398,ACC_NORMAL_829,9314.0,2026-04-14 06:00:00
TXN008785,ACC_NORMAL_216,ACC_NORMAL_484,7452.0,2026-06-14 16:00:00
TXN008786,ACC_NORMAL_617,ACC_NORMAL_828,9847.0,2026-06-25 22:00:00
TXN008787,ACC_NORMAL_597,ACC_NORMAL_980,7718.0,2026-05-28 15:00:00
TXN008788,ACC_NORMAL_52,ACC_NORMAL_247,2385.0,2026-05-10 20:00:00
TXN008789,ACC_NORMAL_568,ACC_NORMAL_393,1394.0,2026-05-14 01:00:00
TXN008790,ACC_NORMAL_337,ACC_NORMAL_572,4752.0,2026-06-19 20:00:00
TXN008791,ACC_NORMAL_48,ACC_NORMAL_965,4908.0,2026-07-14 19:00:00
TXN008792,ACC_NORMAL_411,ACC_NORMAL_329,8382.0,2026-05-24 00:00:00
TXN008793,ACC_NORMAL_54,ACC_NORMAL_359,8373.0,2026-04-10 04:00:00
TXN008794,ACC_NORMAL_526,ACC_NORMAL_673,2757.0,2026-03-31 18:00:00
TXN008795,ACC_NORMAL_577,ACC_NORMAL_536,7019.0,2026-06-07 02:00:00
TXN008796,ACC_NORMAL_518,ACC_NORMAL_118,9084.0,2026-04-08 21:00:00
TXN008797,ACC_NORMAL_274,ACC_NORMAL_707,2216.0,2026-05-28 05:00:00
TXN008798,ACC_NORMAL_823,ACC_NORMAL_683,675.0,2026-06-07 06:00:00
TXN008799,ACC_NORMAL_864,ACC_NORMAL_120,7552.0,2026-07-22 18:00:00
TXN008800,ACC_NORMAL_358,ACC_NORMAL_55,4588.0,2026-05-21 18:00:00
TXN008801,ACC_NORMAL_974,ACC_NORMAL_723,777.0,2026-07-17 05:00:00
TXN008802,ACC_NORMAL_770,ACC_NORMAL_172,1498.0,2026-04-02 22:00:00
TXN008803,ACC_NORMAL_949,ACC_NORMAL_351,7567.0,2026-07-27 10:00:00
TXN008804,ACC_NORMAL_549,ACC_NORMAL_227,5679.0,2026-05-11 03:00:00
TXN008805,ACC_NORMAL_706,ACC_NORMAL_553,1709.0,2026-03-09 16:00:00
TXN008806,ACC_NORMAL_889,ACC_NORMAL_157,4881.0,2026-04-04 06:00:00
TXN008807,ACC_NORMAL_141,ACC_NORMAL_370,3890.0,2026-07-24 02:00:00
TXN008808,ACC_NORMAL_420,ACC_NORMAL_440,1218.0,2026-06-21 02:00:00
TXN008809,ACC_NORMAL_935,ACC_NORMAL_672,810.0,2026-03-16 21:00:00
TXN008810,ACC_NORMAL_210,ACC_NORMAL_603,363.0,2026-05-14 20:00:00
TXN008811,ACC_NORMAL_564,ACC_NORMAL_899,6837.0,2026-07-24 08:00:00
TXN008812,ACC_NORMAL_391,ACC_NORMAL_484,5396.0,2026-06-01 07:00:00
TXN008813,ACC_NORMAL_247,ACC_NORMAL_213,6482.0,2026-06-18 07:00:00
TXN008814,ACC_NORMAL_875,ACC_NORMAL_282,7379.0,2026-05-16 13:00:00
TXN008815,ACC_NORMAL_659,ACC_NORMAL_65,4758.0,2026-04-12 01:00:00
TXN008816,ACC_NORMAL_132,ACC_NORMAL_725,6153.0,2026-03-28 21:00:00
TXN008817,ACC_NORMAL_272,ACC_NORMAL_772,7871.0,2026-06-26 20:00:00
TXN008818,ACC_NORMAL_675,ACC_NORMAL_35,6129.0,2026-07-11 10:00:00
TXN008819,ACC_NORMAL_891,ACC_NORMAL_229,8652.0,2026-04-08 04:00:00
TXN008820,ACC_NORMAL_797,ACC_NORMAL_969,2524.0,2026-05-17 21:00:00
TXN008821,ACC_NORMAL_295,ACC_NORMAL_425,8074.0,2026-05-13 08:00:00
TXN008822,ACC_NORMAL_121,ACC_NORMAL_159,6435.0,2026-05-23 07:00:00
TXN008823,ACC_NORMAL_938,ACC_NORMAL_19,9961.0,2026-07-14 16:00:00
TXN008824,ACC_NORMAL_840,ACC_NORMAL_380,455.0,2026-03-08 15:00:00
TXN008825,ACC_NORMAL_301,ACC_NORMAL_410,6782.0,2026-06-04 20:00:00
TXN008826,ACC_NORMAL_930,ACC_NORMAL_67,9327.0,2026-06-10 05:00:00
TXN008827,ACC_NORMAL_984,ACC_NORMAL_532,6069.0,2026-03-30 05:00:00
TXN008828,ACC_NORMAL_910,ACC_NORMAL_388,2399.0,2026-06-05 08:00:00
TXN008829,ACC_NORMAL_952,ACC_NORMAL_378,9887.0,2026-07-24 04:00:00
TXN008830,ACC_NORMAL_410,ACC_NORMAL_777,2791.0,2026-03-25 20:00:00
TXN008831,ACC_NORMAL_436,ACC_NORMAL_587,276.0,2026-07-26 16:00:00
TXN008832,ACC_NORMAL_834,ACC_NORMAL_245,1408.0,2026-04-04 08:00:00
TXN008833,ACC_NORMAL_148,ACC_NORMAL_279,5352.0,2026-04-05 10:00:00
TXN008834,ACC_NORMAL_129,ACC_NORMAL_299,7052.0,2026-04-06 00:00:00
TXN008835,ACC_NORMAL_367,ACC_NORMAL_771,4212.0,2026-04-29 16:00:00
TXN008836,ACC_NORMAL_655,ACC_NORMAL_214,3067.0,2026-05-25 21:00:00
TXN008837,ACC_NORMAL_339,ACC_NORMAL_379,1914.0,2026-07-09 01:00:00
TXN008838,ACC_NORMAL_724,ACC_NORMAL_941,8858.0,2026-07-22 16:00:00
TXN008839,ACC_NORMAL_443,ACC_NORMAL_831,1395.0,2026-03-17 07:00:00
TXN008840,ACC_NORMAL_787,ACC_NORMAL_40,528.0,2026-07-17 00:00:00
TXN008841,ACC_NORMAL_518,ACC_NORMAL_281,9450.0,2026-06-21 00:00:00
TXN008842,ACC_NORMAL_490,ACC_NORMAL_540,7283.0,2026-03-24 05:00:00
TXN008843,ACC_NORMAL_782,ACC_NORMAL_343,2153.0,2026-07-14 17:00:00
TXN008844,ACC_NORMAL_829,ACC_NORMAL_243,5385.0,2026-06-06 08:00:00
TXN008845,ACC_NORMAL_884,ACC_NORMAL_467,7727.0,2026-06-26 17:00:00
TXN008846,ACC_NORMAL_348,ACC_NORMAL_546,4790.0,2026-05-14 17:00:00
TXN008847,ACC_NORMAL_238,ACC_NORMAL_472,371.0,2026-05-05 09:00:00
TXN008848,ACC_NORMAL_594,ACC_NORMAL_916,5678.0,2026-06-29 18:00:00
TXN008849,ACC_NORMAL_235,ACC_NORMAL_178,326.0,2026-07-18 08:00:00
TXN008850,ACC_NORMAL_809,ACC_NORMAL_95,6279.0,2026-04-12 07:00:00
TXN008851,ACC_NORMAL_102,ACC_NORMAL_974,8807.0,2026-04-05 11:00:00
TXN008852,ACC_NORMAL_3,ACC_NORMAL_203,2023.0,2026-07-21 08:00:00
TXN008853,ACC_NORMAL_264,ACC_NORMAL_120,5065.0,2026-05-26 19:00:00
TXN008854,ACC_NORMAL_19,ACC_NORMAL_358,5060.0,2026-07-09 04:00:00
TXN008855,ACC_NORMAL_94,ACC_NORMAL_886,2974.0,2026-03-25 00:00:00
TXN008856,ACC_NORMAL_535,ACC_NORMAL_145,9917.0,2026-07-08 05:00:00
TXN008857,ACC_NORMAL_827,ACC_NORMAL_220,9632.0,2026-03-12 04:00:00
TXN008858,ACC_NORMAL_182,ACC_NORMAL_642,3987.0,2026-03-29 01:00:00
TXN008859,ACC_NORMAL_33,ACC_NORMAL_487,2674.0,2026-06-14 09:00:00
TXN008860,ACC_NORMAL_183,ACC_NORMAL_663,9258.0,2026-06-21 20:00:00
TXN008861,ACC_NORMAL_630,ACC_NORMAL_674,5810.0,2026-05-05 10:00:00
TXN008862,ACC_NORMAL_87,ACC_NORMAL_101,8761.0,2026-06-01 17:00:00
TXN008863,ACC_NORMAL_157,ACC_NORMAL_437,940.0,2026-06-16 13:00:00
TXN008864,ACC_NORMAL_109,ACC_NORMAL_725,9364.0,2026-04-02 17:00:00
TXN008865,ACC_NORMAL_54,ACC_NORMAL_35,264.0,2026-07-14 16:00:00
TXN008866,ACC_NORMAL_527,ACC_NORMAL_738,3634.0,2026-04-23 22:00:00
TXN008867,ACC_NORMAL_95,ACC_NORMAL_30,9588.0,2026-03-28 19:00:00
TXN008868,ACC_NORMAL_556,ACC_NORMAL_550,4574.0,2026-03-23 21:00:00
TXN008869,ACC_NORMAL_226,ACC_NORMAL_762,8205.0,2026-06-24 14:00:00
TXN008870,ACC_NORMAL_279,ACC_NORMAL_23,948.0,2026-03-21 11:00:00
TXN008871,ACC_NORMAL_344,ACC_NORMAL_567,906.0,2026-04-29 21:00:00
TXN008872,ACC_NORMAL_786,ACC_NORMAL_67,2600.0,2026-07-13 10:00:00
TXN008873,ACC_NORMAL_528,ACC_NORMAL_375,8636.0,2026-07-26 15:00:00
TXN008874,ACC_NORMAL_306,ACC_NORMAL_243,6069.0,2026-06-23 22:00:00
TXN008875,ACC_NORMAL_516,ACC_NORMAL_673,7750.0,2026-05-07 13:00:00
TXN008876,ACC_NORMAL_461,ACC_NORMAL_180,7559.0,2026-04-08 21:00:00
TXN008877,ACC_NORMAL_529,ACC_NORMAL_409,7511.0,2026-05-17 01:00:00
TXN008878,ACC_NORMAL_485,ACC_NORMAL_444,9795.0,2026-05-26 20:00:00
TXN008879,ACC_NORMAL_127,ACC_NORMAL_904,6644.0,2026-07-16 09:00:00
TXN008880,ACC_NORMAL_349,ACC_NORMAL_410,7514.0,2026-05-21 10:00:00
TXN008881,ACC_NORMAL_246,ACC_NORMAL_470,9812.0,2026-04-09 22:00:00
TXN008882,ACC_NORMAL_793,ACC_NORMAL_981,2336.0,2026-05-02 19:00:00
TXN008883,ACC_NORMAL_643,ACC_NORMAL_261,8191.0,2026-06-26 10:00:00
TXN008884,ACC_NORMAL_857,ACC_NORMAL_888,7651.0,2026-04-13 05:00:00
TXN008885,ACC_NORMAL_598,ACC_NORMAL_604,5000.0,2026-07-02 11:00:00
TXN008886,ACC_NORMAL_71,ACC_NORMAL_58,5363.0,2026-07-09 20:00:00
TXN008887,ACC_NORMAL_523,ACC_NORMAL_613,5687.0,2026-04-13 17:00:00
TXN008888,ACC_NORMAL_139,ACC_NORMAL_166,9100.0,2026-03-05 19:00:00
TXN008889,ACC_NORMAL_986,ACC_NORMAL_121,9360.0,2026-07-22 16:00:00
TXN008890,ACC_NORMAL_153,ACC_NORMAL_213,3232.0,2026-06-27 10:00:00
TXN008891,ACC_NORMAL_448,ACC_NORMAL_597,3518.0,2026-04-29 21:00:00
TXN008892,ACC_NORMAL_213,ACC_NORMAL_920,4424.0,2026-04-21 16:00:00
TXN008893,ACC_NORMAL_445,ACC_NORMAL_721,3992.0,2026-04-12 21:00:00
TXN008894,ACC_NORMAL_470,ACC_NORMAL_613,3272.0,2026-06-25 23:00:00
TXN008895,ACC_NORMAL_511,ACC_NORMAL_227,372.0,2026-04-27 16:00:00
TXN008896,ACC_NORMAL_791,ACC_NORMAL_640,9055.0,2026-05-12 15:00:00
TXN008897,ACC_NORMAL_125,ACC_NORMAL_755,1198.0,2026-06-26 10:00:00
TXN008898,ACC_NORMAL_63,ACC_NORMAL_725,9973.0,2026-04-04 17:00:00
TXN008899,ACC_NORMAL_771,ACC_NORMAL_851,3452.0,2026-03-06 22:00:00
TXN008900,ACC_NORMAL_749,ACC_NORMAL_590,1452.0,2026-03-11 10:00:00
TXN008901,ACC_NORMAL_605,ACC_NORMAL_318,8038.0,2026-03-07 20:00:00
TXN008902,ACC_NORMAL_585,ACC_NORMAL_226,4668.0,2026-06-15 19:00:00
TXN008903,ACC_NORMAL_239,ACC_NORMAL_709,3216.0,2026-05-18 23:00:00
TXN008904,ACC_NORMAL_607,ACC_NORMAL_399,713.0,2026-07-19 19:00:00
TXN008905,ACC_NORMAL_789,ACC_NORMAL_588,5324.0,2026-04-08 11:00:00
TXN008906,ACC_NORMAL_509,ACC_NORMAL_380,6745.0,2026-04-23 08:00:00
TXN008907,ACC_NORMAL_397,ACC_NORMAL_861,1767.0,2026-05-23 04:00:00
TXN008908,ACC_NORMAL_65,ACC_NORMAL_49,3612.0,2026-06-03 13:00:00
TXN008909,ACC_NORMAL_828,ACC_NORMAL_768,7750.0,2026-04-23 14:00:00
TXN008910,ACC_NORMAL_929,ACC_NORMAL_282,3372.0,2026-03-24 07:00:00
TXN008911,ACC_NORMAL_506,ACC_NORMAL_302,6140.0,2026-05-13 11:00:00
TXN008912,ACC_NORMAL_742,ACC_NORMAL_646,2009.0,2026-04-10 21:00:00
TXN008913,ACC_NORMAL_628,ACC_NORMAL_791,4132.0,2026-06-22 11:00:00
TXN008914,ACC_NORMAL_480,ACC_NORMAL_36,6475.0,2026-03-16 01:00:00
TXN008915,ACC_NORMAL_92,ACC_NORMAL_873,1612.0,2026-05-27 20:00:00
TXN008916,ACC_NORMAL_76,ACC_NORMAL_226,2980.0,2026-03-11 20:00:00
TXN008917,ACC_NORMAL_689,ACC_NORMAL_190,6722.0,2026-05-16 05:00:00
TXN008918,ACC_NORMAL_433,ACC_NORMAL_98,5398.0,2026-05-11 02:00:00
TXN008919,ACC_NORMAL_613,ACC_NORMAL_701,8034.0,2026-06-25 21:00:00
TXN008920,ACC_NORMAL_979,ACC_NORMAL_585,3779.0,2026-03-09 01:00:00
TXN008921,ACC_NORMAL_211,ACC_NORMAL_586,4960.0,2026-06-22 16:00:00
TXN008922,ACC_NORMAL_881,ACC_NORMAL_561,3325.0,2026-04-08 20:00:00
TXN008923,ACC_NORMAL_892,ACC_NORMAL_162,1365.0,2026-04-13 04:00:00
TXN008924,ACC_NORMAL_526,ACC_NORMAL_714,8321.0,2026-05-11 12:00:00
TXN008925,ACC_NORMAL_18,ACC_NORMAL_407,2158.0,2026-05-27 09:00:00
TXN008926,ACC_NORMAL_905,ACC_NORMAL_631,5777.0,2026-06-21 07:00:00
TXN008927,ACC_NORMAL_509,ACC_NORMAL_940,8547.0,2026-05-09 02:00:00
TXN008928,ACC_NORMAL_482,ACC_NORMAL_359,8145.0,2026-03-07 23:00:00
TXN008929,ACC_NORMAL_122,ACC_NORMAL_35,2172.0,2026-05-28 06:00:00
TXN008930,ACC_NORMAL_970,ACC_NORMAL_832,7773.0,2026-05-31 03:00:00
TXN008931,ACC_NORMAL_933,ACC_NORMAL_546,9092.0,2026-06-12 12:00:00
TXN008932,ACC_NORMAL_547,ACC_NORMAL_928,6235.0,2026-04-19 15:00:00
TXN008933,ACC_NORMAL_732,ACC_NORMAL_115,1888.0,2026-07-16 07:00:00
TXN008934,ACC_NORMAL_552,ACC_NORMAL_414,4856.0,2026-07-26 17:00:00
TXN008935,ACC_NORMAL_276,ACC_NORMAL_489,9341.0,2026-04-20 11:00:00
TXN008936,ACC_NORMAL_832,ACC_NORMAL_179,3177.0,2026-07-09 12:00:00
TXN008937,ACC_NORMAL_513,ACC_NORMAL_284,9645.0,2026-03-06 06:00:00
TXN008938,ACC_NORMAL_712,ACC_NORMAL_410,6994.0,2026-03-06 07:00:00
TXN008939,ACC_NORMAL_123,ACC_NORMAL_568,5142.0,2026-04-29 10:00:00
TXN008940,ACC_NORMAL_787,ACC_NORMAL_509,1564.0,2026-03-20 10:00:00
TXN008941,ACC_NORMAL_947,ACC_NORMAL_193,7284.0,2026-06-26 15:00:00
TXN008942,ACC_NORMAL_61,ACC_NORMAL_752,6234.0,2026-03-13 21:00:00
TXN008943,ACC_NORMAL_245,ACC_NORMAL_498,5684.0,2026-07-05 09:00:00
TXN008944,ACC_NORMAL_966,ACC_NORMAL_320,9123.0,2026-03-24 12:00:00
TXN008945,ACC_NORMAL_867,ACC_NORMAL_19,8282.0,2026-05-01 03:00:00
TXN008946,ACC_NORMAL_139,ACC_NORMAL_662,8256.0,2026-07-28 05:00:00
TXN008947,ACC_NORMAL_835,ACC_NORMAL_883,8142.0,2026-03-10 09:00:00
TXN008948,ACC_NORMAL_718,ACC_NORMAL_914,3921.0,2026-07-05 01:00:00
TXN008949,ACC_NORMAL_702,ACC_NORMAL_664,3056.0,2026-03-05 05:00:00
TXN008950,ACC_NORMAL_714,ACC_NORMAL_616,537.0,2026-04-04 05:00:00
TXN008951,ACC_NORMAL_450,ACC_NORMAL_94,7852.0,2026-03-22 17:00:00
TXN008952,ACC_NORMAL_277,ACC_NORMAL_397,4317.0,2026-03-21 12:00:00
TXN008953,ACC_NORMAL_529,ACC_NORMAL_542,5648.0,2026-05-02 23:00:00
TXN008954,ACC_NORMAL_496,ACC_NORMAL_433,2824.0,2026-07-16 10:00:00
TXN008955,ACC_NORMAL_2,ACC_NORMAL_560,3369.0,2026-04-25 00:00:00
TXN008956,ACC_NORMAL_735,ACC_NORMAL_815,2896.0,2026-04-16 04:00:00
TXN008957,ACC_NORMAL_792,ACC_NORMAL_168,2734.0,2026-05-29 11:00:00
TXN008958,ACC_NORMAL_675,ACC_NORMAL_898,8879.0,2026-03-09 14:00:00
TXN008959,ACC_NORMAL_111,ACC_NORMAL_839,9323.0,2026-03-21 08:00:00
TXN008960,ACC_NORMAL_522,ACC_NORMAL_474,6306.0,2026-03-18 17:00:00
TXN008961,ACC_NORMAL_583,ACC_NORMAL_394,9788.0,2026-03-20 16:00:00
TXN008962,ACC_NORMAL_116,ACC_NORMAL_709,8379.0,2026-06-06 09:00:00
TXN008963,ACC_NORMAL_556,ACC_NORMAL_214,4604.0,2026-05-10 16:00:00
TXN008964,ACC_NORMAL_257,ACC_NORMAL_926,9461.0,2026-06-15 02:00:00
TXN008965,ACC_NORMAL_271,ACC_NORMAL_994,5126.0,2026-03-27 20:00:00
TXN008966,ACC_NORMAL_301,ACC_NORMAL_51,4504.0,2026-05-24 16:00:00
TXN008967,ACC_NORMAL_399,ACC_NORMAL_119,413.0,2026-04-10 12:00:00
TXN008968,ACC_NORMAL_797,ACC_NORMAL_420,9766.0,2026-07-09 01:00:00
TXN008969,ACC_NORMAL_696,ACC_NORMAL_543,259.0,2026-04-02 07:00:00
TXN008970,ACC_NORMAL_49,ACC_NORMAL_45,7519.0,2026-07-11 18:00:00
TXN008971,ACC_NORMAL_315,ACC_NORMAL_148,6058.0,2026-07-28 02:00:00
TXN008972,ACC_NORMAL_184,ACC_NORMAL_145,7879.0,2026-07-19 07:00:00
TXN008973,ACC_NORMAL_662,ACC_NORMAL_826,3889.0,2026-03-31 02:00:00
TXN008974,ACC_NORMAL_19,ACC_NORMAL_851,4457.0,2026-07-08 16:00:00
TXN008975,ACC_NORMAL_429,ACC_NORMAL_879,9534.0,2026-05-06 18:00:00
TXN008976,ACC_NORMAL_96,ACC_NORMAL_335,6496.0,2026-07-03 00:00:00
TXN008977,ACC_NORMAL_783,ACC_NORMAL_173,5678.0,2026-04-15 23:00:00
TXN008978,ACC_NORMAL_355,ACC_NORMAL_813,1438.0,2026-05-29 16:00:00
TXN008979,ACC_NORMAL_912,ACC_NORMAL_556,9170.0,2026-07-03 07:00:00
TXN008980,ACC_NORMAL_338,ACC_NORMAL_574,509.0,2026-03-13 19:00:00
TXN008981,ACC_NORMAL_483,ACC_NORMAL_106,1551.0,2026-05-24 20:00:00
TXN008982,ACC_NORMAL_776,ACC_NORMAL_232,2912.0,2026-05-23 03:00:00
TXN008983,ACC_NORMAL_980,ACC_NORMAL_520,7833.0,2026-03-16 17:00:00
TXN008984,ACC_NORMAL_60,ACC_NORMAL_992,4888.0,2026-05-20 21:00:00
TXN008985,ACC_NORMAL_175,ACC_NORMAL_230,7454.0,2026-07-08 11:00:00
TXN008986,ACC_NORMAL_856,ACC_NORMAL_101,237.0,2026-04-25 21:00:00
TXN008987,ACC_NORMAL_705,ACC_NORMAL_334,8308.0,2026-06-29 04:00:00
TXN008988,ACC_NORMAL_123,ACC_NORMAL_174,8203.0,2026-04-28 09:00:00
TXN008989,ACC_NORMAL_370,ACC_NORMAL_481,601.0,2026-07-02 07:00:00
TXN008990,ACC_NORMAL_15,ACC_NORMAL_124,8382.0,2026-05-19 04:00:00
TXN008991,ACC_NORMAL_265,ACC_NORMAL_37,7878.0,2026-04-23 05:00:00
TXN008992,ACC_NORMAL_33,ACC_NORMAL_701,217.0,2026-04-25 23:00:00
TXN008993,ACC_NORMAL_63,ACC_NORMAL_520,9937.0,2026-04-29 21:00:00
TXN008994,ACC_NORMAL_164,ACC_NORMAL_663,3913.0,2026-06-23 20:00:00
TXN008995,ACC_NORMAL_362,ACC_NORMAL_109,2261.0,2026-05-15 05:00:00
TXN008996,ACC_NORMAL_376,ACC_NORMAL_353,4632.0,2026-03-27 10:00:00
TXN008997,ACC_NORMAL_429,ACC_NORMAL_330,8904.0,2026-04-02 11:00:00
TXN008998,ACC_NORMAL_732,ACC_NORMAL_921,9952.0,2026-03-16 04:00:00
TXN008999,ACC_NORMAL_408,ACC_NORMAL_40,9555.0,2026-03-21 06:00:00
TXN009000,ACC_NORMAL_545,ACC_NORMAL_759,5326.0,2026-06-27 01:00:00
TXN009001,ACC_NORMAL_831,ACC_NORMAL_766,4983.0,2026-07-25 08:00:00
TXN009002,ACC_NORMAL_338,ACC_NORMAL_838,338.0,2026-06-22 00:00:00
TXN009003,ACC_NORMAL_873,ACC_NORMAL_5,3626.0,2026-04-23 09:00:00
TXN009004,ACC_NORMAL_957,ACC_NORMAL_112,730.0,2026-03-08 06:00:00
TXN009005,ACC_NORMAL_143,ACC_NORMAL_555,8661.0,2026-06-22 07:00:00
TXN009006,ACC_NORMAL_631,ACC_NORMAL_878,5426.0,2026-03-13 19:00:00
TXN009007,ACC_NORMAL_953,ACC_NORMAL_352,6212.0,2026-05-29 03:00:00
TXN009008,ACC_NORMAL_393,ACC_NORMAL_915,5160.0,2026-05-08 10:00:00
TXN009009,ACC_NORMAL_286,ACC_NORMAL_1000,2302.0,2026-03-15 19:00:00
TXN009010,ACC_NORMAL_363,ACC_NORMAL_773,1343.0,2026-06-06 20:00:00
TXN009011,ACC_NORMAL_584,ACC_NORMAL_573,7346.0,2026-06-03 16:00:00
TXN009012,ACC_NORMAL_487,ACC_NORMAL_553,9035.0,2026-03-13 07:00:00
TXN009013,ACC_NORMAL_161,ACC_NORMAL_724,1402.0,2026-06-17 04:00:00
TXN009014,ACC_NORMAL_574,ACC_NORMAL_204,9973.0,2026-07-06 23:00:00
TXN009015,ACC_NORMAL_727,ACC_NORMAL_724,4506.0,2026-07-06 06:00:00
TXN009016,ACC_NORMAL_684,ACC_NORMAL_347,9487.0,2026-06-09 06:00:00
TXN009017,ACC_NORMAL_772,ACC_NORMAL_425,8919.0,2026-04-03 10:00:00
TXN009018,ACC_NORMAL_655,ACC_NORMAL_986,9785.0,2026-07-12 10:00:00
TXN009019,ACC_NORMAL_218,ACC_NORMAL_312,8476.0,2026-03-21 11:00:00
TXN009020,ACC_NORMAL_492,ACC_NORMAL_607,282.0,2026-03-11 21:00:00
TXN009021,ACC_NORMAL_853,ACC_NORMAL_232,7770.0,2026-04-02 09:00:00
TXN009022,ACC_NORMAL_705,ACC_NORMAL_152,7473.0,2026-03-24 07:00:00
TXN009023,ACC_NORMAL_132,ACC_NORMAL_894,5505.0,2026-03-27 16:00:00
TXN009024,ACC_NORMAL_503,ACC_NORMAL_791,8989.0,2026-05-30 02:00:00
TXN009025,ACC_NORMAL_109,ACC_NORMAL_637,6280.0,2026-03-16 10:00:00
TXN009026,ACC_NORMAL_419,ACC_NORMAL_549,7699.0,2026-05-10 11:00:00
TXN009027,ACC_NORMAL_418,ACC_NORMAL_615,5078.0,2026-06-11 14:00:00
TXN009028,ACC_NORMAL_378,ACC_NORMAL_751,5419.0,2026-03-17 00:00:00
TXN009029,ACC_NORMAL_617,ACC_NORMAL_134,2313.0,2026-05-25 07:00:00
TXN009030,ACC_NORMAL_455,ACC_NORMAL_418,6848.0,2026-06-13 19:00:00
TXN009031,ACC_NORMAL_441,ACC_NORMAL_160,6340.0,2026-04-30 02:00:00
TXN009032,ACC_NORMAL_489,ACC_NORMAL_563,8638.0,2026-04-25 22:00:00
TXN009033,ACC_NORMAL_245,ACC_NORMAL_732,9729.0,2026-06-03 01:00:00
TXN009034,ACC_NORMAL_270,ACC_NORMAL_462,6697.0,2026-06-04 09:00:00
TXN009035,ACC_NORMAL_27,ACC_NORMAL_688,4557.0,2026-05-29 22:00:00
TXN009036,ACC_NORMAL_626,ACC_NORMAL_548,2806.0,2026-04-24 04:00:00
TXN009037,ACC_NORMAL_126,ACC_NORMAL_473,2852.0,2026-07-24 15:00:00
TXN009038,ACC_NORMAL_268,ACC_NORMAL_116,5179.0,2026-06-23 01:00:00
TXN009039,ACC_NORMAL_426,ACC_NORMAL_781,8070.0,2026-05-17 13:00:00
TXN009040,ACC_NORMAL_310,ACC_NORMAL_171,4761.0,2026-03-17 23:00:00
TXN009041,ACC_NORMAL_182,ACC_NORMAL_484,7219.0,2026-03-22 04:00:00
TXN009042,ACC_NORMAL_301,ACC_NORMAL_922,3914.0,2026-04-30 05:00:00
TXN009043,ACC_NORMAL_476,ACC_NORMAL_253,5917.0,2026-05-15 14:00:00
TXN009044,ACC_NORMAL_536,ACC_NORMAL_237,8787.0,2026-03-07 15:00:00
TXN009045,ACC_NORMAL_480,ACC_NORMAL_815,9535.0,2026-05-21 08:00:00
TXN009046,ACC_NORMAL_3,ACC_NORMAL_816,4157.0,2026-04-13 06:00:00
TXN009047,ACC_NORMAL_130,ACC_NORMAL_175,8074.0,2026-04-05 11:00:00
TXN009048,ACC_NORMAL_167,ACC_NORMAL_556,5211.0,2026-07-11 04:00:00
TXN009049,ACC_NORMAL_917,ACC_NORMAL_459,560.0,2026-06-19 00:00:00
TXN009050,ACC_NORMAL_978,ACC_NORMAL_144,5496.0,2026-07-09 02:00:00
TXN009051,ACC_NORMAL_209,ACC_NORMAL_915,4078.0,2026-06-11 22:00:00
TXN009052,ACC_NORMAL_815,ACC_NORMAL_100,7096.0,2026-03-24 16:00:00
TXN009053,ACC_NORMAL_182,ACC_NORMAL_183,8063.0,2026-07-12 16:00:00
TXN009054,ACC_NORMAL_139,ACC_NORMAL_369,2456.0,2026-05-25 18:00:00
TXN009055,ACC_NORMAL_768,ACC_NORMAL_28,5508.0,2026-04-26 19:00:00
TXN009056,ACC_NORMAL_408,ACC_NORMAL_499,7670.0,2026-05-04 15:00:00
TXN009057,ACC_NORMAL_305,ACC_NORMAL_37,7982.0,2026-06-07 19:00:00
TXN009058,ACC_NORMAL_464,ACC_NORMAL_589,5145.0,2026-04-19 10:00:00
TXN009059,ACC_NORMAL_828,ACC_NORMAL_314,7575.0,2026-06-20 06:00:00
TXN009060,ACC_NORMAL_167,ACC_NORMAL_346,1732.0,2026-04-04 00:00:00
TXN009061,ACC_NORMAL_557,ACC_NORMAL_414,8675.0,2026-03-28 03:00:00
TXN009062,ACC_NORMAL_414,ACC_NORMAL_763,830.0,2026-05-17 17:00:00
TXN009063,ACC_NORMAL_265,ACC_NORMAL_438,5408.0,2026-05-12 17:00:00
TXN009064,ACC_NORMAL_655,ACC_NORMAL_567,9328.0,2026-07-02 08:00:00
TXN009065,ACC_NORMAL_410,ACC_NORMAL_660,5651.0,2026-06-24 09:00:00
TXN009066,ACC_NORMAL_316,ACC_NORMAL_134,9069.0,2026-05-30 23:00:00
TXN009067,ACC_NORMAL_954,ACC_NORMAL_508,5360.0,2026-06-30 20:00:00
TXN009068,ACC_NORMAL_377,ACC_NORMAL_641,3204.0,2026-03-31 00:00:00
TXN009069,ACC_NORMAL_933,ACC_NORMAL_172,1825.0,2026-06-16 13:00:00
TXN009070,ACC_NORMAL_611,ACC_NORMAL_440,5213.0,2026-04-19 14:00:00
TXN009071,ACC_NORMAL_45,ACC_NORMAL_502,3593.0,2026-05-13 21:00:00
TXN009072,ACC_NORMAL_42,ACC_NORMAL_64,5242.0,2026-07-02 09:00:00
TXN009073,ACC_NORMAL_428,ACC_NORMAL_180,8882.0,2026-04-28 20:00:00
TXN009074,ACC_NORMAL_210,ACC_NORMAL_818,3140.0,2026-03-08 22:00:00
TXN009075,ACC_NORMAL_665,ACC_NORMAL_445,9447.0,2026-06-23 07:00:00
TXN009076,ACC_NORMAL_843,ACC_NORMAL_630,125.0,2026-06-28 19:00:00
TXN009077,ACC_NORMAL_803,ACC_NORMAL_932,5092.0,2026-04-04 04:00:00
TXN009078,ACC_NORMAL_707,ACC_NORMAL_751,6502.0,2026-05-19 15:00:00
TXN009079,ACC_NORMAL_154,ACC_NORMAL_946,1525.0,2026-06-16 21:00:00
TXN009080,ACC_NORMAL_920,ACC_NORMAL_546,9376.0,2026-04-04 03:00:00
TXN009081,ACC_NORMAL_632,ACC_NORMAL_974,6437.0,2026-03-31 04:00:00
TXN009082,ACC_NORMAL_285,ACC_NORMAL_344,4052.0,2026-06-02 12:00:00
TXN009083,ACC_NORMAL_336,ACC_NORMAL_884,3193.0,2026-03-29 21:00:00
TXN009084,ACC_NORMAL_561,ACC_NORMAL_834,2029.0,2026-07-26 17:00:00
TXN009085,ACC_NORMAL_134,ACC_NORMAL_721,2306.0,2026-04-14 08:00:00
TXN009086,ACC_NORMAL_376,ACC_NORMAL_736,5401.0,2026-05-10 10:00:00
TXN009087,ACC_NORMAL_899,ACC_NORMAL_724,8111.0,2026-03-11 08:00:00
TXN009088,ACC_NORMAL_490,ACC_NORMAL_132,8889.0,2026-05-08 03:00:00
TXN009089,ACC_NORMAL_508,ACC_NORMAL_428,5739.0,2026-05-29 18:00:00
TXN009090,ACC_NORMAL_689,ACC_NORMAL_174,5741.0,2026-06-22 23:00:00
TXN009091,ACC_NORMAL_521,ACC_NORMAL_454,986.0,2026-03-21 16:00:00
TXN009092,ACC_NORMAL_219,ACC_NORMAL_473,6865.0,2026-07-01 18:00:00
TXN009093,ACC_NORMAL_539,ACC_NORMAL_407,3676.0,2026-04-14 05:00:00
TXN009094,ACC_NORMAL_66,ACC_NORMAL_392,3118.0,2026-04-06 14:00:00
TXN009095,ACC_NORMAL_111,ACC_NORMAL_537,7990.0,2026-06-02 00:00:00
TXN009096,ACC_NORMAL_774,ACC_NORMAL_986,4305.0,2026-05-26 20:00:00
TXN009097,ACC_NORMAL_75,ACC_NORMAL_63,6174.0,2026-06-25 01:00:00
TXN009098,ACC_NORMAL_555,ACC_NORMAL_328,6886.0,2026-03-07 11:00:00
TXN009099,ACC_NORMAL_136,ACC_NORMAL_238,2756.0,2026-05-10 09:00:00
TXN009100,ACC_NORMAL_675,ACC_NORMAL_321,9105.0,2026-05-18 19:00:00
TXN009101,ACC_NORMAL_630,ACC_NORMAL_203,1302.0,2026-03-30 17:00:00
TXN009102,ACC_NORMAL_741,ACC_NORMAL_761,6120.0,2026-06-12 20:00:00
TXN009103,ACC_NORMAL_97,ACC_NORMAL_3,6637.0,2026-06-18 03:00:00
TXN009104,ACC_NORMAL_358,ACC_NORMAL_70,6090.0,2026-07-23 03:00:00
TXN009105,ACC_NORMAL_915,ACC_NORMAL_764,6537.0,2026-06-08 11:00:00
TXN009106,ACC_NORMAL_472,ACC_NORMAL_633,4774.0,2026-05-18 01:00:00
TXN009107,ACC_NORMAL_765,ACC_NORMAL_9,1414.0,2026-03-19 13:00:00
TXN009108,ACC_NORMAL_350,ACC_NORMAL_756,4350.0,2026-03-20 01:00:00
TXN009109,ACC_NORMAL_574,ACC_NORMAL_340,5633.0,2026-03-05 13:00:00
TXN009110,ACC_NORMAL_407,ACC_NORMAL_929,572.0,2026-07-16 08:00:00
TXN009111,ACC_NORMAL_772,ACC_NORMAL_862,2627.0,2026-03-26 13:00:00
TXN009112,ACC_NORMAL_672,ACC_NORMAL_566,9111.0,2026-05-01 20:00:00
TXN009113,ACC_NORMAL_306,ACC_NORMAL_850,7313.0,2026-07-21 11:00:00
TXN009114,ACC_NORMAL_334,ACC_NORMAL_683,5071.0,2026-07-25 12:00:00
TXN009115,ACC_NORMAL_257,ACC_NORMAL_117,4599.0,2026-05-20 03:00:00
TXN009116,ACC_NORMAL_118,ACC_NORMAL_876,9000.0,2026-04-30 06:00:00
TXN009117,ACC_NORMAL_450,ACC_NORMAL_877,2022.0,2026-05-06 23:00:00
TXN009118,ACC_NORMAL_653,ACC_NORMAL_268,130.0,2026-06-15 13:00:00
TXN009119,ACC_NORMAL_577,ACC_NORMAL_114,8226.0,2026-03-09 13:00:00
TXN009120,ACC_NORMAL_875,ACC_NORMAL_640,5638.0,2026-07-23 11:00:00
TXN009121,ACC_NORMAL_12,ACC_NORMAL_947,1993.0,2026-05-22 08:00:00
TXN009122,ACC_NORMAL_693,ACC_NORMAL_118,1711.0,2026-05-30 15:00:00
TXN009123,ACC_NORMAL_100,ACC_NORMAL_846,8667.0,2026-07-12 09:00:00
TXN009124,ACC_NORMAL_755,ACC_NORMAL_773,6796.0,2026-07-17 21:00:00
TXN009125,ACC_NORMAL_755,ACC_NORMAL_291,6969.0,2026-05-18 21:00:00
TXN009126,ACC_NORMAL_389,ACC_NORMAL_210,4806.0,2026-05-14 08:00:00
TXN009127,ACC_NORMAL_945,ACC_NORMAL_275,5858.0,2026-03-31 07:00:00
TXN009128,ACC_NORMAL_615,ACC_NORMAL_856,3225.0,2026-06-24 07:00:00
TXN009129,ACC_NORMAL_297,ACC_NORMAL_139,3271.0,2026-04-14 03:00:00
TXN009130,ACC_NORMAL_938,ACC_NORMAL_748,159.0,2026-07-10 23:00:00
TXN009131,ACC_NORMAL_788,ACC_NORMAL_308,8270.0,2026-07-06 23:00:00
TXN009132,ACC_NORMAL_116,ACC_NORMAL_290,7033.0,2026-06-05 13:00:00
TXN009133,ACC_NORMAL_788,ACC_NORMAL_496,5500.0,2026-06-10 21:00:00
TXN009134,ACC_NORMAL_441,ACC_NORMAL_504,8548.0,2026-05-21 19:00:00
TXN009135,ACC_NORMAL_986,ACC_NORMAL_935,9678.0,2026-05-06 02:00:00
TXN009136,ACC_NORMAL_549,ACC_NORMAL_308,2219.0,2026-05-09 12:00:00
TXN009137,ACC_NORMAL_574,ACC_NORMAL_851,5797.0,2026-04-17 00:00:00
TXN009138,ACC_NORMAL_94,ACC_NORMAL_503,2748.0,2026-06-16 10:00:00
TXN009139,ACC_NORMAL_932,ACC_NORMAL_946,897.0,2026-03-26 04:00:00
TXN009140,ACC_NORMAL_484,ACC_NORMAL_566,9271.0,2026-06-08 07:00:00
TXN009141,ACC_NORMAL_374,ACC_NORMAL_41,6021.0,2026-04-20 11:00:00
TXN009142,ACC_NORMAL_337,ACC_NORMAL_873,2980.0,2026-04-08 03:00:00
TXN009143,ACC_NORMAL_215,ACC_NORMAL_95,8240.0,2026-07-02 00:00:00
TXN009144,ACC_NORMAL_314,ACC_NORMAL_648,3768.0,2026-06-09 04:00:00
TXN009145,ACC_NORMAL_592,ACC_NORMAL_639,7155.0,2026-06-30 16:00:00
TXN009146,ACC_NORMAL_894,ACC_NORMAL_878,7979.0,2026-04-03 15:00:00
TXN009147,ACC_NORMAL_212,ACC_NORMAL_166,8898.0,2026-04-27 01:00:00
TXN009148,ACC_NORMAL_192,ACC_NORMAL_258,6881.0,2026-04-24 06:00:00
TXN009149,ACC_NORMAL_324,ACC_NORMAL_630,4539.0,2026-05-05 14:00:00
TXN009150,ACC_NORMAL_748,ACC_NORMAL_191,2241.0,2026-05-15 13:00:00
TXN009151,ACC_NORMAL_479,ACC_NORMAL_991,8765.0,2026-04-17 13:00:00
TXN009152,ACC_NORMAL_237,ACC_NORMAL_391,7121.0,2026-07-12 21:00:00
TXN009153,ACC_NORMAL_978,ACC_NORMAL_741,6851.0,2026-05-01 17:00:00
TXN009154,ACC_NORMAL_239,ACC_NORMAL_748,6584.0,2026-04-16 01:00:00
TXN009155,ACC_NORMAL_732,ACC_NORMAL_27,1543.0,2026-06-24 23:00:00
TXN009156,ACC_NORMAL_305,ACC_NORMAL_915,8194.0,2026-03-13 19:00:00
TXN009157,ACC_NORMAL_420,ACC_NORMAL_305,8577.0,2026-03-10 08:00:00
TXN009158,ACC_NORMAL_643,ACC_NORMAL_6,3804.0,2026-04-10 05:00:00
TXN009159,ACC_NORMAL_779,ACC_NORMAL_504,2448.0,2026-03-26 19:00:00
TXN009160,ACC_NORMAL_703,ACC_NORMAL_457,2569.0,2026-04-15 15:00:00
TXN009161,ACC_NORMAL_112,ACC_NORMAL_555,4564.0,2026-04-19 09:00:00
TXN009162,ACC_NORMAL_580,ACC_NORMAL_792,5672.0,2026-03-11 00:00:00
TXN009163,ACC_NORMAL_357,ACC_NORMAL_554,4420.0,2026-05-23 22:00:00
TXN009164,ACC_NORMAL_350,ACC_NORMAL_734,2074.0,2026-04-17 21:00:00
TXN009165,ACC_NORMAL_951,ACC_NORMAL_770,1733.0,2026-05-12 21:00:00
TXN009166,ACC_NORMAL_52,ACC_NORMAL_855,9456.0,2026-06-12 18:00:00
TXN009167,ACC_NORMAL_318,ACC_NORMAL_900,732.0,2026-03-21 15:00:00
TXN009168,ACC_NORMAL_347,ACC_NORMAL_237,734.0,2026-07-02 23:00:00
TXN009169,ACC_NORMAL_122,ACC_NORMAL_483,226.0,2026-07-22 22:00:00
TXN009170,ACC_NORMAL_222,ACC_NORMAL_860,7426.0,2026-04-06 14:00:00
TXN009171,ACC_NORMAL_86,ACC_NORMAL_451,9198.0,2026-03-08 16:00:00
TXN009172,ACC_NORMAL_281,ACC_NORMAL_492,1163.0,2026-05-06 05:00:00
TXN009173,ACC_NORMAL_38,ACC_NORMAL_359,8274.0,2026-05-05 22:00:00
TXN009174,ACC_NORMAL_257,ACC_NORMAL_153,1720.0,2026-06-01 00:00:00
TXN009175,ACC_NORMAL_118,ACC_NORMAL_950,2979.0,2026-05-17 23:00:00
TXN009176,ACC_NORMAL_737,ACC_NORMAL_730,4287.0,2026-04-06 17:00:00
TXN009177,ACC_NORMAL_395,ACC_NORMAL_629,6930.0,2026-05-15 21:00:00
TXN009178,ACC_NORMAL_374,ACC_NORMAL_522,8177.0,2026-07-14 16:00:00
TXN009179,ACC_NORMAL_990,ACC_NORMAL_864,4892.0,2026-04-15 07:00:00
TXN009180,ACC_NORMAL_311,ACC_NORMAL_35,5202.0,2026-05-20 02:00:00
TXN009181,ACC_NORMAL_757,ACC_NORMAL_702,2371.0,2026-03-09 12:00:00
TXN009182,ACC_NORMAL_792,ACC_NORMAL_248,719.0,2026-05-18 00:00:00
TXN009183,ACC_NORMAL_942,ACC_NORMAL_897,497.0,2026-03-06 23:00:00
TXN009184,ACC_NORMAL_683,ACC_NORMAL_77,2643.0,2026-04-09 12:00:00
TXN009185,ACC_NORMAL_979,ACC_NORMAL_810,6320.0,2026-04-22 03:00:00
TXN009186,ACC_NORMAL_843,ACC_NORMAL_342,156.0,2026-07-23 14:00:00
TXN009187,ACC_NORMAL_197,ACC_NORMAL_163,7996.0,2026-07-01 15:00:00
TXN009188,ACC_NORMAL_554,ACC_NORMAL_657,319.0,2026-05-30 18:00:00
TXN009189,ACC_NORMAL_513,ACC_NORMAL_531,3554.0,2026-06-20 02:00:00
TXN009190,ACC_NORMAL_50,ACC_NORMAL_1,9379.0,2026-03-21 01:00:00
TXN009191,ACC_NORMAL_935,ACC_NORMAL_642,468.0,2026-06-22 15:00:00
TXN009192,ACC_NORMAL_509,ACC_NORMAL_8,1068.0,2026-04-16 00:00:00
TXN009193,ACC_NORMAL_968,ACC_NORMAL_760,7929.0,2026-04-24 05:00:00
TXN009194,ACC_NORMAL_424,ACC_NORMAL_310,4002.0,2026-03-23 06:00:00
TXN009195,ACC_NORMAL_653,ACC_NORMAL_144,2202.0,2026-05-15 14:00:00
TXN009196,ACC_NORMAL_971,ACC_NORMAL_465,7937.0,2026-07-12 06:00:00
TXN009197,ACC_NORMAL_402,ACC_NORMAL_858,2024.0,2026-04-18 00:00:00
TXN009198,ACC_NORMAL_513,ACC_NORMAL_690,2882.0,2026-07-05 03:00:00
TXN009199,ACC_NORMAL_168,ACC_NORMAL_382,1529.0,2026-04-11 00:00:00
TXN009200,ACC_NORMAL_543,ACC_NORMAL_775,6105.0,2026-07-11 08:00:00
TXN009201,ACC_NORMAL_223,ACC_NORMAL_50,3656.0,2026-05-03 20:00:00
TXN009202,ACC_NORMAL_356,ACC_NORMAL_753,3318.0,2026-05-01 00:00:00
TXN009203,ACC_NORMAL_7,ACC_NORMAL_470,3391.0,2026-06-03 00:00:00
TXN009204,ACC_NORMAL_943,ACC_NORMAL_193,3660.0,2026-07-12 17:00:00
TXN009205,ACC_NORMAL_455,ACC_NORMAL_688,2154.0,2026-05-22 02:00:00
TXN009206,ACC_NORMAL_841,ACC_NORMAL_46,5838.0,2026-06-29 10:00:00
TXN009207,ACC_NORMAL_279,ACC_NORMAL_710,4941.0,2026-04-02 10:00:00
TXN009208,ACC_NORMAL_587,ACC_NORMAL_117,7089.0,2026-06-30 04:00:00
TXN009209,ACC_NORMAL_171,ACC_NORMAL_192,3499.0,2026-03-09 12:00:00
TXN009210,ACC_NORMAL_162,ACC_NORMAL_919,9842.0,2026-05-24 06:00:00
TXN009211,ACC_NORMAL_636,ACC_NORMAL_678,8135.0,2026-07-23 09:00:00
TXN009212,ACC_NORMAL_565,ACC_NORMAL_623,386.0,2026-05-10 23:00:00
TXN009213,ACC_NORMAL_472,ACC_NORMAL_104,3499.0,2026-06-27 00:00:00
TXN009214,ACC_NORMAL_31,ACC_NORMAL_488,3833.0,2026-03-15 03:00:00
TXN009215,ACC_NORMAL_156,ACC_NORMAL_585,7454.0,2026-05-05 17:00:00
TXN009216,ACC_NORMAL_939,ACC_NORMAL_156,9683.0,2026-05-05 15:00:00
TXN009217,ACC_NORMAL_591,ACC_NORMAL_985,3364.0,2026-04-24 21:00:00
TXN009218,ACC_NORMAL_971,ACC_NORMAL_657,6995.0,2026-05-13 05:00:00
TXN009219,ACC_NORMAL_272,ACC_NORMAL_469,4642.0,2026-04-30 13:00:00
TXN009220,ACC_NORMAL_76,ACC_NORMAL_482,7192.0,2026-06-25 11:00:00
TXN009221,ACC_NORMAL_538,ACC_NORMAL_359,5773.0,2026-07-05 11:00:00
TXN009222,ACC_NORMAL_213,ACC_NORMAL_155,2644.0,2026-07-05 08:00:00
TXN009223,ACC_NORMAL_68,ACC_NORMAL_507,943.0,2026-05-19 00:00:00
TXN009224,ACC_NORMAL_86,ACC_NORMAL_960,1805.0,2026-03-23 13:00:00
TXN009225,ACC_NORMAL_675,ACC_NORMAL_553,4927.0,2026-04-07 18:00:00
TXN009226,ACC_NORMAL_180,ACC_NORMAL_537,4034.0,2026-05-14 15:00:00
TXN009227,ACC_NORMAL_179,ACC_NORMAL_171,7068.0,2026-06-04 22:00:00
TXN009228,ACC_NORMAL_989,ACC_NORMAL_135,5920.0,2026-04-26 17:00:00
TXN009229,ACC_NORMAL_889,ACC_NORMAL_243,7707.0,2026-06-02 15:00:00
TXN009230,ACC_NORMAL_7,ACC_NORMAL_365,127.0,2026-03-24 19:00:00
TXN009231,ACC_NORMAL_226,ACC_NORMAL_765,3621.0,2026-06-14 14:00:00
TXN009232,ACC_NORMAL_707,ACC_NORMAL_895,8929.0,2026-06-01 10:00:00
TXN009233,ACC_NORMAL_365,ACC_NORMAL_49,8358.0,2026-03-09 16:00:00
TXN009234,ACC_NORMAL_791,ACC_NORMAL_594,2244.0,2026-06-15 19:00:00
TXN009235,ACC_NORMAL_414,ACC_NORMAL_882,4762.0,2026-03-31 13:00:00
TXN009236,ACC_NORMAL_294,ACC_NORMAL_351,564.0,2026-03-07 18:00:00
TXN009237,ACC_NORMAL_273,ACC_NORMAL_759,1266.0,2026-03-08 17:00:00
TXN009238,ACC_NORMAL_370,ACC_NORMAL_60,1007.0,2026-07-23 12:00:00
TXN009239,ACC_NORMAL_446,ACC_NORMAL_981,1551.0,2026-03-08 15:00:00
TXN009240,ACC_NORMAL_475,ACC_NORMAL_997,1733.0,2026-07-08 02:00:00
TXN009241,ACC_NORMAL_296,ACC_NORMAL_240,7529.0,2026-03-11 10:00:00
TXN009242,ACC_NORMAL_320,ACC_NORMAL_490,4498.0,2026-06-11 15:00:00
TXN009243,ACC_NORMAL_517,ACC_NORMAL_228,4934.0,2026-03-12 03:00:00
TXN009244,ACC_NORMAL_820,ACC_NORMAL_378,7983.0,2026-06-14 17:00:00
TXN009245,ACC_NORMAL_141,ACC_NORMAL_791,2772.0,2026-03-28 15:00:00
TXN009246,ACC_NORMAL_519,ACC_NORMAL_615,9458.0,2026-03-25 04:00:00
TXN009247,ACC_NORMAL_708,ACC_NORMAL_523,2628.0,2026-07-13 05:00:00
TXN009248,ACC_NORMAL_698,ACC_NORMAL_164,4763.0,2026-04-16 22:00:00
TXN009249,ACC_NORMAL_409,ACC_NORMAL_167,9246.0,2026-04-28 11:00:00
TXN009250,ACC_NORMAL_25,ACC_NORMAL_122,7993.0,2026-05-05 21:00:00
TXN009251,ACC_NORMAL_917,ACC_NORMAL_911,9004.0,2026-04-01 05:00:00
TXN009252,ACC_NORMAL_8,ACC_NORMAL_230,3834.0,2026-04-21 05:00:00
TXN009253,ACC_NORMAL_259,ACC_NORMAL_925,961.0,2026-03-30 00:00:00
TXN009254,ACC_NORMAL_148,ACC_NORMAL_3,4632.0,2026-06-03 00:00:00
TXN009255,ACC_NORMAL_988,ACC_NORMAL_997,8324.0,2026-07-21 21:00:00
TXN009256,ACC_NORMAL_850,ACC_NORMAL_884,3874.0,2026-05-24 14:00:00
TXN009257,ACC_NORMAL_481,ACC_NORMAL_459,805.0,2026-03-28 23:00:00
TXN009258,ACC_NORMAL_547,ACC_NORMAL_649,8975.0,2026-04-29 17:00:00
TXN009259,ACC_NORMAL_472,ACC_NORMAL_191,727.0,2026-07-12 13:00:00
TXN009260,ACC_NORMAL_957,ACC_NORMAL_702,6530.0,2026-03-06 17:00:00
TXN009261,ACC_NORMAL_21,ACC_NORMAL_79,9743.0,2026-05-23 08:00:00
TXN009262,ACC_NORMAL_697,ACC_NORMAL_287,2124.0,2026-06-27 18:00:00
TXN009263,ACC_NORMAL_719,ACC_NORMAL_198,8820.0,2026-06-09 23:00:00
TXN009264,ACC_NORMAL_219,ACC_NORMAL_449,4085.0,2026-04-18 13:00:00
TXN009265,ACC_NORMAL_920,ACC_NORMAL_46,8919.0,2026-06-07 13:00:00
TXN009266,ACC_NORMAL_798,ACC_NORMAL_599,2893.0,2026-05-09 10:00:00
TXN009267,ACC_NORMAL_9,ACC_NORMAL_395,3868.0,2026-06-04 03:00:00
TXN009268,ACC_NORMAL_689,ACC_NORMAL_675,769.0,2026-03-08 00:00:00
TXN009269,ACC_NORMAL_196,ACC_NORMAL_102,4406.0,2026-05-16 10:00:00
TXN009270,ACC_NORMAL_819,ACC_NORMAL_654,9396.0,2026-05-03 01:00:00
TXN009271,ACC_NORMAL_126,ACC_NORMAL_460,1928.0,2026-06-04 18:00:00
TXN009272,ACC_NORMAL_449,ACC_NORMAL_873,2573.0,2026-04-10 04:00:00
TXN009273,ACC_NORMAL_156,ACC_NORMAL_420,9468.0,2026-03-21 00:00:00
TXN009274,ACC_NORMAL_91,ACC_NORMAL_410,298.0,2026-05-20 17:00:00
TXN009275,ACC_NORMAL_412,ACC_NORMAL_190,473.0,2026-03-22 19:00:00
TXN009276,ACC_NORMAL_450,ACC_NORMAL_697,1223.0,2026-03-22 18:00:00
TXN009277,ACC_NORMAL_108,ACC_NORMAL_36,2498.0,2026-07-09 16:00:00
TXN009278,ACC_NORMAL_318,ACC_NORMAL_423,1386.0,2026-05-03 15:00:00
TXN009279,ACC_NORMAL_814,ACC_NORMAL_18,628.0,2026-07-02 13:00:00
TXN009280,ACC_NORMAL_985,ACC_NORMAL_795,8360.0,2026-06-20 09:00:00
TXN009281,ACC_NORMAL_315,ACC_NORMAL_972,5888.0,2026-04-15 02:00:00
TXN009282,ACC_NORMAL_796,ACC_NORMAL_474,1142.0,2026-03-05 04:00:00
TXN009283,ACC_NORMAL_917,ACC_NORMAL_432,5433.0,2026-05-15 01:00:00
TXN009284,ACC_NORMAL_351,ACC_NORMAL_693,3201.0,2026-05-11 10:00:00
TXN009285,ACC_NORMAL_717,ACC_NORMAL_834,1848.0,2026-07-04 19:00:00
TXN009286,ACC_NORMAL_594,ACC_NORMAL_108,7713.0,2026-07-12 14:00:00
TXN009287,ACC_NORMAL_34,ACC_NORMAL_233,1071.0,2026-07-11 13:00:00
TXN009288,ACC_NORMAL_885,ACC_NORMAL_920,6271.0,2026-04-24 09:00:00
TXN009289,ACC_NORMAL_458,ACC_NORMAL_796,688.0,2026-07-18 21:00:00
TXN009290,ACC_NORMAL_785,ACC_NORMAL_667,2626.0,2026-05-29 11:00:00
TXN009291,ACC_NORMAL_699,ACC_NORMAL_200,9402.0,2026-04-04 17:00:00
TXN009292,ACC_NORMAL_232,ACC_NORMAL_965,2804.0,2026-07-16 17:00:00
TXN009293,ACC_NORMAL_548,ACC_NORMAL_585,8041.0,2026-06-12 06:00:00
TXN009294,ACC_NORMAL_444,ACC_NORMAL_798,8104.0,2026-07-17 09:00:00
TXN009295,ACC_NORMAL_902,ACC_NORMAL_943,5869.0,2026-05-04 19:00:00
TXN009296,ACC_NORMAL_624,ACC_NORMAL_830,5051.0,2026-04-07 04:00:00
TXN009297,ACC_NORMAL_261,ACC_NORMAL_386,9980.0,2026-06-07 18:00:00
TXN009298,ACC_NORMAL_862,ACC_NORMAL_440,2458.0,2026-03-12 23:00:00
TXN009299,ACC_NORMAL_571,ACC_NORMAL_582,2744.0,2026-04-17 17:00:00
TXN009300,ACC_NORMAL_739,ACC_NORMAL_382,4897.0,2026-04-22 02:00:00
TXN009301,ACC_NORMAL_186,ACC_NORMAL_638,8825.0,2026-06-09 23:00:00
TXN009302,ACC_NORMAL_860,ACC_NORMAL_838,8997.0,2026-03-17 02:00:00
TXN009303,ACC_NORMAL_154,ACC_NORMAL_798,6453.0,2026-07-21 14:00:00
TXN009304,ACC_NORMAL_447,ACC_NORMAL_788,6673.0,2026-05-07 02:00:00
TXN009305,ACC_NORMAL_888,ACC_NORMAL_937,7988.0,2026-03-29 21:00:00
TXN009306,ACC_NORMAL_571,ACC_NORMAL_519,8085.0,2026-06-28 16:00:00
TXN009307,ACC_NORMAL_169,ACC_NORMAL_80,2847.0,2026-05-09 09:00:00
TXN009308,ACC_NORMAL_555,ACC_NORMAL_51,6666.0,2026-06-06 22:00:00
TXN009309,ACC_NORMAL_300,ACC_NORMAL_316,1839.0,2026-07-02 07:00:00
TXN009310,ACC_NORMAL_612,ACC_NORMAL_288,211.0,2026-07-08 22:00:00
TXN009311,ACC_NORMAL_535,ACC_NORMAL_75,4011.0,2026-07-20 00:00:00
TXN009312,ACC_NORMAL_19,ACC_NORMAL_906,615.0,2026-03-25 06:00:00
TXN009313,ACC_NORMAL_851,ACC_NORMAL_507,5592.0,2026-03-29 17:00:00
TXN009314,ACC_NORMAL_342,ACC_NORMAL_976,4493.0,2026-07-27 01:00:00
TXN009315,ACC_NORMAL_503,ACC_NORMAL_980,5330.0,2026-07-04 05:00:00
TXN009316,ACC_NORMAL_747,ACC_NORMAL_163,1569.0,2026-03-15 06:00:00
TXN009317,ACC_NORMAL_926,ACC_NORMAL_42,8651.0,2026-05-23 02:00:00
TXN009318,ACC_NORMAL_368,ACC_NORMAL_149,2934.0,2026-03-22 17:00:00
TXN009319,ACC_NORMAL_965,ACC_NORMAL_866,9516.0,2026-03-12 14:00:00
TXN009320,ACC_NORMAL_89,ACC_NORMAL_40,6361.0,2026-05-19 13:00:00
TXN009321,ACC_NORMAL_780,ACC_NORMAL_681,4506.0,2026-05-18 18:00:00
TXN009322,ACC_NORMAL_30,ACC_NORMAL_49,9855.0,2026-07-21 15:00:00
TXN009323,ACC_NORMAL_723,ACC_NORMAL_954,4295.0,2026-06-02 21:00:00
TXN009324,ACC_NORMAL_721,ACC_NORMAL_734,7300.0,2026-04-07 12:00:00
TXN009325,ACC_NORMAL_887,ACC_NORMAL_776,7888.0,2026-03-21 08:00:00
TXN009326,ACC_NORMAL_248,ACC_NORMAL_399,3103.0,2026-05-18 10:00:00
TXN009327,ACC_NORMAL_357,ACC_NORMAL_679,1674.0,2026-06-02 22:00:00
TXN009328,ACC_NORMAL_75,ACC_NORMAL_233,1107.0,2026-07-04 15:00:00
TXN009329,ACC_NORMAL_928,ACC_NORMAL_936,8055.0,2026-05-02 12:00:00
TXN009330,ACC_NORMAL_446,ACC_NORMAL_194,8595.0,2026-05-02 01:00:00
TXN009331,ACC_NORMAL_186,ACC_NORMAL_1,9840.0,2026-04-30 00:00:00
TXN009332,ACC_NORMAL_135,ACC_NORMAL_279,4471.0,2026-07-26 04:00:00
TXN009333,ACC_NORMAL_10,ACC_NORMAL_465,3719.0,2026-06-12 16:00:00
TXN009334,ACC_NORMAL_858,ACC_NORMAL_589,2026.0,2026-06-30 01:00:00
TXN009335,ACC_NORMAL_182,ACC_NORMAL_186,3613.0,2026-04-26 23:00:00
TXN009336,ACC_NORMAL_983,ACC_NORMAL_855,4700.0,2026-06-14 23:00:00
TXN009337,ACC_NORMAL_792,ACC_NORMAL_879,4152.0,2026-07-18 18:00:00
TXN009338,ACC_NORMAL_278,ACC_NORMAL_806,8195.0,2026-03-23 05:00:00
TXN009339,ACC_NORMAL_358,ACC_NORMAL_350,6723.0,2026-03-15 03:00:00
TXN009340,ACC_NORMAL_4,ACC_NORMAL_608,1650.0,2026-05-27 10:00:00
TXN009341,ACC_NORMAL_220,ACC_NORMAL_955,3380.0,2026-07-17 13:00:00
TXN009342,ACC_NORMAL_403,ACC_NORMAL_955,7250.0,2026-06-29 10:00:00
TXN009343,ACC_NORMAL_351,ACC_NORMAL_116,168.0,2026-05-18 13:00:00
TXN009344,ACC_NORMAL_211,ACC_NORMAL_993,4201.0,2026-05-20 03:00:00
TXN009345,ACC_NORMAL_548,ACC_NORMAL_618,7992.0,2026-04-16 19:00:00
TXN009346,ACC_NORMAL_993,ACC_NORMAL_570,4560.0,2026-03-19 00:00:00
TXN009347,ACC_NORMAL_650,ACC_NORMAL_868,7751.0,2026-05-10 13:00:00
TXN009348,ACC_NORMAL_791,ACC_NORMAL_208,2561.0,2026-05-23 01:00:00
TXN009349,ACC_NORMAL_206,ACC_NORMAL_765,2790.0,2026-06-14 10:00:00
TXN009350,ACC_NORMAL_139,ACC_NORMAL_633,4454.0,2026-05-17 08:00:00
TXN009351,ACC_NORMAL_320,ACC_NORMAL_521,8160.0,2026-04-08 15:00:00
TXN009352,ACC_NORMAL_942,ACC_NORMAL_703,8846.0,2026-07-27 02:00:00
TXN009353,ACC_NORMAL_107,ACC_NORMAL_803,8324.0,2026-05-17 02:00:00
TXN009354,ACC_NORMAL_743,ACC_NORMAL_500,1502.0,2026-05-10 21:00:00
TXN009355,ACC_NORMAL_901,ACC_NORMAL_236,2230.0,2026-03-26 02:00:00
TXN009356,ACC_NORMAL_345,ACC_NORMAL_966,1950.0,2026-05-11 14:00:00
TXN009357,ACC_NORMAL_471,ACC_NORMAL_162,931.0,2026-04-01 08:00:00
TXN009358,ACC_NORMAL_663,ACC_NORMAL_860,1991.0,2026-03-25 03:00:00
TXN009359,ACC_NORMAL_704,ACC_NORMAL_1000,2201.0,2026-06-22 13:00:00
TXN009360,ACC_NORMAL_663,ACC_NORMAL_559,2370.0,2026-03-23 08:00:00
TXN009361,ACC_NORMAL_837,ACC_NORMAL_18,3744.0,2026-04-23 03:00:00
TXN009362,ACC_NORMAL_958,ACC_NORMAL_352,1675.0,2026-06-23 18:00:00
TXN009363,ACC_NORMAL_976,ACC_NORMAL_874,7585.0,2026-07-15 22:00:00
TXN009364,ACC_NORMAL_120,ACC_NORMAL_215,3120.0,2026-03-15 04:00:00
TXN009365,ACC_NORMAL_523,ACC_NORMAL_123,5651.0,2026-06-04 16:00:00
TXN009366,ACC_NORMAL_560,ACC_NORMAL_18,6314.0,2026-06-28 15:00:00
TXN009367,ACC_NORMAL_213,ACC_NORMAL_450,7773.0,2026-06-08 00:00:00
TXN009368,ACC_NORMAL_55,ACC_NORMAL_683,1018.0,2026-07-01 05:00:00
TXN009369,ACC_NORMAL_270,ACC_NORMAL_621,5244.0,2026-04-09 00:00:00
TXN009370,ACC_NORMAL_962,ACC_NORMAL_539,4570.0,2026-03-13 16:00:00
TXN009371,ACC_NORMAL_924,ACC_NORMAL_958,5514.0,2026-03-11 10:00:00
TXN009372,ACC_NORMAL_975,ACC_NORMAL_313,8974.0,2026-05-16 00:00:00
TXN009373,ACC_NORMAL_247,ACC_NORMAL_522,3483.0,2026-06-01 20:00:00
TXN009374,ACC_NORMAL_564,ACC_NORMAL_241,3570.0,2026-04-07 02:00:00
TXN009375,ACC_NORMAL_700,ACC_NORMAL_67,9028.0,2026-06-21 23:00:00
TXN009376,ACC_NORMAL_318,ACC_NORMAL_811,4713.0,2026-04-06 08:00:00
TXN009377,ACC_NORMAL_382,ACC_NORMAL_910,3071.0,2026-03-14 03:00:00
TXN009378,ACC_NORMAL_281,ACC_NORMAL_588,1789.0,2026-07-11 16:00:00
TXN009379,ACC_NORMAL_446,ACC_NORMAL_666,6669.0,2026-05-04 07:00:00
TXN009380,ACC_NORMAL_961,ACC_NORMAL_477,3155.0,2026-04-04 16:00:00
TXN009381,ACC_NORMAL_179,ACC_NORMAL_580,6480.0,2026-06-24 07:00:00
TXN009382,ACC_NORMAL_172,ACC_NORMAL_619,9715.0,2026-06-16 03:00:00
TXN009383,ACC_NORMAL_258,ACC_NORMAL_413,747.0,2026-04-20 11:00:00
TXN009384,ACC_NORMAL_262,ACC_NORMAL_621,4014.0,2026-07-17 14:00:00
TXN009385,ACC_NORMAL_512,ACC_NORMAL_558,2472.0,2026-07-14 23:00:00
TXN009386,ACC_NORMAL_851,ACC_NORMAL_664,7897.0,2026-04-16 13:00:00
TXN009387,ACC_NORMAL_838,ACC_NORMAL_900,7413.0,2026-03-26 07:00:00
TXN009388,ACC_NORMAL_673,ACC_NORMAL_816,472.0,2026-03-17 03:00:00
TXN009389,ACC_NORMAL_145,ACC_NORMAL_502,356.0,2026-05-01 21:00:00
TXN009390,ACC_NORMAL_823,ACC_NORMAL_860,4366.0,2026-04-23 07:00:00
TXN009391,ACC_NORMAL_822,ACC_NORMAL_826,9640.0,2026-03-30 15:00:00
TXN009392,ACC_NORMAL_606,ACC_NORMAL_873,6206.0,2026-07-10 00:00:00
TXN009393,ACC_NORMAL_808,ACC_NORMAL_905,8506.0,2026-04-29 11:00:00
TXN009394,ACC_NORMAL_499,ACC_NORMAL_368,9793.0,2026-03-10 17:00:00
TXN009395,ACC_NORMAL_302,ACC_NORMAL_496,4710.0,2026-03-17 02:00:00
TXN009396,ACC_NORMAL_119,ACC_NORMAL_298,8546.0,2026-05-07 09:00:00
TXN009397,ACC_NORMAL_675,ACC_NORMAL_918,1945.0,2026-06-06 11:00:00
TXN009398,ACC_NORMAL_180,ACC_NORMAL_823,4076.0,2026-04-26 07:00:00
TXN009399,ACC_NORMAL_341,ACC_NORMAL_552,5840.0,2026-03-11 03:00:00
TXN009400,ACC_NORMAL_502,ACC_NORMAL_426,6319.0,2026-07-15 19:00:00
TXN009401,ACC_NORMAL_263,ACC_NORMAL_546,1694.0,2026-07-11 08:00:00
TXN009402,ACC_NORMAL_659,ACC_NORMAL_749,8916.0,2026-07-24 17:00:00
TXN009403,ACC_NORMAL_152,ACC_NORMAL_534,3023.0,2026-05-29 12:00:00
TXN009404,ACC_NORMAL_669,ACC_NORMAL_157,8118.0,2026-05-18 05:00:00
TXN009405,ACC_NORMAL_140,ACC_NORMAL_925,7746.0,2026-03-17 18:00:00
TXN009406,ACC_NORMAL_650,ACC_NORMAL_417,9628.0,2026-06-12 12:00:00
TXN009407,ACC_NORMAL_740,ACC_NORMAL_830,3307.0,2026-06-22 00:00:00
TXN009408,ACC_NORMAL_596,ACC_NORMAL_506,5320.0,2026-05-04 11:00:00
TXN009409,ACC_NORMAL_145,ACC_NORMAL_606,1629.0,2026-03-06 08:00:00
TXN009410,ACC_NORMAL_401,ACC_NORMAL_290,6473.0,2026-04-28 05:00:00
TXN009411,ACC_NORMAL_865,ACC_NORMAL_156,6669.0,2026-07-17 04:00:00
TXN009412,ACC_NORMAL_199,ACC_NORMAL_459,3046.0,2026-07-17 07:00:00
TXN009413,ACC_NORMAL_657,ACC_NORMAL_713,3994.0,2026-07-05 20:00:00
TXN009414,ACC_NORMAL_624,ACC_NORMAL_753,2871.0,2026-06-29 00:00:00
TXN009415,ACC_NORMAL_374,ACC_NORMAL_843,7046.0,2026-03-24 23:00:00
TXN009416,ACC_NORMAL_573,ACC_NORMAL_686,2246.0,2026-03-25 18:00:00
TXN009417,ACC_NORMAL_197,ACC_NORMAL_287,8525.0,2026-04-14 03:00:00
TXN009418,ACC_NORMAL_425,ACC_NORMAL_904,2377.0,2026-04-03 00:00:00
TXN009419,ACC_NORMAL_638,ACC_NORMAL_462,1670.0,2026-06-22 17:00:00
TXN009420,ACC_NORMAL_131,ACC_NORMAL_799,452.0,2026-03-15 09:00:00
TXN009421,ACC_NORMAL_205,ACC_NORMAL_405,4998.0,2026-05-30 22:00:00
TXN009422,ACC_NORMAL_108,ACC_NORMAL_112,4836.0,2026-04-23 07:00:00
TXN009423,ACC_NORMAL_964,ACC_NORMAL_44,8282.0,2026-03-10 14:00:00
TXN009424,ACC_NORMAL_720,ACC_NORMAL_782,3527.0,2026-06-10 03:00:00
TXN009425,ACC_NORMAL_858,ACC_NORMAL_655,2917.0,2026-05-07 17:00:00
TXN009426,ACC_NORMAL_184,ACC_NORMAL_892,207.0,2026-05-16 20:00:00
TXN009427,ACC_NORMAL_807,ACC_NORMAL_777,7977.0,2026-04-19 18:00:00
TXN009428,ACC_NORMAL_111,ACC_NORMAL_430,981.0,2026-05-10 18:00:00
TXN009429,ACC_NORMAL_253,ACC_NORMAL_821,4662.0,2026-06-08 19:00:00
TXN009430,ACC_NORMAL_623,ACC_NORMAL_245,563.0,2026-03-11 01:00:00
TXN009431,ACC_NORMAL_708,ACC_NORMAL_643,194.0,2026-04-11 01:00:00
TXN009432,ACC_NORMAL_485,ACC_NORMAL_25,2252.0,2026-06-02 23:00:00
TXN009433,ACC_NORMAL_369,ACC_NORMAL_718,9862.0,2026-03-29 00:00:00
TXN009434,ACC_NORMAL_975,ACC_NORMAL_100,5346.0,2026-07-01 10:00:00
TXN009435,ACC_NORMAL_737,ACC_NORMAL_756,8838.0,2026-07-13 22:00:00
TXN009436,ACC_NORMAL_802,ACC_NORMAL_462,1216.0,2026-04-04 19:00:00
TXN009437,ACC_NORMAL_950,ACC_NORMAL_935,8218.0,2026-03-25 18:00:00
TXN009438,ACC_NORMAL_726,ACC_NORMAL_598,9376.0,2026-03-14 16:00:00
TXN009439,ACC_NORMAL_25,ACC_NORMAL_255,4328.0,2026-05-19 23:00:00
TXN009440,ACC_NORMAL_558,ACC_NORMAL_818,3641.0,2026-06-07 08:00:00
TXN009441,ACC_NORMAL_312,ACC_NORMAL_790,9698.0,2026-06-11 10:00:00
TXN009442,ACC_NORMAL_24,ACC_NORMAL_425,3384.0,2026-06-28 04:00:00
TXN009443,ACC_NORMAL_285,ACC_NORMAL_602,8631.0,2026-06-07 03:00:00
TXN009444,ACC_NORMAL_450,ACC_NORMAL_582,2747.0,2026-07-28 05:00:00
TXN009445,ACC_NORMAL_96,ACC_NORMAL_603,286.0,2026-04-12 10:00:00
TXN009446,ACC_NORMAL_105,ACC_NORMAL_988,1849.0,2026-06-04 17:00:00
TXN009447,ACC_NORMAL_503,ACC_NORMAL_356,9699.0,2026-05-27 20:00:00
TXN009448,ACC_NORMAL_449,ACC_NORMAL_580,482.0,2026-06-30 21:00:00
TXN009449,ACC_NORMAL_280,ACC_NORMAL_606,4507.0,2026-04-15 01:00:00
TXN009450,ACC_NORMAL_939,ACC_NORMAL_577,1367.0,2026-05-14 03:00:00
TXN009451,ACC_NORMAL_616,ACC_NORMAL_105,1281.0,2026-05-19 03:00:00
TXN009452,ACC_NORMAL_502,ACC_NORMAL_631,7114.0,2026-07-11 01:00:00
TXN009453,ACC_NORMAL_688,ACC_NORMAL_267,793.0,2026-03-14 17:00:00
TXN009454,ACC_NORMAL_737,ACC_NORMAL_157,1440.0,2026-03-07 02:00:00
TXN009455,ACC_NORMAL_633,ACC_NORMAL_456,8097.0,2026-05-09 05:00:00
TXN009456,ACC_NORMAL_359,ACC_NORMAL_648,7355.0,2026-06-13 02:00:00
TXN009457,ACC_NORMAL_369,ACC_NORMAL_392,1721.0,2026-04-20 15:00:00
TXN009458,ACC_NORMAL_939,ACC_NORMAL_828,6565.0,2026-03-15 05:00:00
TXN009459,ACC_NORMAL_879,ACC_NORMAL_935,4693.0,2026-04-30 19:00:00
TXN009460,ACC_NORMAL_508,ACC_NORMAL_49,2837.0,2026-05-19 06:00:00
TXN009461,ACC_NORMAL_808,ACC_NORMAL_957,8400.0,2026-07-18 04:00:00
TXN009462,ACC_NORMAL_797,ACC_NORMAL_298,6459.0,2026-06-24 07:00:00
TXN009463,ACC_NORMAL_12,ACC_NORMAL_369,1129.0,2026-04-02 16:00:00
TXN009464,ACC_NORMAL_799,ACC_NORMAL_734,3532.0,2026-07-04 00:00:00
TXN009465,ACC_NORMAL_365,ACC_NORMAL_399,7255.0,2026-04-20 22:00:00
TXN009466,ACC_NORMAL_252,ACC_NORMAL_350,6581.0,2026-03-28 20:00:00
TXN009467,ACC_NORMAL_353,ACC_NORMAL_285,7630.0,2026-07-04 04:00:00
TXN009468,ACC_NORMAL_186,ACC_NORMAL_286,787.0,2026-06-03 09:00:00
TXN009469,ACC_NORMAL_540,ACC_NORMAL_367,2832.0,2026-06-11 06:00:00
TXN009470,ACC_NORMAL_117,ACC_NORMAL_211,1243.0,2026-05-05 02:00:00
TXN009471,ACC_NORMAL_230,ACC_NORMAL_82,304.0,2026-03-30 18:00:00
TXN009472,ACC_NORMAL_252,ACC_NORMAL_811,1298.0,2026-04-18 10:00:00
TXN009473,ACC_NORMAL_331,ACC_NORMAL_226,8668.0,2026-03-10 21:00:00
TXN009474,ACC_NORMAL_489,ACC_NORMAL_241,8414.0,2026-04-26 16:00:00
TXN009475,ACC_NORMAL_531,ACC_NORMAL_848,2627.0,2026-04-29 09:00:00
TXN009476,ACC_NORMAL_891,ACC_NORMAL_80,4390.0,2026-03-08 23:00:00
TXN009477,ACC_NORMAL_630,ACC_NORMAL_783,3130.0,2026-06-28 18:00:00
TXN009478,ACC_NORMAL_569,ACC_NORMAL_454,6336.0,2026-05-09 17:00:00
TXN009479,ACC_NORMAL_715,ACC_NORMAL_169,8342.0,2026-07-27 12:00:00
TXN009480,ACC_NORMAL_185,ACC_NORMAL_179,5987.0,2026-04-26 20:00:00
TXN009481,ACC_NORMAL_795,ACC_NORMAL_580,8115.0,2026-05-03 17:00:00
TXN009482,ACC_NORMAL_197,ACC_NORMAL_143,7299.0,2026-07-11 01:00:00
TXN009483,ACC_NORMAL_432,ACC_NORMAL_596,5137.0,2026-05-01 12:00:00
TXN009484,ACC_NORMAL_232,ACC_NORMAL_500,2755.0,2026-06-02 08:00:00
TXN009485,ACC_NORMAL_629,ACC_NORMAL_57,708.0,2026-03-30 21:00:00
TXN009486,ACC_NORMAL_423,ACC_NORMAL_519,4409.0,2026-03-07 17:00:00
TXN009487,ACC_NORMAL_394,ACC_NORMAL_584,3143.0,2026-03-29 06:00:00
TXN009488,ACC_NORMAL_496,ACC_NORMAL_137,5169.0,2026-06-29 01:00:00
TXN009489,ACC_NORMAL_386,ACC_NORMAL_865,2377.0,2026-06-09 02:00:00
TXN009490,ACC_NORMAL_65,ACC_NORMAL_752,5965.0,2026-05-30 15:00:00
TXN009491,ACC_NORMAL_861,ACC_NORMAL_823,1155.0,2026-04-14 02:00:00
TXN009492,ACC_NORMAL_297,ACC_NORMAL_706,5569.0,2026-04-28 08:00:00
TXN009493,ACC_NORMAL_429,ACC_NORMAL_256,8548.0,2026-03-07 02:00:00
TXN009494,ACC_NORMAL_499,ACC_NORMAL_866,2251.0,2026-07-09 14:00:00
TXN009495,ACC_NORMAL_743,ACC_NORMAL_53,7766.0,2026-04-29 11:00:00
TXN009496,ACC_NORMAL_784,ACC_NORMAL_539,6093.0,2026-04-06 23:00:00
TXN009497,ACC_NORMAL_529,ACC_NORMAL_310,5487.0,2026-05-28 16:00:00
TXN009498,ACC_NORMAL_686,ACC_NORMAL_33,132.0,2026-05-01 06:00:00
TXN009499,ACC_NORMAL_766,ACC_NORMAL_371,7461.0,2026-03-10 21:00:00
TXN009500,ACC_NORMAL_232,ACC_NORMAL_378,756.0,2026-07-06 02:00:00
TXN009501,ACC_NORMAL_381,ACC_NORMAL_584,9230.0,2026-04-07 14:00:00
TXN009502,ACC_NORMAL_443,ACC_NORMAL_447,5961.0,2026-06-15 03:00:00
TXN009503,ACC_NORMAL_342,ACC_NORMAL_584,3932.0,2026-06-02 10:00:00
TXN009504,ACC_NORMAL_62,ACC_NORMAL_996,6158.0,2026-07-26 02:00:00
TXN009505,ACC_NORMAL_880,ACC_NORMAL_329,9790.0,2026-03-17 22:00:00
TXN009506,ACC_NORMAL_687,ACC_NORMAL_629,9201.0,2026-07-24 07:00:00
TXN009507,ACC_NORMAL_28,ACC_NORMAL_278,5940.0,2026-05-07 07:00:00
TXN009508,ACC_NORMAL_629,ACC_NORMAL_250,5057.0,2026-05-23 22:00:00
TXN009509,ACC_NORMAL_20,ACC_NORMAL_981,5658.0,2026-04-13 23:00:00
TXN009510,ACC_NORMAL_876,ACC_NORMAL_89,6589.0,2026-07-06 19:00:00
TXN009511,ACC_NORMAL_948,ACC_NORMAL_380,5421.0,2026-06-15 15:00:00
TXN009512,ACC_NORMAL_627,ACC_NORMAL_83,9822.0,2026-05-01 06:00:00
TXN009513,ACC_NORMAL_236,ACC_NORMAL_609,6739.0,2026-06-17 07:00:00
TXN009514,ACC_NORMAL_34,ACC_NORMAL_189,2973.0,2026-06-30 00:00:00
TXN009515,ACC_NORMAL_784,ACC_NORMAL_925,215.0,2026-06-29 04:00:00
TXN009516,ACC_NORMAL_243,ACC_NORMAL_208,5116.0,2026-03-22 16:00:00
TXN009517,ACC_NORMAL_144,ACC_NORMAL_500,1405.0,2026-06-23 02:00:00
TXN009518,ACC_NORMAL_709,ACC_NORMAL_494,697.0,2026-04-07 00:00:00
TXN009519,ACC_NORMAL_537,ACC_NORMAL_21,8104.0,2026-05-25 22:00:00
TXN009520,ACC_NORMAL_669,ACC_NORMAL_530,8414.0,2026-05-03 15:00:00
TXN009521,ACC_NORMAL_984,ACC_NORMAL_63,2819.0,2026-05-18 03:00:00
TXN009522,ACC_NORMAL_870,ACC_NORMAL_430,9309.0,2026-07-08 18:00:00
TXN009523,ACC_NORMAL_212,ACC_NORMAL_288,3882.0,2026-03-08 21:00:00
TXN009524,ACC_NORMAL_984,ACC_NORMAL_723,3914.0,2026-05-19 12:00:00
TXN009525,ACC_NORMAL_996,ACC_NORMAL_697,8583.0,2026-05-15 00:00:00
TXN009526,ACC_NORMAL_255,ACC_NORMAL_66,9166.0,2026-06-17 09:00:00
TXN009527,ACC_NORMAL_492,ACC_NORMAL_465,3679.0,2026-03-19 13:00:00
TXN009528,ACC_NORMAL_447,ACC_NORMAL_250,1963.0,2026-03-27 23:00:00
TXN009529,ACC_NORMAL_913,ACC_NORMAL_540,5798.0,2026-04-26 09:00:00
TXN009530,ACC_NORMAL_957,ACC_NORMAL_495,8951.0,2026-03-31 06:00:00
TXN009531,ACC_NORMAL_483,ACC_NORMAL_636,502.0,2026-03-31 18:00:00
TXN009532,ACC_NORMAL_989,ACC_NORMAL_9,5958.0,2026-05-05 07:00:00
TXN009533,ACC_NORMAL_384,ACC_NORMAL_996,7960.0,2026-03-08 21:00:00
TXN009534,ACC_NORMAL_241,ACC_NORMAL_851,8240.0,2026-06-09 15:00:00
TXN009535,ACC_NORMAL_592,ACC_NORMAL_998,1930.0,2026-06-20 19:00:00
TXN009536,ACC_NORMAL_992,ACC_NORMAL_96,819.0,2026-07-05 18:00:00
TXN009537,ACC_NORMAL_957,ACC_NORMAL_859,3673.0,2026-04-01 23:00:00
TXN009538,ACC_NORMAL_524,ACC_NORMAL_663,300.0,2026-04-12 12:00:00
TXN009539,ACC_NORMAL_767,ACC_NORMAL_978,9486.0,2026-07-15 03:00:00
TXN009540,ACC_NORMAL_736,ACC_NORMAL_482,8617.0,2026-07-17 11:00:00
TXN009541,ACC_NORMAL_235,ACC_NORMAL_262,1590.0,2026-06-13 01:00:00
TXN009542,ACC_NORMAL_184,ACC_NORMAL_967,8085.0,2026-05-09 08:00:00
TXN009543,ACC_NORMAL_259,ACC_NORMAL_830,2159.0,2026-05-07 04:00:00
TXN009544,ACC_NORMAL_207,ACC_NORMAL_608,5097.0,2026-06-09 04:00:00
TXN009545,ACC_NORMAL_899,ACC_NORMAL_288,8050.0,2026-06-30 20:00:00
TXN009546,ACC_NORMAL_338,ACC_NORMAL_349,4901.0,2026-07-16 17:00:00
TXN009547,ACC_NORMAL_17,ACC_NORMAL_807,8056.0,2026-03-24 22:00:00
TXN009548,ACC_NORMAL_787,ACC_NORMAL_482,8830.0,2026-07-10 00:00:00
TXN009549,ACC_NORMAL_996,ACC_NORMAL_972,9961.0,2026-03-21 15:00:00
TXN009550,ACC_NORMAL_851,ACC_NORMAL_822,5190.0,2026-04-16 10:00:00
TXN009551,ACC_NORMAL_811,ACC_NORMAL_22,9217.0,2026-07-13 07:00:00
TXN009552,ACC_NORMAL_58,ACC_NORMAL_945,1685.0,2026-04-20 22:00:00
TXN009553,ACC_NORMAL_982,ACC_NORMAL_616,8788.0,2026-05-01 07:00:00
TXN009554,ACC_NORMAL_668,ACC_NORMAL_565,2918.0,2026-06-19 17:00:00
TXN009555,ACC_NORMAL_487,ACC_NORMAL_897,645.0,2026-05-18 22:00:00
TXN009556,ACC_NORMAL_90,ACC_NORMAL_92,4178.0,2026-04-09 12:00:00
TXN009557,ACC_NORMAL_576,ACC_NORMAL_665,5580.0,2026-06-27 14:00:00
TXN009558,ACC_NORMAL_807,ACC_NORMAL_219,3437.0,2026-03-18 21:00:00
TXN009559,ACC_NORMAL_916,ACC_NORMAL_915,8156.0,2026-05-23 10:00:00
TXN009560,ACC_NORMAL_57,ACC_NORMAL_122,1276.0,2026-04-24 15:00:00
TXN009561,ACC_NORMAL_789,ACC_NORMAL_575,2321.0,2026-05-09 19:00:00
TXN009562,ACC_NORMAL_503,ACC_NORMAL_917,6836.0,2026-05-13 03:00:00
TXN009563,ACC_NORMAL_464,ACC_NORMAL_762,5888.0,2026-03-25 01:00:00
TXN009564,ACC_NORMAL_139,ACC_NORMAL_249,9550.0,2026-03-25 17:00:00
TXN009565,ACC_NORMAL_958,ACC_NORMAL_440,350.0,2026-07-03 03:00:00
TXN009566,ACC_NORMAL_274,ACC_NORMAL_17,5015.0,2026-07-26 18:00:00
TXN009567,ACC_NORMAL_976,ACC_NORMAL_259,6342.0,2026-04-16 22:00:00
TXN009568,ACC_NORMAL_637,ACC_NORMAL_290,2732.0,2026-03-24 07:00:00
TXN009569,ACC_NORMAL_917,ACC_NORMAL_813,6828.0,2026-07-12 14:00:00
TXN009570,ACC_NORMAL_663,ACC_NORMAL_971,4447.0,2026-06-12 18:00:00
TXN009571,ACC_NORMAL_201,ACC_NORMAL_544,4488.0,2026-06-26 09:00:00
TXN009572,ACC_NORMAL_128,ACC_NORMAL_403,8210.0,2026-03-26 05:00:00
TXN009573,ACC_NORMAL_878,ACC_NORMAL_499,8366.0,2026-03-23 20:00:00
TXN009574,ACC_NORMAL_220,ACC_NORMAL_608,4259.0,2026-07-20 14:00:00
TXN009575,ACC_NORMAL_201,ACC_NORMAL_738,4113.0,2026-07-22 01:00:00
TXN009576,ACC_NORMAL_142,ACC_NORMAL_817,3308.0,2026-07-17 17:00:00
TXN009577,ACC_NORMAL_63,ACC_NORMAL_404,1344.0,2026-07-28 03:00:00
TXN009578,ACC_NORMAL_356,ACC_NORMAL_748,4082.0,2026-07-22 20:00:00
TXN009579,ACC_NORMAL_931,ACC_NORMAL_39,8042.0,2026-07-06 03:00:00
TXN009580,ACC_NORMAL_926,ACC_NORMAL_182,3007.0,2026-05-19 01:00:00
TXN009581,ACC_NORMAL_169,ACC_NORMAL_956,1180.0,2026-06-27 09:00:00
TXN009582,ACC_NORMAL_760,ACC_NORMAL_671,5694.0,2026-06-08 03:00:00
TXN009583,ACC_NORMAL_132,ACC_NORMAL_245,517.0,2026-05-24 02:00:00
TXN009584,ACC_NORMAL_158,ACC_NORMAL_729,3463.0,2026-06-22 12:00:00
TXN009585,ACC_NORMAL_993,ACC_NORMAL_840,3416.0,2026-05-21 00:00:00
TXN009586,ACC_NORMAL_369,ACC_NORMAL_441,1910.0,2026-04-02 05:00:00
TXN009587,ACC_NORMAL_715,ACC_NORMAL_843,9051.0,2026-03-11 20:00:00
TXN009588,ACC_NORMAL_560,ACC_NORMAL_92,5583.0,2026-04-11 20:00:00
TXN009589,ACC_NORMAL_283,ACC_NORMAL_398,5038.0,2026-07-08 00:00:00
TXN009590,ACC_NORMAL_204,ACC_NORMAL_618,295.0,2026-03-15 18:00:00
TXN009591,ACC_NORMAL_452,ACC_NORMAL_806,2073.0,2026-07-17 16:00:00
TXN009592,ACC_NORMAL_936,ACC_NORMAL_265,2720.0,2026-03-07 15:00:00
TXN009593,ACC_NORMAL_174,ACC_NORMAL_167,4891.0,2026-06-18 17:00:00
TXN009594,ACC_NORMAL_849,ACC_NORMAL_514,6730.0,2026-06-26 16:00:00
TXN009595,ACC_NORMAL_490,ACC_NORMAL_574,5744.0,2026-05-11 18:00:00
TXN009596,ACC_NORMAL_206,ACC_NORMAL_213,1948.0,2026-03-13 16:00:00
TXN009597,ACC_NORMAL_521,ACC_NORMAL_391,1431.0,2026-06-30 08:00:00
TXN009598,ACC_NORMAL_264,ACC_NORMAL_734,169.0,2026-05-10 05:00:00
TXN009599,ACC_NORMAL_831,ACC_NORMAL_583,2655.0,2026-06-14 15:00:00
TXN009600,ACC_NORMAL_607,ACC_NORMAL_214,5855.0,2026-04-29 11:00:00
TXN009601,ACC_NORMAL_923,ACC_NORMAL_770,5452.0,2026-05-01 21:00:00
TXN009602,ACC_NORMAL_718,ACC_NORMAL_209,6135.0,2026-05-03 14:00:00
TXN009603,ACC_NORMAL_674,ACC_NORMAL_761,3758.0,2026-05-08 06:00:00
TXN009604,ACC_NORMAL_283,ACC_NORMAL_863,760.0,2026-07-06 18:00:00
TXN009605,ACC_NORMAL_799,ACC_NORMAL_378,4069.0,2026-04-23 18:00:00
TXN009606,ACC_NORMAL_743,ACC_NORMAL_819,6281.0,2026-07-22 14:00:00
TXN009607,ACC_NORMAL_202,ACC_NORMAL_62,2457.0,2026-04-04 21:00:00
TXN009608,ACC_NORMAL_835,ACC_NORMAL_746,8634.0,2026-05-07 00:00:00
TXN009609,ACC_NORMAL_669,ACC_NORMAL_889,2396.0,2026-03-11 01:00:00
TXN009610,ACC_NORMAL_773,ACC_NORMAL_453,9390.0,2026-07-24 09:00:00
TXN009611,ACC_NORMAL_140,ACC_NORMAL_248,3335.0,2026-05-18 11:00:00
TXN009612,ACC_NORMAL_477,ACC_NORMAL_525,2889.0,2026-03-29 16:00:00
TXN009613,ACC_NORMAL_274,ACC_NORMAL_256,2431.0,2026-06-19 05:00:00
TXN009614,ACC_NORMAL_510,ACC_NORMAL_844,7119.0,2026-06-14 05:00:00
TXN009615,ACC_NORMAL_66,ACC_NORMAL_716,9002.0,2026-03-06 17:00:00
TXN009616,ACC_NORMAL_957,ACC_NORMAL_476,6119.0,2026-07-15 07:00:00
TXN009617,ACC_NORMAL_278,ACC_NORMAL_9,7684.0,2026-03-14 12:00:00
TXN009618,ACC_NORMAL_349,ACC_NORMAL_90,9283.0,2026-05-26 10:00:00
TXN009619,ACC_NORMAL_425,ACC_NORMAL_970,8127.0,2026-06-05 21:00:00
TXN009620,ACC_NORMAL_311,ACC_NORMAL_20,6941.0,2026-03-17 19:00:00
TXN009621,ACC_NORMAL_904,ACC_NORMAL_44,3565.0,2026-04-09 02:00:00
TXN009622,ACC_NORMAL_592,ACC_NORMAL_521,8497.0,2026-05-04 21:00:00
TXN009623,ACC_NORMAL_299,ACC_NORMAL_916,8547.0,2026-03-06 23:00:00
TXN009624,ACC_NORMAL_390,ACC_NORMAL_245,4585.0,2026-06-11 05:00:00
TXN009625,ACC_NORMAL_173,ACC_NORMAL_706,4693.0,2026-07-15 09:00:00
TXN009626,ACC_NORMAL_284,ACC_NORMAL_646,268.0,2026-07-04 11:00:00
TXN009627,ACC_NORMAL_376,ACC_NORMAL_48,3183.0,2026-04-26 10:00:00
TXN009628,ACC_NORMAL_784,ACC_NORMAL_503,1327.0,2026-07-11 06:00:00
TXN009629,ACC_NORMAL_653,ACC_NORMAL_583,1454.0,2026-03-12 11:00:00
TXN009630,ACC_NORMAL_711,ACC_NORMAL_648,9932.0,2026-05-14 23:00:00
TXN009631,ACC_NORMAL_577,ACC_NORMAL_824,8315.0,2026-03-25 14:00:00
TXN009632,ACC_NORMAL_824,ACC_NORMAL_712,9629.0,2026-07-16 02:00:00
TXN009633,ACC_NORMAL_67,ACC_NORMAL_514,1860.0,2026-06-05 21:00:00
TXN009634,ACC_NORMAL_266,ACC_NORMAL_43,3617.0,2026-05-26 16:00:00
TXN009635,ACC_NORMAL_617,ACC_NORMAL_111,4145.0,2026-06-16 06:00:00
TXN009636,ACC_NORMAL_790,ACC_NORMAL_903,7200.0,2026-07-19 14:00:00
TXN009637,ACC_NORMAL_73,ACC_NORMAL_275,5868.0,2026-04-29 17:00:00
TXN009638,ACC_NORMAL_869,ACC_NORMAL_365,8540.0,2026-06-26 11:00:00
TXN009639,ACC_NORMAL_801,ACC_NORMAL_585,3062.0,2026-04-04 06:00:00
TXN009640,ACC_NORMAL_69,ACC_NORMAL_769,3183.0,2026-05-19 05:00:00
TXN009641,ACC_NORMAL_180,ACC_NORMAL_756,1115.0,2026-03-19 13:00:00
TXN009642,ACC_NORMAL_239,ACC_NORMAL_613,2580.0,2026-05-30 20:00:00
TXN009643,ACC_NORMAL_740,ACC_NORMAL_428,7585.0,2026-06-14 15:00:00
TXN009644,ACC_NORMAL_808,ACC_NORMAL_551,8495.0,2026-07-16 02:00:00
TXN009645,ACC_NORMAL_458,ACC_NORMAL_697,2002.0,2026-05-06 20:00:00
TXN009646,ACC_NORMAL_656,ACC_NORMAL_568,1677.0,2026-05-19 21:00:00
TXN009647,ACC_NORMAL_304,ACC_NORMAL_815,2706.0,2026-03-16 22:00:00
TXN009648,ACC_NORMAL_304,ACC_NORMAL_403,136.0,2026-07-24 17:00:00
TXN009649,ACC_NORMAL_561,ACC_NORMAL_902,9130.0,2026-06-12 12:00:00
TXN009650,ACC_NORMAL_748,ACC_NORMAL_379,6416.0,2026-04-28 21:00:00
TXN009651,ACC_NORMAL_751,ACC_NORMAL_135,5523.0,2026-06-10 04:00:00
TXN009652,ACC_NORMAL_596,ACC_NORMAL_840,5190.0,2026-03-11 01:00:00
TXN009653,ACC_NORMAL_433,ACC_NORMAL_731,6961.0,2026-03-19 03:00:00
TXN009654,ACC_NORMAL_24,ACC_NORMAL_171,8303.0,2026-07-14 10:00:00
TXN009655,ACC_NORMAL_631,ACC_NORMAL_931,6000.0,2026-06-06 17:00:00
TXN009656,ACC_NORMAL_200,ACC_NORMAL_492,8380.0,2026-05-12 11:00:00
TXN009657,ACC_NORMAL_106,ACC_NORMAL_390,8650.0,2026-06-14 16:00:00
TXN009658,ACC_NORMAL_473,ACC_NORMAL_650,1386.0,2026-07-05 03:00:00
TXN009659,ACC_NORMAL_873,ACC_NORMAL_49,3008.0,2026-07-10 12:00:00
TXN009660,ACC_NORMAL_168,ACC_NORMAL_588,8217.0,2026-05-14 23:00:00
TXN009661,ACC_NORMAL_487,ACC_NORMAL_525,5191.0,2026-04-17 14:00:00
TXN009662,ACC_NORMAL_656,ACC_NORMAL_15,4079.0,2026-03-31 22:00:00
TXN009663,ACC_NORMAL_57,ACC_NORMAL_532,7661.0,2026-03-29 12:00:00
TXN009664,ACC_NORMAL_211,ACC_NORMAL_866,4122.0,2026-07-21 12:00:00
TXN009665,ACC_NORMAL_637,ACC_NORMAL_284,8591.0,2026-07-02 10:00:00
TXN009666,ACC_NORMAL_530,ACC_NORMAL_165,5607.0,2026-04-03 16:00:00
TXN009667,ACC_NORMAL_67,ACC_NORMAL_787,8541.0,2026-04-14 09:00:00
TXN009668,ACC_NORMAL_895,ACC_NORMAL_915,3909.0,2026-04-07 12:00:00
TXN009669,ACC_NORMAL_698,ACC_NORMAL_735,6640.0,2026-05-01 10:00:00
TXN009670,ACC_NORMAL_790,ACC_NORMAL_68,1890.0,2026-03-27 12:00:00
TXN009671,ACC_NORMAL_873,ACC_NORMAL_938,8161.0,2026-07-24 11:00:00
TXN009672,ACC_NORMAL_135,ACC_NORMAL_851,8965.0,2026-03-17 15:00:00
TXN009673,ACC_NORMAL_326,ACC_NORMAL_964,9144.0,2026-05-21 23:00:00
TXN009674,ACC_NORMAL_604,ACC_NORMAL_860,6738.0,2026-07-01 20:00:00
TXN009675,ACC_NORMAL_818,ACC_NORMAL_735,8010.0,2026-07-22 13:00:00
TXN009676,ACC_NORMAL_511,ACC_NORMAL_750,8909.0,2026-06-25 04:00:00
TXN009677,ACC_NORMAL_884,ACC_NORMAL_434,9919.0,2026-03-08 10:00:00
TXN009678,ACC_NORMAL_517,ACC_NORMAL_271,2546.0,2026-04-16 21:00:00
TXN009679,ACC_NORMAL_205,ACC_NORMAL_278,8643.0,2026-07-03 18:00:00
TXN009680,ACC_NORMAL_234,ACC_NORMAL_273,1333.0,2026-05-18 18:00:00
TXN009681,ACC_NORMAL_542,ACC_NORMAL_900,9488.0,2026-07-16 11:00:00
TXN009682,ACC_NORMAL_925,ACC_NORMAL_835,3975.0,2026-07-11 12:00:00
TXN009683,ACC_NORMAL_779,ACC_NORMAL_239,7061.0,2026-07-11 11:00:00
TXN009684,ACC_NORMAL_496,ACC_NORMAL_731,2863.0,2026-05-27 04:00:00
TXN009685,ACC_NORMAL_21,ACC_NORMAL_709,4670.0,2026-04-04 00:00:00
TXN009686,ACC_NORMAL_487,ACC_NORMAL_295,8846.0,2026-06-10 09:00:00
TXN009687,ACC_NORMAL_501,ACC_NORMAL_244,2348.0,2026-05-31 16:00:00
TXN009688,ACC_NORMAL_684,ACC_NORMAL_53,6160.0,2026-07-18 13:00:00
TXN009689,ACC_NORMAL_909,ACC_NORMAL_977,1590.0,2026-03-24 07:00:00
TXN009690,ACC_NORMAL_922,ACC_NORMAL_564,2789.0,2026-06-01 13:00:00
TXN009691,ACC_NORMAL_34,ACC_NORMAL_606,2531.0,2026-04-06 18:00:00
TXN009692,ACC_NORMAL_549,ACC_NORMAL_468,3868.0,2026-03-25 12:00:00
TXN009693,ACC_NORMAL_113,ACC_NORMAL_344,8552.0,2026-05-31 23:00:00
TXN009694,ACC_NORMAL_256,ACC_NORMAL_420,4055.0,2026-04-05 18:00:00
TXN009695,ACC_NORMAL_242,ACC_NORMAL_607,5125.0,2026-06-25 07:00:00
TXN009696,ACC_NORMAL_364,ACC_NORMAL_705,1827.0,2026-07-09 15:00:00
TXN009697,ACC_NORMAL_65,ACC_NORMAL_303,5258.0,2026-05-31 08:00:00
TXN009698,ACC_NORMAL_588,ACC_NORMAL_114,8521.0,2026-06-04 18:00:00
TXN009699,ACC_NORMAL_819,ACC_NORMAL_130,1798.0,2026-07-03 23:00:00
TXN009700,ACC_NORMAL_802,ACC_NORMAL_495,4818.0,2026-07-05 11:00:00
TXN009701,ACC_NORMAL_901,ACC_NORMAL_603,1764.0,2026-04-07 00:00:00
TXN009702,ACC_NORMAL_644,ACC_NORMAL_196,5422.0,2026-06-13 05:00:00
TXN009703,ACC_NORMAL_78,ACC_NORMAL_488,2923.0,2026-05-04 03:00:00
TXN009704,ACC_NORMAL_758,ACC_NORMAL_964,8561.0,2026-07-23 21:00:00
TXN009705,ACC_NORMAL_676,ACC_NORMAL_83,8101.0,2026-04-14 06:00:00
TXN009706,ACC_NORMAL_369,ACC_NORMAL_881,3278.0,2026-07-22 05:00:00
TXN009707,ACC_NORMAL_430,ACC_NORMAL_90,4287.0,2026-04-18 02:00:00
TXN009708,ACC_NORMAL_632,ACC_NORMAL_122,6046.0,2026-07-13 01:00:00
TXN009709,ACC_NORMAL_455,ACC_NORMAL_273,3808.0,2026-03-18 04:00:00
TXN009710,ACC_NORMAL_422,ACC_NORMAL_855,7541.0,2026-04-22 06:00:00
TXN009711,ACC_NORMAL_932,ACC_NORMAL_44,9196.0,2026-03-26 04:00:00
TXN009712,ACC_NORMAL_275,ACC_NORMAL_135,7142.0,2026-07-19 11:00:00
TXN009713,ACC_NORMAL_742,ACC_NORMAL_94,4332.0,2026-07-11 02:00:00
TXN009714,ACC_NORMAL_385,ACC_NORMAL_856,9831.0,2026-03-09 18:00:00
TXN009715,ACC_NORMAL_585,ACC_NORMAL_204,8880.0,2026-06-14 17:00:00
TXN009716,ACC_NORMAL_532,ACC_NORMAL_489,608.0,2026-05-17 20:00:00
TXN009717,ACC_NORMAL_323,ACC_NORMAL_668,6291.0,2026-03-25 13:00:00
TXN009718,ACC_NORMAL_595,ACC_NORMAL_389,572.0,2026-04-15 02:00:00
TXN009719,ACC_NORMAL_143,ACC_NORMAL_834,4182.0,2026-05-26 08:00:00
TXN009720,ACC_NORMAL_281,ACC_NORMAL_954,332.0,2026-04-30 06:00:00
TXN009721,ACC_NORMAL_951,ACC_NORMAL_554,9859.0,2026-06-08 10:00:00
TXN009722,ACC_NORMAL_277,ACC_NORMAL_21,2946.0,2026-04-27 06:00:00
TXN009723,ACC_NORMAL_405,ACC_NORMAL_385,5079.0,2026-05-09 00:00:00
TXN009724,ACC_NORMAL_345,ACC_NORMAL_903,5693.0,2026-05-01 14:00:00
TXN009725,ACC_NORMAL_343,ACC_NORMAL_335,8595.0,2026-05-29 23:00:00
TXN009726,ACC_NORMAL_560,ACC_NORMAL_429,7606.0,2026-04-18 21:00:00
TXN009727,ACC_NORMAL_707,ACC_NORMAL_165,6533.0,2026-04-14 14:00:00
TXN009728,ACC_NORMAL_833,ACC_NORMAL_346,4440.0,2026-03-15 07:00:00
TXN009729,ACC_NORMAL_679,ACC_NORMAL_312,9888.0,2026-04-20 09:00:00
TXN009730,ACC_NORMAL_304,ACC_NORMAL_124,9392.0,2026-06-19 11:00:00
TXN009731,ACC_NORMAL_405,ACC_NORMAL_478,3951.0,2026-07-20 04:00:00
TXN009732,ACC_NORMAL_529,ACC_NORMAL_262,8927.0,2026-03-15 04:00:00
TXN009733,ACC_NORMAL_580,ACC_NORMAL_613,7558.0,2026-04-01 14:00:00
TXN009734,ACC_NORMAL_208,ACC_NORMAL_312,5288.0,2026-07-16 00:00:00
TXN009735,ACC_NORMAL_846,ACC_NORMAL_600,2957.0,2026-06-20 21:00:00
TXN009736,ACC_NORMAL_428,ACC_NORMAL_562,5248.0,2026-04-07 15:00:00
TXN009737,ACC_NORMAL_878,ACC_NORMAL_510,9122.0,2026-05-01 03:00:00
TXN009738,ACC_NORMAL_374,ACC_NORMAL_511,3131.0,2026-04-12 02:00:00
TXN009739,ACC_NORMAL_510,ACC_NORMAL_290,7895.0,2026-07-21 04:00:00
TXN009740,ACC_NORMAL_453,ACC_NORMAL_474,9505.0,2026-04-30 15:00:00
TXN009741,ACC_NORMAL_931,ACC_NORMAL_395,2300.0,2026-05-16 01:00:00
TXN009742,ACC_NORMAL_637,ACC_NORMAL_295,2873.0,2026-05-25 02:00:00
TXN009743,ACC_NORMAL_949,ACC_NORMAL_773,6734.0,2026-05-04 02:00:00
TXN009744,ACC_NORMAL_418,ACC_NORMAL_720,3877.0,2026-05-15 17:00:00
TXN009745,ACC_NORMAL_456,ACC_NORMAL_631,2059.0,2026-04-29 10:00:00
TXN009746,ACC_NORMAL_80,ACC_NORMAL_951,8785.0,2026-06-26 04:00:00
TXN009747,ACC_NORMAL_456,ACC_NORMAL_435,3381.0,2026-03-16 18:00:00
TXN009748,ACC_NORMAL_302,ACC_NORMAL_405,123.0,2026-04-30 06:00:00
TXN009749,ACC_NORMAL_380,ACC_NORMAL_438,4586.0,2026-07-02 12:00:00
TXN009750,ACC_NORMAL_33,ACC_NORMAL_869,509.0,2026-05-07 03:00:00
TXN009751,ACC_NORMAL_824,ACC_NORMAL_776,1986.0,2026-05-13 01:00:00
TXN009752,ACC_NORMAL_774,ACC_NORMAL_923,8397.0,2026-07-10 07:00:00
TXN009753,ACC_NORMAL_601,ACC_NORMAL_171,1075.0,2026-05-19 03:00:00
TXN009754,ACC_NORMAL_792,ACC_NORMAL_762,9308.0,2026-05-17 00:00:00
TXN009755,ACC_NORMAL_390,ACC_NORMAL_862,1278.0,2026-05-01 15:00:00
TXN009756,ACC_NORMAL_485,ACC_NORMAL_237,4401.0,2026-07-01 05:00:00
TXN009757,ACC_NORMAL_864,ACC_NORMAL_914,6658.0,2026-06-27 10:00:00
TXN009758,ACC_NORMAL_867,ACC_NORMAL_897,5504.0,2026-06-29 12:00:00
TXN009759,ACC_NORMAL_405,ACC_NORMAL_453,9162.0,2026-05-12 18:00:00
TXN009760,ACC_NORMAL_726,ACC_NORMAL_494,2766.0,2026-04-19 11:00:00
TXN009761,ACC_NORMAL_134,ACC_NORMAL_401,6845.0,2026-03-07 05:00:00
TXN009762,ACC_NORMAL_820,ACC_NORMAL_150,8758.0,2026-03-22 08:00:00
TXN009763,ACC_NORMAL_274,ACC_NORMAL_376,4728.0,2026-05-14 00:00:00
TXN009764,ACC_NORMAL_296,ACC_NORMAL_738,772.0,2026-05-22 15:00:00
TXN009765,ACC_NORMAL_707,ACC_NORMAL_372,9536.0,2026-04-11 02:00:00
TXN009766,ACC_NORMAL_233,ACC_NORMAL_526,9211.0,2026-06-13 04:00:00
TXN009767,ACC_NORMAL_783,ACC_NORMAL_944,4526.0,2026-03-10 22:00:00
TXN009768,ACC_NORMAL_448,ACC_NORMAL_275,760.0,2026-06-27 14:00:00
TXN009769,ACC_NORMAL_159,ACC_NORMAL_147,8200.0,2026-07-06 01:00:00
TXN009770,ACC_NORMAL_651,ACC_NORMAL_921,921.0,2026-07-15 08:00:00
TXN009771,ACC_NORMAL_411,ACC_NORMAL_278,5836.0,2026-04-27 10:00:00
TXN009772,ACC_NORMAL_837,ACC_NORMAL_615,5982.0,2026-03-15 21:00:00
TXN009773,ACC_NORMAL_672,ACC_NORMAL_228,3602.0,2026-03-09 04:00:00
TXN009774,ACC_NORMAL_953,ACC_NORMAL_382,5019.0,2026-03-13 22:00:00
TXN009775,ACC_NORMAL_60,ACC_NORMAL_964,728.0,2026-07-13 22:00:00
TXN009776,ACC_NORMAL_916,ACC_NORMAL_845,6575.0,2026-05-31 19:00:00
TXN009777,ACC_NORMAL_770,ACC_NORMAL_782,6859.0,2026-03-09 09:00:00
TXN009778,ACC_NORMAL_295,ACC_NORMAL_672,8530.0,2026-04-24 05:00:00
TXN009779,ACC_NORMAL_630,ACC_NORMAL_944,1256.0,2026-05-11 20:00:00
TXN009780,ACC_NORMAL_531,ACC_NORMAL_206,2962.0,2026-06-02 23:00:00
TXN009781,ACC_NORMAL_6,ACC_NORMAL_852,1997.0,2026-03-06 23:00:00
TXN009782,ACC_NORMAL_240,ACC_NORMAL_769,8252.0,2026-06-30 16:00:00
TXN009783,ACC_NORMAL_274,ACC_NORMAL_228,4229.0,2026-07-22 03:00:00
TXN009784,ACC_NORMAL_233,ACC_NORMAL_80,5598.0,2026-06-08 11:00:00
TXN009785,ACC_NORMAL_112,ACC_NORMAL_124,4355.0,2026-04-18 07:00:00
TXN009786,ACC_NORMAL_105,ACC_NORMAL_26,4732.0,2026-04-13 01:00:00
TXN009787,ACC_NORMAL_855,ACC_NORMAL_737,8089.0,2026-06-10 12:00:00
TXN009788,ACC_NORMAL_251,ACC_NORMAL_809,6935.0,2026-07-25 23:00:00
TXN009789,ACC_NORMAL_394,ACC_NORMAL_718,5865.0,2026-06-24 19:00:00
TXN009790,ACC_NORMAL_448,ACC_NORMAL_76,5268.0,2026-04-02 17:00:00
TXN009791,ACC_NORMAL_99,ACC_NORMAL_930,2494.0,2026-04-08 05:00:00
TXN009792,ACC_NORMAL_329,ACC_NORMAL_101,4287.0,2026-04-15 04:00:00
TXN009793,ACC_NORMAL_537,ACC_NORMAL_858,467.0,2026-04-15 19:00:00
TXN009794,ACC_NORMAL_879,ACC_NORMAL_532,2747.0,2026-03-15 08:00:00
TXN009795,ACC_NORMAL_72,ACC_NORMAL_207,6798.0,2026-03-15 18:00:00
TXN009796,ACC_NORMAL_227,ACC_NORMAL_516,9807.0,2026-07-13 23:00:00
TXN009797,ACC_NORMAL_513,ACC_NORMAL_508,2137.0,2026-05-18 06:00:00
TXN009798,ACC_NORMAL_68,ACC_NORMAL_625,876.0,2026-07-03 22:00:00
TXN009799,ACC_NORMAL_165,ACC_NORMAL_974,1657.0,2026-07-18 13:00:00
TXN009800,ACC_NORMAL_38,ACC_NORMAL_510,2376.0,2026-06-12 17:00:00
TXN009801,ACC_NORMAL_179,ACC_NORMAL_246,5982.0,2026-07-17 05:00:00
TXN009802,ACC_NORMAL_690,ACC_NORMAL_279,4850.0,2026-06-01 23:00:00
TXN009803,ACC_NORMAL_103,ACC_NORMAL_480,8767.0,2026-04-18 23:00:00
TXN009804,ACC_NORMAL_758,ACC_NORMAL_164,8754.0,2026-03-31 20:00:00
TXN009805,ACC_NORMAL_295,ACC_NORMAL_910,5252.0,2026-07-01 04:00:00
TXN009806,ACC_NORMAL_807,ACC_NORMAL_890,3925.0,2026-04-18 19:00:00
TXN009807,ACC_NORMAL_792,ACC_NORMAL_536,4460.0,2026-05-25 06:00:00
TXN009808,ACC_NORMAL_191,ACC_NORMAL_910,6949.0,2026-04-27 03:00:00
TXN009809,ACC_NORMAL_291,ACC_NORMAL_192,2186.0,2026-03-17 17:00:00
TXN009810,ACC_NORMAL_424,ACC_NORMAL_672,8387.0,2026-05-28 07:00:00
TXN009811,ACC_NORMAL_697,ACC_NORMAL_363,2718.0,2026-05-07 23:00:00
TXN009812,ACC_NORMAL_251,ACC_NORMAL_605,5459.0,2026-03-25 09:00:00
TXN009813,ACC_NORMAL_592,ACC_NORMAL_521,8826.0,2026-06-26 19:00:00
TXN009814,ACC_NORMAL_959,ACC_NORMAL_211,9013.0,2026-03-10 00:00:00
TXN009815,ACC_NORMAL_31,ACC_NORMAL_29,3071.0,2026-05-16 22:00:00
TXN009816,ACC_NORMAL_343,ACC_NORMAL_193,8325.0,2026-06-07 19:00:00
TXN009817,ACC_NORMAL_839,ACC_NORMAL_681,6275.0,2026-06-27 14:00:00
TXN009818,ACC_NORMAL_41,ACC_NORMAL_308,3765.0,2026-04-09 20:00:00
TXN009819,ACC_NORMAL_715,ACC_NORMAL_498,9169.0,2026-07-24 15:00:00
TXN009820,ACC_NORMAL_205,ACC_NORMAL_529,8033.0,2026-04-19 05:00:00
TXN009821,ACC_NORMAL_983,ACC_NORMAL_14,133.0,2026-07-24 18:00:00
TXN009822,ACC_NORMAL_771,ACC_NORMAL_253,5206.0,2026-04-06 07:00:00
TXN009823,ACC_NORMAL_271,ACC_NORMAL_251,373.0,2026-03-18 19:00:00
TXN009824,ACC_NORMAL_349,ACC_NORMAL_551,3759.0,2026-07-08 06:00:00
TXN009825,ACC_NORMAL_310,ACC_NORMAL_717,9935.0,2026-06-07 21:00:00
TXN009826,ACC_NORMAL_544,ACC_NORMAL_385,7754.0,2026-07-20 23:00:00
TXN009827,ACC_NORMAL_77,ACC_NORMAL_568,7699.0,2026-07-06 11:00:00
TXN009828,ACC_NORMAL_126,ACC_NORMAL_817,8066.0,2026-05-05 14:00:00
TXN009829,ACC_NORMAL_893,ACC_NORMAL_991,8018.0,2026-03-11 15:00:00
TXN009830,ACC_NORMAL_968,ACC_NORMAL_241,1044.0,2026-06-02 04:00:00
TXN009831,ACC_NORMAL_942,ACC_NORMAL_974,8342.0,2026-03-08 05:00:00
TXN009832,ACC_NORMAL_364,ACC_NORMAL_472,9193.0,2026-06-20 17:00:00
TXN009833,ACC_NORMAL_66,ACC_NORMAL_563,2908.0,2026-04-26 11:00:00
TXN009834,ACC_NORMAL_351,ACC_NORMAL_556,5336.0,2026-03-16 23:00:00
TXN009835,ACC_NORMAL_116,ACC_NORMAL_93,2150.0,2026-05-07 22:00:00
TXN009836,ACC_NORMAL_338,ACC_NORMAL_579,5154.0,2026-06-16 19:00:00
TXN009837,ACC_NORMAL_602,ACC_NORMAL_153,974.0,2026-04-26 15:00:00
TXN009838,ACC_NORMAL_115,ACC_NORMAL_424,5265.0,2026-04-19 13:00:00
TXN009839,ACC_NORMAL_143,ACC_NORMAL_693,3175.0,2026-03-24 08:00:00
TXN009840,ACC_NORMAL_276,ACC_NORMAL_765,2152.0,2026-04-24 23:00:00
TXN009841,ACC_NORMAL_368,ACC_NORMAL_158,9135.0,2026-05-12 10:00:00
TXN009842,ACC_NORMAL_682,ACC_NORMAL_240,9674.0,2026-07-05 06:00:00
TXN009843,ACC_NORMAL_898,ACC_NORMAL_691,9943.0,2026-06-11 17:00:00
TXN009844,ACC_NORMAL_679,ACC_NORMAL_290,9342.0,2026-07-16 22:00:00
TXN009845,ACC_NORMAL_537,ACC_NORMAL_879,8816.0,2026-03-08 15:00:00
TXN009846,ACC_NORMAL_658,ACC_NORMAL_96,3674.0,2026-03-20 12:00:00
TXN009847,ACC_NORMAL_174,ACC_NORMAL_333,5206.0,2026-07-09 09:00:00
TXN009848,ACC_NORMAL_820,ACC_NORMAL_472,3596.0,2026-04-29 17:00:00
TXN009849,ACC_NORMAL_175,ACC_NORMAL_816,7087.0,2026-05-05 17:00:00
TXN009850,ACC_NORMAL_776,ACC_NORMAL_929,2770.0,2026-03-23 04:00:00
TXN009851,ACC_NORMAL_617,ACC_NORMAL_517,7165.0,2026-03-06 01:00:00
TXN009852,ACC_NORMAL_725,ACC_NORMAL_7,6598.0,2026-03-18 08:00:00
TXN009853,ACC_NORMAL_931,ACC_NORMAL_616,5282.0,2026-06-29 07:00:00
TXN009854,ACC_NORMAL_24,ACC_NORMAL_48,7157.0,2026-07-06 22:00:00
TXN009855,ACC_NORMAL_535,ACC_NORMAL_50,3898.0,2026-03-12 06:00:00
TXN009856,ACC_NORMAL_364,ACC_NORMAL_903,1929.0,2026-07-23 11:00:00
TXN009857,ACC_NORMAL_554,ACC_NORMAL_464,7366.0,2026-03-21 14:00:00
TXN009858,ACC_NORMAL_678,ACC_NORMAL_871,6843.0,2026-04-04 21:00:00
TXN009859,ACC_NORMAL_815,ACC_NORMAL_740,5706.0,2026-05-15 15:00:00
TXN009860,ACC_NORMAL_3,ACC_NORMAL_420,2445.0,2026-03-14 17:00:00
TXN009861,ACC_NORMAL_448,ACC_NORMAL_184,4695.0,2026-07-06 03:00:00
TXN009862,ACC_NORMAL_748,ACC_NORMAL_27,8883.0,2026-06-01 01:00:00
TXN009863,ACC_NORMAL_601,ACC_NORMAL_856,5637.0,2026-05-06 19:00:00
TXN009864,ACC_NORMAL_440,ACC_NORMAL_997,5669.0,2026-03-31 15:00:00
TXN009865,ACC_NORMAL_890,ACC_NORMAL_17,4805.0,2026-06-24 04:00:00
TXN009866,ACC_NORMAL_704,ACC_NORMAL_638,9181.0,2026-06-11 18:00:00
TXN009867,ACC_NORMAL_423,ACC_NORMAL_320,8532.0,2026-06-29 07:00:00
TXN009868,ACC_NORMAL_380,ACC_NORMAL_971,1398.0,2026-07-11 22:00:00
TXN009869,ACC_NORMAL_616,ACC_NORMAL_666,1990.0,2026-07-06 16:00:00
TXN009870,ACC_NORMAL_152,ACC_NORMAL_511,8926.0,2026-05-29 22:00:00
TXN009871,ACC_NORMAL_708,ACC_NORMAL_106,4481.0,2026-03-24 03:00:00
TXN009872,ACC_NORMAL_665,ACC_NORMAL_667,2378.0,2026-06-30 18:00:00
TXN009873,ACC_NORMAL_826,ACC_NORMAL_991,312.0,2026-05-08 03:00:00
TXN009874,ACC_NORMAL_905,ACC_NORMAL_613,2244.0,2026-03-16 03:00:00
TXN009875,ACC_NORMAL_88,ACC_NORMAL_287,5223.0,2026-07-18 17:00:00
TXN009876,ACC_NORMAL_288,ACC_NORMAL_866,8881.0,2026-05-26 15:00:00
TXN009877,ACC_NORMAL_67,ACC_NORMAL_103,6592.0,2026-07-11 22:00:00
TXN009878,ACC_NORMAL_157,ACC_NORMAL_978,8859.0,2026-03-25 05:00:00
TXN009879,ACC_NORMAL_488,ACC_NORMAL_863,6810.0,2026-05-12 19:00:00
TXN009880,ACC_NORMAL_364,ACC_NORMAL_707,2190.0,2026-06-19 23:00:00
TXN009881,ACC_NORMAL_640,ACC_NORMAL_801,3397.0,2026-06-06 05:00:00
TXN009882,ACC_NORMAL_398,ACC_NORMAL_803,2851.0,2026-05-31 23:00:00
TXN009883,ACC_NORMAL_757,ACC_NORMAL_21,4856.0,2026-06-01 11:00:00
TXN009884,ACC_NORMAL_302,ACC_NORMAL_749,4822.0,2026-03-04 14:00:00
TXN009885,ACC_NORMAL_454,ACC_NORMAL_606,5535.0,2026-04-12 14:00:00
TXN009886,ACC_NORMAL_875,ACC_NORMAL_319,7343.0,2026-03-07 15:00:00
TXN009887,ACC_NORMAL_440,ACC_NORMAL_243,710.0,2026-05-13 14:00:00
TXN009888,ACC_NORMAL_559,ACC_NORMAL_685,9669.0,2026-07-26 21:00:00
TXN009889,ACC_NORMAL_849,ACC_NORMAL_415,5643.0,2026-03-13 05:00:00
TXN009890,ACC_NORMAL_111,ACC_NORMAL_92,9128.0,2026-05-06 18:00:00
TXN009891,ACC_NORMAL_521,ACC_NORMAL_694,2342.0,2026-04-05 12:00:00
TXN009892,ACC_NORMAL_133,ACC_NORMAL_287,2410.0,2026-04-06 05:00:00
TXN009893,ACC_NORMAL_10,ACC_NORMAL_934,9953.0,2026-04-26 05:00:00
TXN009894,ACC_NORMAL_549,ACC_NORMAL_674,4490.0,2026-05-25 03:00:00
TXN009895,ACC_NORMAL_678,ACC_NORMAL_310,2775.0,2026-03-14 18:00:00
TXN009896,ACC_NORMAL_171,ACC_NORMAL_78,9313.0,2026-07-24 12:00:00
TXN009897,ACC_NORMAL_188,ACC_NORMAL_486,7336.0,2026-06-18 06:00:00
TXN009898,ACC_NORMAL_437,ACC_NORMAL_13,2407.0,2026-03-22 14:00:00
TXN009899,ACC_NORMAL_215,ACC_NORMAL_833,8435.0,2026-07-15 15:00:00
TXN009900,ACC_NORMAL_716,ACC_NORMAL_746,9467.0,2026-05-12 07:00:00
TXN009901,ACC_NORMAL_781,ACC_NORMAL_954,147.0,2026-05-14 00:00:00
TXN009902,ACC_NORMAL_274,ACC_NORMAL_469,311.0,2026-03-23 22:00:00
TXN009903,ACC_NORMAL_116,ACC_NORMAL_398,2222.0,2026-06-28 04:00:00
TXN009904,ACC_NORMAL_128,ACC_NORMAL_991,3092.0,2026-05-25 21:00:00
TXN009905,ACC_NORMAL_193,ACC_NORMAL_611,2859.0,2026-07-17 10:00:00
TXN009906,ACC_NORMAL_13,ACC_NORMAL_897,769.0,2026-07-14 05:00:00
TXN009907,ACC_NORMAL_21,ACC_NORMAL_221,371.0,2026-05-13 22:00:00
TXN009908,ACC_NORMAL_763,ACC_NORMAL_112,2389.0,2026-05-01 13:00:00
TXN009909,ACC_NORMAL_390,ACC_NORMAL_165,4729.0,2026-03-23 22:00:00
TXN009910,ACC_NORMAL_953,ACC_NORMAL_909,9404.0,2026-06-13 10:00:00
TXN009911,ACC_NORMAL_711,ACC_NORMAL_257,817.0,2026-04-05 08:00:00
TXN009912,ACC_NORMAL_880,ACC_NORMAL_67,5652.0,2026-07-12 02:00:00
TXN009913,ACC_NORMAL_909,ACC_NORMAL_681,3683.0,2026-07-04 01:00:00
TXN009914,ACC_NORMAL_417,ACC_NORMAL_435,9675.0,2026-05-11 13:00:00
TXN009915,ACC_NORMAL_331,ACC_NORMAL_369,3223.0,2026-06-13 00:00:00
TXN009916,ACC_NORMAL_554,ACC_NORMAL_810,2918.0,2026-05-26 08:00:00
TXN009917,ACC_NORMAL_850,ACC_NORMAL_498,9351.0,2026-03-19 20:00:00
TXN009918,ACC_NORMAL_284,ACC_NORMAL_346,4826.0,2026-04-08 02:00:00
TXN009919,ACC_NORMAL_776,ACC_NORMAL_277,2969.0,2026-06-25 19:00:00
TXN009920,ACC_NORMAL_106,ACC_NORMAL_716,9511.0,2026-06-09 11:00:00
TXN009921,ACC_NORMAL_407,ACC_NORMAL_820,7806.0,2026-03-19 11:00:00
TXN009922,ACC_NORMAL_653,ACC_NORMAL_786,831.0,2026-07-08 04:00:00
TXN009923,ACC_NORMAL_419,ACC_NORMAL_242,8041.0,2026-04-22 12:00:00
TXN009924,ACC_NORMAL_512,ACC_NORMAL_348,4999.0,2026-06-24 08:00:00
TXN009925,ACC_NORMAL_473,ACC_NORMAL_995,1796.0,2026-03-12 21:00:00
TXN009926,ACC_NORMAL_974,ACC_NORMAL_800,8959.0,2026-04-07 16:00:00
TXN009927,ACC_NORMAL_799,ACC_NORMAL_523,6529.0,2026-04-07 07:00:00
TXN009928,ACC_NORMAL_495,ACC_NORMAL_704,6603.0,2026-06-09 02:00:00
TXN009929,ACC_NORMAL_472,ACC_NORMAL_425,3833.0,2026-05-08 09:00:00
TXN009930,ACC_NORMAL_688,ACC_NORMAL_711,8639.0,2026-04-13 04:00:00
TXN009931,ACC_NORMAL_120,ACC_NORMAL_551,7244.0,2026-06-06 16:00:00
TXN009932,ACC_NORMAL_79,ACC_NORMAL_637,7422.0,2026-03-31 04:00:00
TXN009933,ACC_NORMAL_436,ACC_NORMAL_490,9298.0,2026-06-22 05:00:00
TXN009934,ACC_NORMAL_737,ACC_NORMAL_613,3835.0,2026-06-04 05:00:00
TXN009935,ACC_NORMAL_606,ACC_NORMAL_80,3073.0,2026-04-18 20:00:00
TXN009936,ACC_NORMAL_970,ACC_NORMAL_625,2594.0,2026-05-21 04:00:00
TXN009937,ACC_NORMAL_541,ACC_NORMAL_523,5484.0,2026-04-28 01:00:00
TXN009938,ACC_NORMAL_915,ACC_NORMAL_892,5273.0,2026-03-06 06:00:00
TXN009939,ACC_NORMAL_469,ACC_NORMAL_992,8212.0,2026-03-24 20:00:00
TXN009940,ACC_NORMAL_375,ACC_NORMAL_614,3904.0,2026-07-12 05:00:00
TXN009941,ACC_NORMAL_765,ACC_NORMAL_204,7055.0,2026-06-09 03:00:00
TXN009942,ACC_NORMAL_127,ACC_NORMAL_730,549.0,2026-04-26 21:00:00
TXN009943,ACC_NORMAL_957,ACC_NORMAL_545,7883.0,2026-07-25 05:00:00
TXN009944,ACC_NORMAL_53,ACC_NORMAL_73,149.0,2026-07-14 08:00:00
TXN009945,ACC_NORMAL_303,ACC_NORMAL_755,4946.0,2026-04-03 07:00:00
TXN009946,ACC_NORMAL_250,ACC_NORMAL_676,4189.0,2026-05-07 00:00:00
TXN009947,ACC_NORMAL_489,ACC_NORMAL_531,7841.0,2026-04-08 06:00:00
TXN009948,ACC_NORMAL_776,ACC_NORMAL_690,7018.0,2026-07-11 04:00:00
TXN009949,ACC_NORMAL_878,ACC_NORMAL_802,9101.0,2026-06-21 07:00:00
TXN009950,ACC_NORMAL_256,ACC_NORMAL_871,9259.0,2026-04-15 21:00:00
TXN009951,ACC_NORMAL_890,ACC_NORMAL_310,9906.0,2026-05-05 19:00:00
TXN009952,ACC_NORMAL_422,ACC_NORMAL_794,9864.0,2026-05-26 17:00:00
TXN009953,ACC_NORMAL_790,ACC_NORMAL_399,1328.0,2026-04-22 07:00:00
TXN009954,ACC_NORMAL_249,ACC_NORMAL_1000,4993.0,2026-03-13 10:00:00
TXN009955,ACC_NORMAL_982,ACC_NORMAL_630,6420.0,2026-04-12 06:00:00
TXN009956,ACC_NORMAL_805,ACC_NORMAL_202,6639.0,2026-05-18 08:00:00
TXN009957,ACC_NORMAL_658,ACC_NORMAL_893,7321.0,2026-06-13 07:00:00
TXN009958,ACC_NORMAL_389,ACC_NORMAL_433,4160.0,2026-06-02 06:00:00
TXN009959,ACC_NORMAL_847,ACC_NORMAL_267,3072.0,2026-05-01 11:00:00
TXN009960,ACC_NORMAL_143,ACC_NORMAL_711,3485.0,2026-04-28 01:00:00
TXN009961,ACC_NORMAL_116,ACC_NORMAL_391,8096.0,2026-06-06 06:00:00
TXN009962,ACC_NORMAL_736,ACC_NORMAL_812,2031.0,2026-05-17 11:00:00
TXN009963,ACC_NORMAL_335,ACC_NORMAL_2,213.0,2026-05-07 06:00:00
TXN009964,ACC_NORMAL_40,ACC_NORMAL_202,9175.0,2026-05-24 20:00:00
TXN009965,ACC_NORMAL_288,ACC_NORMAL_315,9831.0,2026-06-08 04:00:00
TXN009966,ACC_NORMAL_98,ACC_NORMAL_792,2739.0,2026-06-29 13:00:00
TXN009967,ACC_NORMAL_698,ACC_NORMAL_513,2826.0,2026-07-12 04:00:00
TXN009968,ACC_NORMAL_892,ACC_NORMAL_895,893.0,2026-03-22 10:00:00
TXN009969,ACC_NORMAL_392,ACC_NORMAL_619,8447.0,2026-07-15 22:00:00
TXN009970,ACC_NORMAL_610,ACC_NORMAL_298,2509.0,2026-04-27 02:00:00
TXN009971,ACC_NORMAL_113,ACC_NORMAL_420,2947.0,2026-06-10 21:00:00
TXN009972,ACC_NORMAL_856,ACC_NORMAL_892,6631.0,2026-03-30 04:00:00
TXN009973,ACC_NORMAL_449,ACC_NORMAL_862,5309.0,2026-04-01 14:00:00
TXN009974,ACC_NORMAL_306,ACC_NORMAL_908,405.0,2026-07-21 12:00:00
TXN009975,ACC_NORMAL_941,ACC_NORMAL_353,7396.0,2026-07-12 13:00:00
TXN009976,ACC_NORMAL_653,ACC_NORMAL_611,9173.0,2026-06-07 20:00:00
TXN009977,ACC_NORMAL_794,ACC_NORMAL_997,1977.0,2026-03-26 09:00:00
TXN009978,ACC_NORMAL_220,ACC_NORMAL_37,9734.0,2026-03-25 01:00:00
TXN009979,ACC_NORMAL_904,ACC_NORMAL_575,1486.0,2026-07-13 04:00:00
TXN009980,ACC_NORMAL_476,ACC_NORMAL_30,9492.0,2026-05-05 13:00:00
TXN009981,ACC_NORMAL_102,ACC_NORMAL_325,1274.0,2026-03-22 19:00:00
TXN009982,ACC_NORMAL_446,ACC_NORMAL_662,2916.0,2026-06-19 05:00:00
TXN009983,ACC_NORMAL_185,ACC_NORMAL_939,2388.0,2026-04-28 18:00:00
TXN009984,ACC_NORMAL_511,ACC_NORMAL_892,4967.0,2026-03-18 10:00:00
TXN009985,ACC_NORMAL_656,ACC_NORMAL_644,8618.0,2026-07-06 19:00:00
TXN009986,ACC_NORMAL_211,ACC_NORMAL_173,5045.0,2026-04-24 01:00:00
TXN009987,ACC_NORMAL_373,ACC_NORMAL_265,4104.0,2026-03-23 03:00:00
TXN009988,ACC_NORMAL_457,ACC_NORMAL_566,9004.0,2026-07-21 02:00:00
TXN009989,ACC_NORMAL_965,ACC_NORMAL_937,4119.0,2026-07-20 14:00:00
TXN009990,ACC_NORMAL_184,ACC_NORMAL_732,1202.0,2026-04-27 16:00:00
TXN009991,ACC_NORMAL_235,ACC_NORMAL_270,6919.0,2026-03-30 06:00:00
TXN009992,ACC_NORMAL_946,ACC_NORMAL_893,8235.0,2026-04-29 00:00:00
TXN009993,ACC_NORMAL_781,ACC_NORMAL_873,2530.0,2026-03-19 17:00:00
TXN009994,ACC_NORMAL_264,ACC_NORMAL_142,4027.0,2026-06-02 14:00:00
TXN009995,ACC_NORMAL_51,ACC_NORMAL_129,2688.0,2026-07-19 02:00:00
TXN009996,ACC_NORMAL_469,ACC_NORMAL_746,365.0,2026-03-20 22:00:00
TXN009997,ACC_NORMAL_613,ACC_NORMAL_690,9576.0,2026-05-21 01:00:00
TXN009998,ACC_NORMAL_959,ACC_NORMAL_180,9526.0,2026-05-17 20:00:00
TXN009999,ACC_NORMAL_25,ACC_NORMAL_885,2157.0,2026-04-05 00:00:00
TXN010000,ACC_NORMAL_810,ACC_NORMAL_819,1521.0,2026-04-12 05:00:00
